Time               	Data
19:31:39.140       	00 00 00 00 1e 00 00 00 14 00 00 00 14 00 00 00 ff ff 00 00 01 01 00 00 3b 9f 96 80 3f c7 83 80 31 e0 73 f6 21 13 67 56 07 58 e0 24 04 10
19:31:39.291       	00 00 06 00 0d 00 00 00 14 00 00 00 14 00 00 00 ff ff 00 00 00 01 00 00 80 7c 04 00 09
19:31:39.364       	00 00 00 00 09 00 00 00 14 00 00 00 14 00 00 00 ff ff 00 00 01 01 00 00 7c
19:31:39.364       	00 00 00 00 11 00 00 00 14 00 00 00 14 00 00 00 ff ff 00 00 00 01 00 00 80 01 02 90 01 01 91 01 02
19:31:39.370       	00 00 00 00 0a 00 00 00 14 00 00 00 14 00 00 00 ff ff 00 00 01 01 00 00 61 0a
19:31:39.370       	00 00 00 00 0d 00 00 00 14 00 00 00 14 00 00 00 ff ff 00 00 00 01 00 00 00 c0 00 00 0a
19:31:39.370       	00 00 00 00 09 00 00 00 14 00 00 00 14 00 00 00 ff ff 00 00 01 01 00 00 c0
19:31:39.371       	00 00 00 00 12 00 00 00 14 00 00 00 14 00 00 00 ff ff 00 00 01 01 00 00 80 01 02 90 02 01 01 91 01 02
19:31:39.371       	00 00 00 00 0a 00 00 00 14 00 00 00 14 00 00 00 ff ff 00 00 01 01 00 00 90 00
19:31:39.372       	00 00 06 00 0d 00 00 00 14 00 00 00 14 00 00 00 ff ff 00 00 00 01 00 00 00 a4 00 04 02
19:31:39.372       	00 00 82 f3 09 00 00 00 14 00 00 00 14 00 00 00 ff ff 00 00 01 01 00 00 a4
19:31:39.373       	00 00 82 f3 0a 00 00 00 14 00 00 00 14 00 00 00 ff ff 00 00 00 01 00 00 3f 00
19:31:39.377       	00 00 82 f3 0a 00 00 00 14 00 00 00 14 00 00 00 ff ff 00 00 01 01 00 00 61 2a
19:31:39.377       	00 00 82 f3 0d 00 00 00 14 00 00 00 14 00 00 00 ff ff 00 00 00 01 00 00 00 c0 00 00 2a
19:31:39.378       	00 00 82 f3 09 00 00 00 14 00 00 00 14 00 00 00 ff ff 00 00 01 01 00 00 c0
19:31:39.380       	00 00 00 00 32 00 00 00 14 00 00 00 14 00 00 00 ff ff 00 00 01 01 00 00 62 28 82 02 78 21 83 02 3f 00 a5 06 80 01 71 87 01 01 8a 01 05 ab 0b 80 01 87 a4 06 83 01 0a 95 01 08 c6 06 90 01 00 83 01 01
19:31:39.380       	00 00 5e 4d 0a 00 00 00 14 00 00 00 14 00 00 00 ff ff 00 00 01 01 00 00 90 00
19:31:39.380       	00 00 5e 4d 0d 00 00 00 14 00 00 00 14 00 00 00 ff ff 00 00 00 01 00 00 80 10 00 00 1e
19:31:39.381       	00 00 68 a1 09 00 00 00 14 00 00 00 14 00 00 00 ff ff 00 00 01 01 00 00 10
19:31:39.381       	00 00 68 a1 26 00 00 00 14 00 00 00 14 00 00 00 ff ff 00 00 00 01 00 00 00 00 80 00 00 00 00 00 00 00 00 00 00 00 00 00 00 00 00 00 00 00 00 00 00 00 00 00 00 00
19:31:39.478       	00 00 a2 fc 0a 00 00 00 14 00 00 00 14 00 00 00 ff ff 00 00 01 01 00 00 90 00
19:31:39.479       	00 00 a2 fc 0d 00 00 00 14 00 00 00 14 00 00 00 ff ff 00 00 00 01 00 00 80 7c 00 02 00
19:31:39.480       	00 00 a2 fc 0a 00 00 00 14 00 00 00 14 00 00 00 ff ff 00 00 01 01 00 00 90 00
19:31:39.480       	00 00 a2 fc 0d 00 00 00 14 00 00 00 14 00 00 00 ff ff 00 00 00 01 02 00 00 a4 00 04 02
19:31:39.481       	00 00 a2 fc 09 00 00 00 14 00 00 00 14 00 00 00 ff ff 00 00 01 01 02 00 a4
19:31:39.482       	00 00 a2 fc 0a 00 00 00 14 00 00 00 14 00 00 00 ff ff 00 00 00 01 02 00 3f 00
19:31:39.482       	00 00 a2 fc 0a 00 00 00 14 00 00 00 14 00 00 00 ff ff 00 00 01 01 02 00 61 2a
19:31:39.483       	00 00 a2 fc 0d 00 00 00 14 00 00 00 14 00 00 00 ff ff 00 00 00 01 02 00 00 c0 00 00 2a
19:31:39.483       	00 00 a2 fc 09 00 00 00 14 00 00 00 14 00 00 00 ff ff 00 00 01 01 02 00 c0
19:31:39.485       	00 00 00 00 32 00 00 00 14 00 00 00 14 00 00 00 ff ff 00 00 01 01 02 00 62 28 82 02 78 21 83 02 3f 00 a5 06 80 01 71 87 01 01 8a 01 05 ab 0b 80 01 87 a4 06 83 01 0a 95 01 08 c6 06 90 01 00 83 01 01
19:31:39.485       	00 00 a2 fc 0a 00 00 00 14 00 00 00 14 00 00 00 ff ff 00 00 01 01 02 00 90 00
19:31:39.486       	00 00 a2 fc 0d 00 00 00 14 00 00 00 14 00 00 00 ff ff 00 00 00 01 02 00 80 aa 00 00 08
19:31:39.486       	00 00 a2 fc 09 00 00 00 14 00 00 00 14 00 00 00 ff ff 00 00 01 01 02 00 aa
19:31:39.487       	00 00 a2 fc 10 00 00 00 14 00 00 00 14 00 00 00 ff ff 00 00 00 01 02 00 a9 06 82 01 01 83 01 07
19:31:39.492       	00 00 a2 fc 0a 00 00 00 14 00 00 00 14 00 00 00 ff ff 00 00 01 01 02 00 90 00
19:31:39.492       	00 00 a2 fc 0d 00 00 00 14 00 00 00 14 00 00 00 ff ff 00 00 00 01 02 00 00 a4 08 04 02
19:31:39.493       	00 00 a2 fc 09 00 00 00 14 00 00 00 14 00 00 00 ff ff 00 00 01 01 02 00 a4
19:31:39.493       	00 00 a2 fc 0a 00 00 00 14 00 00 00 14 00 00 00 ff ff 00 00 00 01 02 00 2f e2
19:31:39.494       	00 00 a2 fc 0a 00 00 00 14 00 00 00 14 00 00 00 ff ff 00 00 01 01 02 00 6a 82
19:31:39.495       	00 00 a2 fc 0d 00 00 00 14 00 00 00 14 00 00 00 ff ff 00 00 00 01 02 00 00 a4 00 04 02
19:31:39.495       	00 00 a2 fc 09 00 00 00 14 00 00 00 14 00 00 00 ff ff 00 00 01 01 02 00 a4
19:31:39.496       	00 00 a2 fc 0a 00 00 00 14 00 00 00 14 00 00 00 ff ff 00 00 00 01 02 00 3f 00
19:31:39.496       	00 00 a2 fc 0a 00 00 00 14 00 00 00 14 00 00 00 ff ff 00 00 01 01 02 00 61 2a
19:31:39.497       	00 00 a2 fc 0d 00 00 00 14 00 00 00 14 00 00 00 ff ff 00 00 00 01 02 00 00 c0 00 00 2a
19:31:39.497       	00 00 a2 fc 09 00 00 00 14 00 00 00 14 00 00 00 ff ff 00 00 01 01 02 00 c0
19:31:39.499       	00 00 00 00 32 00 00 00 14 00 00 00 14 00 00 00 ff ff 00 00 01 01 02 00 62 28 82 02 78 21 83 02 3f 00 a5 06 80 01 71 87 01 01 8a 01 05 ab 0b 80 01 87 a4 06 83 01 0a 95 01 08 c6 06 90 01 00 83 01 01
19:31:39.499       	00 00 a2 fc 0a 00 00 00 14 00 00 00 14 00 00 00 ff ff 00 00 01 01 02 00 90 00
19:31:39.500       	00 00 a2 fc 0d 00 00 00 14 00 00 00 14 00 00 00 ff ff 00 00 00 01 02 00 00 a4 00 04 02
19:31:39.500       	00 00 a2 fc 09 00 00 00 14 00 00 00 14 00 00 00 ff ff 00 00 01 01 02 00 a4
19:31:39.501       	00 00 a2 fc 0a 00 00 00 14 00 00 00 14 00 00 00 ff ff 00 00 00 01 02 00 2f e2
19:31:39.501       	00 00 a2 fc 0a 00 00 00 14 00 00 00 14 00 00 00 ff ff 00 00 01 01 02 00 6a 82
19:31:39.502       	00 00 a2 fc 0d 00 00 00 14 00 00 00 14 00 00 00 ff ff 00 00 00 01 02 00 00 a4 00 04 02
19:31:39.503       	00 00 a2 fc 09 00 00 00 14 00 00 00 14 00 00 00 ff ff 00 00 01 01 02 00 a4
19:31:39.503       	00 00 a2 fc 0a 00 00 00 14 00 00 00 14 00 00 00 ff ff 00 00 00 01 02 00 3f 00
19:31:39.503       	00 00 a2 fc 0a 00 00 00 14 00 00 00 14 00 00 00 ff ff 00 00 01 01 02 00 61 2a
19:31:39.504       	00 00 a2 fc 0d 00 00 00 14 00 00 00 14 00 00 00 ff ff 00 00 00 01 02 00 00 c0 00 00 2a
19:31:39.504       	00 00 a2 fc 09 00 00 00 14 00 00 00 14 00 00 00 ff ff 00 00 01 01 02 00 c0
19:31:39.507       	00 00 00 00 32 00 00 00 14 00 00 00 14 00 00 00 ff ff 00 00 01 01 02 00 62 28 82 02 78 21 83 02 3f 00 a5 06 80 01 71 87 01 01 8a 01 05 ab 0b 80 01 87 a4 06 83 01 0a 95 01 08 c6 06 90 01 00 83 01 01
19:31:39.507       	00 00 a2 fc 0a 00 00 00 14 00 00 00 14 00 00 00 ff ff 00 00 01 01 02 00 90 00
19:31:39.507       	00 00 a2 fc 0d 00 00 00 14 00 00 00 14 00 00 00 ff ff 00 00 00 01 02 00 00 b0 82 00 0a
19:31:39.508       	00 00 a2 fc 0a 00 00 00 14 00 00 00 14 00 00 00 ff ff 00 00 01 01 02 00 6a 82
19:31:39.509       	00 00 a2 fc 0d 00 00 00 14 00 00 00 14 00 00 00 ff ff 00 00 00 01 02 00 00 b0 82 00 0a
19:31:39.509       	00 00 a2 fc 0a 00 00 00 14 00 00 00 14 00 00 00 ff ff 00 00 01 01 02 00 6a 82
19:31:39.510       	00 00 a2 fc 0d 00 00 00 14 00 00 00 14 00 00 00 ff ff 00 00 00 01 02 00 00 a4 08 04 02
19:31:39.511       	00 00 a2 fc 09 00 00 00 14 00 00 00 14 00 00 00 ff ff 00 00 01 01 02 00 a4
19:31:39.511       	00 00 a2 fc 0a 00 00 00 14 00 00 00 14 00 00 00 ff ff 00 00 00 01 02 00 2f 05
19:31:39.512       	00 00 a2 fc 0a 00 00 00 14 00 00 00 14 00 00 00 ff ff 00 00 01 01 02 00 6a 82
19:31:39.512       	00 00 a2 fc 0d 00 00 00 14 00 00 00 14 00 00 00 ff ff 00 00 00 01 02 00 00 a4 00 04 02
19:31:39.513       	00 00 a2 fc 09 00 00 00 14 00 00 00 14 00 00 00 ff ff 00 00 01 01 02 00 a4
19:31:39.513       	00 00 a2 fc 0a 00 00 00 14 00 00 00 14 00 00 00 ff ff 00 00 00 01 02 00 3f 00
19:31:39.514       	00 00 a2 fc 0a 00 00 00 14 00 00 00 14 00 00 00 ff ff 00 00 01 01 02 00 61 2a
19:31:39.514       	00 00 a2 fc 0d 00 00 00 14 00 00 00 14 00 00 00 ff ff 00 00 00 01 02 00 00 c0 00 00 2a
19:31:39.515       	00 00 a2 fc 09 00 00 00 14 00 00 00 14 00 00 00 ff ff 00 00 01 01 02 00 c0
19:31:39.517       	00 00 00 00 32 00 00 00 14 00 00 00 14 00 00 00 ff ff 00 00 01 01 02 00 62 28 82 02 78 21 83 02 3f 00 a5 06 80 01 71 87 01 01 8a 01 05 ab 0b 80 01 87 a4 06 83 01 0a 95 01 08 c6 06 90 01 00 83 01 01
19:31:39.517       	00 00 a2 fc 0a 00 00 00 14 00 00 00 14 00 00 00 ff ff 00 00 01 01 02 00 90 00
19:31:39.518       	00 00 a2 fc 0d 00 00 00 14 00 00 00 14 00 00 00 ff ff 00 00 00 01 02 00 00 a4 00 04 02
19:31:39.518       	00 00 a2 fc 09 00 00 00 14 00 00 00 14 00 00 00 ff ff 00 00 01 01 02 00 a4
19:31:39.519       	00 00 a2 fc 0a 00 00 00 14 00 00 00 14 00 00 00 ff ff 00 00 00 01 02 00 2f 05
19:31:39.519       	00 00 a2 fc 0a 00 00 00 14 00 00 00 14 00 00 00 ff ff 00 00 01 01 02 00 6a 82
19:31:39.520       	00 00 a2 fc 0d 00 00 00 14 00 00 00 14 00 00 00 ff ff 00 00 00 01 02 00 80 10 00 00 1e
19:31:39.520       	00 00 a2 fc 09 00 00 00 14 00 00 00 14 00 00 00 ff ff 00 00 01 01 02 00 10
19:31:39.521       	00 00 a2 fc 26 00 00 00 14 00 00 00 14 00 00 00 ff ff 00 00 00 01 02 00 ff ff ff ff 5f dd 00 df ff 03 02 1f e2 00 00 00 c3 c9 00 00 00 00 40 00 50 00 00 00 00 08
19:31:39.627       	00 00 a2 fc 0a 00 00 00 14 00 00 00 14 00 00 00 ff ff 00 00 01 01 02 00 91 0f
19:31:39.628       	00 00 a2 fc 0d 00 00 00 14 00 00 00 14 00 00 00 ff ff 00 00 00 01 02 00 00 a4 08 04 02
19:31:39.628       	00 00 a2 fc 09 00 00 00 14 00 00 00 14 00 00 00 ff ff 00 00 01 01 02 00 a4
19:31:39.629       	00 00 a2 fc 0a 00 00 00 14 00 00 00 14 00 00 00 ff ff 00 00 00 01 02 00 2f 00
19:31:39.629       	00 00 a2 fc 0a 00 00 00 14 00 00 00 14 00 00 00 ff ff 00 00 01 01 02 00 6a 82
19:31:39.630       	00 00 a2 fc 0d 00 00 00 14 00 00 00 14 00 00 00 ff ff 00 00 00 01 02 00 00 a4 00 04 02
19:31:39.630       	00 00 a2 fc 09 00 00 00 14 00 00 00 14 00 00 00 ff ff 00 00 01 01 02 00 a4
19:31:39.631       	00 00 a2 fc 0a 00 00 00 14 00 00 00 14 00 00 00 ff ff 00 00 00 01 02 00 3f 00
19:31:39.631       	00 00 a2 fc 0a 00 00 00 14 00 00 00 14 00 00 00 ff ff 00 00 01 01 02 00 61 2a
19:31:39.632       	00 00 a2 fc 0d 00 00 00 14 00 00 00 14 00 00 00 ff ff 00 00 00 01 02 00 00 c0 00 00 2a
19:31:39.632       	00 00 a2 fc 09 00 00 00 14 00 00 00 14 00 00 00 ff ff 00 00 01 01 02 00 c0
19:31:39.634       	00 00 00 00 32 00 00 00 14 00 00 00 14 00 00 00 ff ff 00 00 01 01 02 00 62 28 82 02 78 21 83 02 3f 00 a5 06 80 01 71 87 01 01 8a 01 05 ab 0b 80 01 87 a4 06 83 01 0a 95 01 08 c6 06 90 01 00 83 01 01
19:31:39.634       	00 00 a2 fc 0a 00 00 00 14 00 00 00 14 00 00 00 ff ff 00 00 01 01 02 00 91 0f
19:31:39.635       	00 00 a2 fc 0d 00 00 00 14 00 00 00 14 00 00 00 ff ff 00 00 00 01 02 00 00 a4 00 04 02
19:31:39.635       	00 00 a2 fc 09 00 00 00 14 00 00 00 14 00 00 00 ff ff 00 00 01 01 02 00 a4
19:31:39.636       	00 00 a2 fc 0a 00 00 00 14 00 00 00 14 00 00 00 ff ff 00 00 00 01 02 00 2f 00
19:31:39.637       	00 00 a2 fc 0a 00 00 00 14 00 00 00 14 00 00 00 ff ff 00 00 01 01 02 00 6a 82
19:31:44.127       	00 00 49 5f 0d 00 00 00 14 00 00 00 14 00 00 00 ff ff 00 00 00 01 02 00 00 a4 08 04 02
19:31:44.127       	00 00 49 5f 09 00 00 00 14 00 00 00 14 00 00 00 ff ff 00 00 01 01 02 00 a4
19:31:44.128       	00 00 49 5f 0a 00 00 00 14 00 00 00 14 00 00 00 ff ff 00 00 00 01 02 00 2f e2
19:31:44.128       	00 00 49 5f 0a 00 00 00 14 00 00 00 14 00 00 00 ff ff 00 00 01 01 02 00 6a 82
19:31:44.129       	00 00 49 5f 0d 00 00 00 14 00 00 00 14 00 00 00 ff ff 00 00 00 01 02 00 00 a4 00 04 02
19:31:44.130       	00 00 49 5f 09 00 00 00 14 00 00 00 14 00 00 00 ff ff 00 00 01 01 02 00 a4
19:31:44.130       	00 00 49 5f 0a 00 00 00 14 00 00 00 14 00 00 00 ff ff 00 00 00 01 02 00 3f 00
19:31:44.131       	00 00 49 5f 0a 00 00 00 14 00 00 00 14 00 00 00 ff ff 00 00 01 01 02 00 61 2a
19:31:44.131       	00 00 49 5f 0d 00 00 00 14 00 00 00 14 00 00 00 ff ff 00 00 00 01 02 00 00 c0 00 00 2a
19:31:44.132       	00 00 49 5f 09 00 00 00 14 00 00 00 14 00 00 00 ff ff 00 00 01 01 02 00 c0
19:31:44.134       	00 00 f5 53 32 00 00 00 14 00 00 00 14 00 00 00 ff ff 00 00 01 01 02 00 62 28 82 02 78 21 83 02 3f 00 a5 06 80 01 71 87 01 01 8a 01 05 ab 0b 80 01 87 a4 06 83 01 0a 95 01 08 c6 06 90 01 00 83 01 01
19:31:44.134       	00 00 49 5f 0a 00 00 00 14 00 00 00 14 00 00 00 ff ff 00 00 01 01 02 00 90 00
19:31:44.134       	00 00 49 5f 0d 00 00 00 14 00 00 00 14 00 00 00 ff ff 00 00 00 01 02 00 00 a4 00 04 02
19:31:44.135       	00 00 49 5f 09 00 00 00 14 00 00 00 14 00 00 00 ff ff 00 00 01 01 02 00 a4
19:31:44.135       	00 00 49 5f 0a 00 00 00 14 00 00 00 14 00 00 00 ff ff 00 00 00 01 02 00 2f e2
19:31:44.136       	00 00 49 5f 0a 00 00 00 14 00 00 00 14 00 00 00 ff ff 00 00 01 01 02 00 6a 82
19:31:44.137       	00 00 49 5f 0d 00 00 00 14 00 00 00 14 00 00 00 ff ff 00 00 00 01 02 00 00 a4 00 04 02
19:31:44.137       	00 00 49 5f 09 00 00 00 14 00 00 00 14 00 00 00 ff ff 00 00 01 01 02 00 a4
19:31:44.138       	00 00 49 5f 0a 00 00 00 14 00 00 00 14 00 00 00 ff ff 00 00 00 01 02 00 3f 00
19:31:44.138       	00 00 49 5f 0a 00 00 00 14 00 00 00 14 00 00 00 ff ff 00 00 01 01 02 00 61 2a
19:31:44.139       	00 00 49 5f 0d 00 00 00 14 00 00 00 14 00 00 00 ff ff 00 00 00 01 02 00 00 c0 00 00 2a
19:31:44.139       	00 00 49 5f 09 00 00 00 14 00 00 00 14 00 00 00 ff ff 00 00 01 01 02 00 c0
19:31:44.141       	00 00 f9 55 32 00 00 00 14 00 00 00 14 00 00 00 ff ff 00 00 01 01 02 00 62 28 82 02 78 21 83 02 3f 00 a5 06 80 01 71 87 01 01 8a 01 05 ab 0b 80 01 87 a4 06 83 01 0a 95 01 08 c6 06 90 01 00 83 01 01
19:31:44.141       	00 00 49 5f 0a 00 00 00 14 00 00 00 14 00 00 00 ff ff 00 00 01 01 02 00 90 00
19:31:44.142       	00 00 49 5f 0d 00 00 00 14 00 00 00 14 00 00 00 ff ff 00 00 00 01 02 00 00 b0 82 00 0a
19:31:44.143       	00 00 49 5f 0a 00 00 00 14 00 00 00 14 00 00 00 ff ff 00 00 01 01 02 00 6a 82
19:31:44.144       	00 00 49 5f 0d 00 00 00 14 00 00 00 14 00 00 00 ff ff 00 00 00 01 02 00 00 b0 82 00 0a
19:31:44.145       	00 00 49 5f 0a 00 00 00 14 00 00 00 14 00 00 00 ff ff 00 00 01 01 02 00 6a 82
19:31:44.146       	00 00 49 5f 0d 00 00 00 14 00 00 00 14 00 00 00 ff ff 00 00 00 01 02 00 00 a4 08 04 02
19:31:44.146       	00 00 49 5f 09 00 00 00 14 00 00 00 14 00 00 00 ff ff 00 00 01 01 02 00 a4
19:31:44.147       	00 00 49 5f 0a 00 00 00 14 00 00 00 14 00 00 00 ff ff 00 00 00 01 02 00 2f e2
19:31:44.147       	00 00 49 5f 0a 00 00 00 14 00 00 00 14 00 00 00 ff ff 00 00 01 01 02 00 6a 82
19:31:44.148       	00 00 49 5f 0d 00 00 00 14 00 00 00 14 00 00 00 ff ff 00 00 00 01 02 00 00 a4 00 04 02
19:31:44.148       	00 00 49 5f 09 00 00 00 14 00 00 00 14 00 00 00 ff ff 00 00 01 01 02 00 a4
19:31:44.149       	00 00 49 5f 0a 00 00 00 14 00 00 00 14 00 00 00 ff ff 00 00 00 01 02 00 3f 00
19:31:44.149       	00 00 49 5f 0a 00 00 00 14 00 00 00 14 00 00 00 ff ff 00 00 01 01 02 00 61 2a
19:31:44.150       	00 00 49 5f 0d 00 00 00 14 00 00 00 14 00 00 00 ff ff 00 00 00 01 02 00 00 c0 00 00 2a
19:31:44.150       	00 00 49 5f 09 00 00 00 14 00 00 00 14 00 00 00 ff ff 00 00 01 01 02 00 c0
19:31:44.153       	00 00 8c 56 32 00 00 00 14 00 00 00 14 00 00 00 ff ff 00 00 01 01 02 00 62 28 82 02 78 21 83 02 3f 00 a5 06 80 01 71 87 01 01 8a 01 05 ab 0b 80 01 87 a4 06 83 01 0a 95 01 08 c6 06 90 01 00 83 01 01
19:31:44.153       	00 00 49 5f 0a 00 00 00 14 00 00 00 14 00 00 00 ff ff 00 00 01 01 02 00 90 00
19:31:44.153       	00 00 49 5f 0d 00 00 00 14 00 00 00 14 00 00 00 ff ff 00 00 00 01 02 00 00 a4 00 04 02
19:31:44.154       	00 00 49 5f 09 00 00 00 14 00 00 00 14 00 00 00 ff ff 00 00 01 01 02 00 a4
19:31:44.154       	00 00 49 5f 0a 00 00 00 14 00 00 00 14 00 00 00 ff ff 00 00 00 01 02 00 2f e2
19:31:44.155       	00 00 49 5f 0a 00 00 00 14 00 00 00 14 00 00 00 ff ff 00 00 01 01 02 00 6a 82
19:31:44.156       	00 00 49 5f 0d 00 00 00 14 00 00 00 14 00 00 00 ff ff 00 00 00 01 02 00 00 a4 00 04 02
19:31:44.156       	00 00 49 5f 09 00 00 00 14 00 00 00 14 00 00 00 ff ff 00 00 01 01 02 00 a4
19:31:44.157       	00 00 49 5f 0a 00 00 00 14 00 00 00 14 00 00 00 ff ff 00 00 00 01 02 00 3f 00
19:31:44.157       	00 00 49 5f 0a 00 00 00 14 00 00 00 14 00 00 00 ff ff 00 00 01 01 02 00 61 2a
19:31:44.158       	00 00 49 5f 0d 00 00 00 14 00 00 00 14 00 00 00 ff ff 00 00 00 01 02 00 00 c0 00 00 2a
19:31:44.158       	00 00 49 5f 09 00 00 00 14 00 00 00 14 00 00 00 ff ff 00 00 01 01 02 00 c0
19:31:44.160       	00 00 8c 56 32 00 00 00 14 00 00 00 14 00 00 00 ff ff 00 00 01 01 02 00 62 28 82 02 78 21 83 02 3f 00 a5 06 80 01 71 87 01 01 8a 01 05 ab 0b 80 01 87 a4 06 83 01 0a 95 01 08 c6 06 90 01 00 83 01 01
19:31:44.160       	00 00 49 5f 0a 00 00 00 14 00 00 00 14 00 00 00 ff ff 00 00 01 01 02 00 90 00
19:31:44.161       	00 00 49 5f 0d 00 00 00 14 00 00 00 14 00 00 00 ff ff 00 00 00 01 02 00 00 b0 82 00 0a
19:31:44.162       	00 00 49 5f 0a 00 00 00 14 00 00 00 14 00 00 00 ff ff 00 00 01 01 02 00 6a 82
19:31:44.162       	00 00 49 5f 0d 00 00 00 14 00 00 00 14 00 00 00 ff ff 00 00 00 01 02 00 00 b0 82 00 0a
19:31:44.163       	00 00 49 5f 0a 00 00 00 14 00 00 00 14 00 00 00 ff ff 00 00 01 01 02 00 6a 82
19:31:45.183       	00 00 49 5f 0d 00 00 00 14 00 00 00 14 00 00 00 ff ff 00 00 00 01 02 00 00 a4 08 04 02
19:31:45.183       	00 00 49 5f 09 00 00 00 14 00 00 00 14 00 00 00 ff ff 00 00 01 01 02 00 a4
19:31:45.184       	00 00 49 5f 0a 00 00 00 14 00 00 00 14 00 00 00 ff ff 00 00 00 01 02 00 2f e2
19:31:45.184       	00 00 49 5f 0a 00 00 00 14 00 00 00 14 00 00 00 ff ff 00 00 01 01 02 00 6a 82
19:31:45.185       	00 00 49 5f 0d 00 00 00 14 00 00 00 14 00 00 00 ff ff 00 00 00 01 02 00 00 a4 00 04 02
19:31:45.185       	00 00 49 5f 09 00 00 00 14 00 00 00 14 00 00 00 ff ff 00 00 01 01 02 00 a4
19:31:45.186       	00 00 49 5f 0a 00 00 00 14 00 00 00 14 00 00 00 ff ff 00 00 00 01 02 00 3f 00
19:31:45.186       	00 00 49 5f 0a 00 00 00 14 00 00 00 14 00 00 00 ff ff 00 00 01 01 02 00 61 2a
19:31:45.187       	00 00 49 5f 0d 00 00 00 14 00 00 00 14 00 00 00 ff ff 00 00 00 01 02 00 00 c0 00 00 2a
19:31:45.187       	00 00 49 5f 09 00 00 00 14 00 00 00 14 00 00 00 ff ff 00 00 01 01 02 00 c0
19:31:45.190       	00 00 00 00 32 00 00 00 14 00 00 00 14 00 00 00 ff ff 00 00 01 01 02 00 62 28 82 02 78 21 83 02 3f 00 a5 06 80 01 71 87 01 01 8a 01 05 ab 0b 80 01 87 a4 06 83 01 0a 95 01 08 c6 06 90 01 00 83 01 01
19:31:45.190       	00 00 49 5f 0a 00 00 00 14 00 00 00 14 00 00 00 ff ff 00 00 01 01 02 00 90 00
19:31:45.190       	00 00 49 5f 0d 00 00 00 14 00 00 00 14 00 00 00 ff ff 00 00 00 01 02 00 00 a4 00 04 02
19:31:45.191       	00 00 49 5f 09 00 00 00 14 00 00 00 14 00 00 00 ff ff 00 00 01 01 02 00 a4
19:31:45.191       	00 00 49 5f 0a 00 00 00 14 00 00 00 14 00 00 00 ff ff 00 00 00 01 02 00 2f e2
19:31:45.192       	00 00 49 5f 0a 00 00 00 14 00 00 00 14 00 00 00 ff ff 00 00 01 01 02 00 6a 82
19:31:45.193       	00 00 49 5f 0d 00 00 00 14 00 00 00 14 00 00 00 ff ff 00 00 00 01 02 00 00 a4 00 04 02
19:31:45.194       	00 00 49 5f 09 00 00 00 14 00 00 00 14 00 00 00 ff ff 00 00 01 01 02 00 a4
19:31:45.194       	00 00 49 5f 0a 00 00 00 14 00 00 00 14 00 00 00 ff ff 00 00 00 01 02 00 3f 00
19:31:45.195       	00 00 49 5f 0a 00 00 00 14 00 00 00 14 00 00 00 ff ff 00 00 01 01 02 00 61 2a
19:31:45.195       	00 00 49 5f 0d 00 00 00 14 00 00 00 14 00 00 00 ff ff 00 00 00 01 02 00 00 c0 00 00 2a
19:31:45.195       	00 00 49 5f 09 00 00 00 14 00 00 00 14 00 00 00 ff ff 00 00 01 01 02 00 c0
19:31:45.198       	00 00 00 00 32 00 00 00 14 00 00 00 14 00 00 00 ff ff 00 00 01 01 02 00 62 28 82 02 78 21 83 02 3f 00 a5 06 80 01 71 87 01 01 8a 01 05 ab 0b 80 01 87 a4 06 83 01 0a 95 01 08 c6 06 90 01 00 83 01 01
19:31:45.198       	00 00 49 5f 0a 00 00 00 14 00 00 00 14 00 00 00 ff ff 00 00 01 01 02 00 90 00
19:31:45.198       	00 00 49 5f 0d 00 00 00 14 00 00 00 14 00 00 00 ff ff 00 00 00 01 02 00 00 b0 82 00 0a
19:31:45.199       	00 00 49 5f 0a 00 00 00 14 00 00 00 14 00 00 00 ff ff 00 00 01 01 02 00 6a 82
19:31:45.200       	00 00 49 5f 0d 00 00 00 14 00 00 00 14 00 00 00 ff ff 00 00 00 01 02 00 00 b0 82 00 0a
19:31:45.201       	00 00 49 5f 0a 00 00 00 14 00 00 00 14 00 00 00 ff ff 00 00 01 01 02 00 6a 82
19:31:45.201       	00 00 49 5f 0d 00 00 00 14 00 00 00 14 00 00 00 ff ff 00 00 00 01 02 00 00 a4 08 04 02
19:31:45.202       	00 00 49 5f 09 00 00 00 14 00 00 00 14 00 00 00 ff ff 00 00 01 01 02 00 a4
19:31:45.202       	00 00 49 5f 0a 00 00 00 14 00 00 00 14 00 00 00 ff ff 00 00 00 01 02 00 2f e2
19:31:45.203       	00 00 49 5f 0a 00 00 00 14 00 00 00 14 00 00 00 ff ff 00 00 01 01 02 00 6a 82
19:31:45.204       	00 00 49 5f 0d 00 00 00 14 00 00 00 14 00 00 00 ff ff 00 00 00 01 02 00 00 a4 00 04 02
19:31:45.204       	00 00 49 5f 09 00 00 00 14 00 00 00 14 00 00 00 ff ff 00 00 01 01 02 00 a4
19:31:45.205       	00 00 49 5f 0a 00 00 00 14 00 00 00 14 00 00 00 ff ff 00 00 00 01 02 00 3f 00
19:31:45.205       	00 00 49 5f 0a 00 00 00 14 00 00 00 14 00 00 00 ff ff 00 00 01 01 02 00 61 2a
19:31:45.206       	00 00 49 5f 0d 00 00 00 14 00 00 00 14 00 00 00 ff ff 00 00 00 01 02 00 00 c0 00 00 2a
19:31:45.206       	00 00 49 5f 09 00 00 00 14 00 00 00 14 00 00 00 ff ff 00 00 01 01 02 00 c0
19:31:45.208       	00 00 00 00 32 00 00 00 14 00 00 00 14 00 00 00 ff ff 00 00 01 01 02 00 62 28 82 02 78 21 83 02 3f 00 a5 06 80 01 71 87 01 01 8a 01 05 ab 0b 80 01 87 a4 06 83 01 0a 95 01 08 c6 06 90 01 00 83 01 01
19:31:45.208       	00 00 49 5f 0a 00 00 00 14 00 00 00 14 00 00 00 ff ff 00 00 01 01 02 00 90 00
19:31:45.209       	00 00 49 5f 0d 00 00 00 14 00 00 00 14 00 00 00 ff ff 00 00 00 01 02 00 00 a4 00 04 02
19:31:45.210       	00 00 49 5f 09 00 00 00 14 00 00 00 14 00 00 00 ff ff 00 00 01 01 02 00 a4
19:31:45.210       	00 00 49 5f 0a 00 00 00 14 00 00 00 14 00 00 00 ff ff 00 00 00 01 02 00 2f e2
19:31:45.211       	00 00 49 5f 0a 00 00 00 14 00 00 00 14 00 00 00 ff ff 00 00 01 01 02 00 6a 82
19:31:45.211       	00 00 49 5f 0d 00 00 00 14 00 00 00 14 00 00 00 ff ff 00 00 00 01 02 00 00 a4 00 04 02
19:31:45.212       	00 00 49 5f 09 00 00 00 14 00 00 00 14 00 00 00 ff ff 00 00 01 01 02 00 a4
19:31:45.212       	00 00 49 5f 0a 00 00 00 14 00 00 00 14 00 00 00 ff ff 00 00 00 01 02 00 3f 00
19:31:45.213       	00 00 49 5f 0a 00 00 00 14 00 00 00 14 00 00 00 ff ff 00 00 01 01 02 00 61 2a
19:31:45.213       	00 00 49 5f 0d 00 00 00 14 00 00 00 14 00 00 00 ff ff 00 00 00 01 02 00 00 c0 00 00 2a
19:31:45.214       	00 00 49 5f 09 00 00 00 14 00 00 00 14 00 00 00 ff ff 00 00 01 01 02 00 c0
19:31:45.216       	00 00 00 00 32 00 00 00 14 00 00 00 14 00 00 00 ff ff 00 00 01 01 02 00 62 28 82 02 78 21 83 02 3f 00 a5 06 80 01 71 87 01 01 8a 01 05 ab 0b 80 01 87 a4 06 83 01 0a 95 01 08 c6 06 90 01 00 83 01 01
19:31:45.216       	00 00 49 5f 0a 00 00 00 14 00 00 00 14 00 00 00 ff ff 00 00 01 01 02 00 90 00
19:31:45.217       	00 00 49 5f 0d 00 00 00 14 00 00 00 14 00 00 00 ff ff 00 00 00 01 02 00 00 b0 82 00 0a
19:31:45.218       	00 00 49 5f 0a 00 00 00 14 00 00 00 14 00 00 00 ff ff 00 00 01 01 02 00 6a 82
19:31:45.218       	00 00 49 5f 0d 00 00 00 14 00 00 00 14 00 00 00 ff ff 00 00 00 01 02 00 00 b0 82 00 0a
19:31:45.219       	00 00 49 5f 0a 00 00 00 14 00 00 00 14 00 00 00 ff ff 00 00 01 01 02 00 6a 82
19:31:45.287       	00 00 49 5f 0d 00 00 00 14 00 00 00 14 00 00 00 ff ff 00 00 00 01 02 00 00 a4 08 04 02
19:31:45.287       	00 00 49 5f 09 00 00 00 14 00 00 00 14 00 00 00 ff ff 00 00 01 01 02 00 a4
19:31:45.288       	00 00 49 5f 0a 00 00 00 14 00 00 00 14 00 00 00 ff ff 00 00 00 01 02 00 2f e2
19:31:45.288       	00 00 49 5f 0a 00 00 00 14 00 00 00 14 00 00 00 ff ff 00 00 01 01 02 00 6a 82
19:31:45.289       	00 00 49 5f 0d 00 00 00 14 00 00 00 14 00 00 00 ff ff 00 00 00 01 02 00 00 a4 00 04 02
19:31:45.290       	00 00 49 5f 09 00 00 00 14 00 00 00 14 00 00 00 ff ff 00 00 01 01 02 00 a4
19:31:45.290       	00 00 49 5f 0a 00 00 00 14 00 00 00 14 00 00 00 ff ff 00 00 00 01 02 00 3f 00
19:31:45.291       	00 00 49 5f 0a 00 00 00 14 00 00 00 14 00 00 00 ff ff 00 00 01 01 02 00 61 2a
19:31:45.291       	00 00 49 5f 0d 00 00 00 14 00 00 00 14 00 00 00 ff ff 00 00 00 01 02 00 00 c0 00 00 2a
19:31:45.292       	00 00 49 5f 09 00 00 00 14 00 00 00 14 00 00 00 ff ff 00 00 01 01 02 00 c0
19:31:45.294       	00 00 00 00 32 00 00 00 14 00 00 00 14 00 00 00 ff ff 00 00 01 01 02 00 62 28 82 02 78 21 83 02 3f 00 a5 06 80 01 71 87 01 01 8a 01 05 ab 0b 80 01 87 a4 06 83 01 0a 95 01 08 c6 06 90 01 00 83 01 01
19:31:45.294       	00 00 49 5f 0a 00 00 00 14 00 00 00 14 00 00 00 ff ff 00 00 01 01 02 00 90 00
19:31:45.294       	00 00 49 5f 0d 00 00 00 14 00 00 00 14 00 00 00 ff ff 00 00 00 01 02 00 00 a4 00 04 02
19:31:45.295       	00 00 49 5f 09 00 00 00 14 00 00 00 14 00 00 00 ff ff 00 00 01 01 02 00 a4
19:31:45.295       	00 00 49 5f 0a 00 00 00 14 00 00 00 14 00 00 00 ff ff 00 00 00 01 02 00 2f e2
19:31:45.296       	00 00 49 5f 0a 00 00 00 14 00 00 00 14 00 00 00 ff ff 00 00 01 01 02 00 6a 82
19:31:45.297       	00 00 49 5f 0d 00 00 00 14 00 00 00 14 00 00 00 ff ff 00 00 00 01 02 00 00 a4 00 04 02
19:31:45.297       	00 00 49 5f 09 00 00 00 14 00 00 00 14 00 00 00 ff ff 00 00 01 01 02 00 a4
19:31:45.298       	00 00 49 5f 0a 00 00 00 14 00 00 00 14 00 00 00 ff ff 00 00 00 01 02 00 3f 00
19:31:45.298       	00 00 49 5f 0a 00 00 00 14 00 00 00 14 00 00 00 ff ff 00 00 01 01 02 00 61 2a
19:31:45.299       	00 00 49 5f 0d 00 00 00 14 00 00 00 14 00 00 00 ff ff 00 00 00 01 02 00 00 c0 00 00 2a
19:31:45.299       	00 00 49 5f 09 00 00 00 14 00 00 00 14 00 00 00 ff ff 00 00 01 01 02 00 c0
19:31:45.301       	00 00 00 00 32 00 00 00 14 00 00 00 14 00 00 00 ff ff 00 00 01 01 02 00 62 28 82 02 78 21 83 02 3f 00 a5 06 80 01 71 87 01 01 8a 01 05 ab 0b 80 01 87 a4 06 83 01 0a 95 01 08 c6 06 90 01 00 83 01 01
19:31:45.301       	00 00 49 5f 0a 00 00 00 14 00 00 00 14 00 00 00 ff ff 00 00 01 01 02 00 90 00
19:31:45.302       	00 00 49 5f 0d 00 00 00 14 00 00 00 14 00 00 00 ff ff 00 00 00 01 02 00 00 b0 82 00 0a
19:31:45.303       	00 00 49 5f 0a 00 00 00 14 00 00 00 14 00 00 00 ff ff 00 00 01 01 02 00 6a 82
19:31:45.303       	00 00 49 5f 0d 00 00 00 14 00 00 00 14 00 00 00 ff ff 00 00 00 01 02 00 00 b0 82 00 0a
19:31:45.304       	00 00 49 5f 0a 00 00 00 14 00 00 00 14 00 00 00 ff ff 00 00 01 01 02 00 6a 82
19:31:45.305       	00 00 49 5f 0d 00 00 00 14 00 00 00 14 00 00 00 ff ff 00 00 00 01 02 00 00 a4 08 04 02
19:31:45.306       	00 00 49 5f 09 00 00 00 14 00 00 00 14 00 00 00 ff ff 00 00 01 01 02 00 a4
19:31:45.306       	00 00 49 5f 0a 00 00 00 14 00 00 00 14 00 00 00 ff ff 00 00 00 01 02 00 2f e2
19:31:45.307       	00 00 49 5f 0a 00 00 00 14 00 00 00 14 00 00 00 ff ff 00 00 01 01 02 00 6a 82
19:31:45.307       	00 00 49 5f 0d 00 00 00 14 00 00 00 14 00 00 00 ff ff 00 00 00 01 02 00 00 a4 00 04 02
19:31:45.308       	00 00 49 5f 09 00 00 00 14 00 00 00 14 00 00 00 ff ff 00 00 01 01 02 00 a4
19:31:45.308       	00 00 49 5f 0a 00 00 00 14 00 00 00 14 00 00 00 ff ff 00 00 00 01 02 00 3f 00
19:31:45.309       	00 00 49 5f 0a 00 00 00 14 00 00 00 14 00 00 00 ff ff 00 00 01 01 02 00 61 2a
19:31:45.309       	00 00 49 5f 0d 00 00 00 14 00 00 00 14 00 00 00 ff ff 00 00 00 01 02 00 00 c0 00 00 2a
19:31:45.310       	00 00 49 5f 09 00 00 00 14 00 00 00 14 00 00 00 ff ff 00 00 01 01 02 00 c0
19:31:45.312       	00 00 00 00 32 00 00 00 14 00 00 00 14 00 00 00 ff ff 00 00 01 01 02 00 62 28 82 02 78 21 83 02 3f 00 a5 06 80 01 71 87 01 01 8a 01 05 ab 0b 80 01 87 a4 06 83 01 0a 95 01 08 c6 06 90 01 00 83 01 01
19:31:45.312       	00 00 49 5f 0a 00 00 00 14 00 00 00 14 00 00 00 ff ff 00 00 01 01 02 00 90 00
19:31:45.313       	00 00 49 5f 0d 00 00 00 14 00 00 00 14 00 00 00 ff ff 00 00 00 01 02 00 00 a4 00 04 02
19:31:45.313       	00 00 49 5f 09 00 00 00 14 00 00 00 14 00 00 00 ff ff 00 00 01 01 02 00 a4
19:31:45.314       	00 00 49 5f 0a 00 00 00 14 00 00 00 14 00 00 00 ff ff 00 00 00 01 02 00 2f e2
19:31:45.314       	00 00 49 5f 0a 00 00 00 14 00 00 00 14 00 00 00 ff ff 00 00 01 01 02 00 6a 82
19:31:45.315       	00 00 49 5f 0d 00 00 00 14 00 00 00 14 00 00 00 ff ff 00 00 00 01 02 00 00 a4 00 04 02
19:31:45.316       	00 00 49 5f 09 00 00 00 14 00 00 00 14 00 00 00 ff ff 00 00 01 01 02 00 a4
19:31:45.316       	00 00 49 5f 0a 00 00 00 14 00 00 00 14 00 00 00 ff ff 00 00 00 01 02 00 3f 00
19:31:45.317       	00 00 49 5f 0a 00 00 00 14 00 00 00 14 00 00 00 ff ff 00 00 01 01 02 00 61 2a
19:31:45.317       	00 00 49 5f 0d 00 00 00 14 00 00 00 14 00 00 00 ff ff 00 00 00 01 02 00 00 c0 00 00 2a
19:31:45.317       	00 00 49 5f 09 00 00 00 14 00 00 00 14 00 00 00 ff ff 00 00 01 01 02 00 c0
19:31:45.320       	00 00 00 00 32 00 00 00 14 00 00 00 14 00 00 00 ff ff 00 00 01 01 02 00 62 28 82 02 78 21 83 02 3f 00 a5 06 80 01 71 87 01 01 8a 01 05 ab 0b 80 01 87 a4 06 83 01 0a 95 01 08 c6 06 90 01 00 83 01 01
19:31:45.320       	00 00 49 5f 0a 00 00 00 14 00 00 00 14 00 00 00 ff ff 00 00 01 01 02 00 90 00
19:31:45.320       	00 00 49 5f 0d 00 00 00 14 00 00 00 14 00 00 00 ff ff 00 00 00 01 02 00 00 b0 82 00 0a
19:31:45.321       	00 00 49 5f 0a 00 00 00 14 00 00 00 14 00 00 00 ff ff 00 00 01 01 02 00 6a 82
19:31:45.322       	00 00 49 5f 0d 00 00 00 14 00 00 00 14 00 00 00 ff ff 00 00 00 01 02 00 00 b0 82 00 0a
19:31:45.323       	00 00 49 5f 0a 00 00 00 14 00 00 00 14 00 00 00 ff ff 00 00 01 01 02 00 6a 82
19:31:46.311       	00 00 49 5f 0d 00 00 00 14 00 00 00 14 00 00 00 ff ff 00 00 00 01 02 00 00 a4 08 04 02
19:31:46.312       	00 00 49 5f 09 00 00 00 14 00 00 00 14 00 00 00 ff ff 00 00 01 01 02 00 a4
19:31:46.312       	00 00 49 5f 0a 00 00 00 14 00 00 00 14 00 00 00 ff ff 00 00 00 01 02 00 2f e2
19:31:46.313       	00 00 49 5f 0a 00 00 00 14 00 00 00 14 00 00 00 ff ff 00 00 01 01 02 00 6a 82
19:31:46.314       	00 00 49 5f 0d 00 00 00 14 00 00 00 14 00 00 00 ff ff 00 00 00 01 02 00 00 a4 00 04 02
19:31:46.314       	00 00 49 5f 09 00 00 00 14 00 00 00 14 00 00 00 ff ff 00 00 01 01 02 00 a4
19:31:46.315       	00 00 49 5f 0a 00 00 00 14 00 00 00 14 00 00 00 ff ff 00 00 00 01 02 00 3f 00
19:31:46.315       	00 00 49 5f 0a 00 00 00 14 00 00 00 14 00 00 00 ff ff 00 00 01 01 02 00 61 2a
19:31:46.316       	00 00 49 5f 0d 00 00 00 14 00 00 00 14 00 00 00 ff ff 00 00 00 01 02 00 00 c0 00 00 2a
19:31:46.316       	00 00 49 5f 09 00 00 00 14 00 00 00 14 00 00 00 ff ff 00 00 01 01 02 00 c0
19:31:46.318       	00 00 00 00 32 00 00 00 14 00 00 00 14 00 00 00 ff ff 00 00 01 01 02 00 62 28 82 02 78 21 83 02 3f 00 a5 06 80 01 71 87 01 01 8a 01 05 ab 0b 80 01 87 a4 06 83 01 0a 95 01 08 c6 06 90 01 00 83 01 01
19:31:46.318       	00 00 49 5f 0a 00 00 00 14 00 00 00 14 00 00 00 ff ff 00 00 01 01 02 00 90 00
19:31:46.319       	00 00 49 5f 0d 00 00 00 14 00 00 00 14 00 00 00 ff ff 00 00 00 01 02 00 00 a4 00 04 02
19:31:46.319       	00 00 49 5f 09 00 00 00 14 00 00 00 14 00 00 00 ff ff 00 00 01 01 02 00 a4
19:31:46.320       	00 00 49 5f 0a 00 00 00 14 00 00 00 14 00 00 00 ff ff 00 00 00 01 02 00 2f e2
19:31:46.321       	00 00 49 5f 0a 00 00 00 14 00 00 00 14 00 00 00 ff ff 00 00 01 01 02 00 6a 82
19:31:46.321       	00 00 49 5f 0d 00 00 00 14 00 00 00 14 00 00 00 ff ff 00 00 00 01 02 00 00 a4 00 04 02
19:31:46.322       	00 00 49 5f 09 00 00 00 14 00 00 00 14 00 00 00 ff ff 00 00 01 01 02 00 a4
19:31:46.322       	00 00 49 5f 0a 00 00 00 14 00 00 00 14 00 00 00 ff ff 00 00 00 01 02 00 3f 00
19:31:46.323       	00 00 49 5f 0a 00 00 00 14 00 00 00 14 00 00 00 ff ff 00 00 01 01 02 00 61 2a
19:31:46.323       	00 00 49 5f 0d 00 00 00 14 00 00 00 14 00 00 00 ff ff 00 00 00 01 02 00 00 c0 00 00 2a
19:31:46.324       	00 00 49 5f 09 00 00 00 14 00 00 00 14 00 00 00 ff ff 00 00 01 01 02 00 c0
19:31:46.326       	00 00 00 00 32 00 00 00 14 00 00 00 14 00 00 00 ff ff 00 00 01 01 02 00 62 28 82 02 78 21 83 02 3f 00 a5 06 80 01 71 87 01 01 8a 01 05 ab 0b 80 01 87 a4 06 83 01 0a 95 01 08 c6 06 90 01 00 83 01 01
19:31:46.326       	00 00 49 5f 0a 00 00 00 14 00 00 00 14 00 00 00 ff ff 00 00 01 01 02 00 90 00
19:31:46.327       	00 00 49 5f 0d 00 00 00 14 00 00 00 14 00 00 00 ff ff 00 00 00 01 02 00 00 b0 82 00 0a
19:31:46.327       	00 00 49 5f 0a 00 00 00 14 00 00 00 14 00 00 00 ff ff 00 00 01 01 02 00 6a 82
19:31:46.328       	00 00 49 5f 0d 00 00 00 14 00 00 00 14 00 00 00 ff ff 00 00 00 01 02 00 00 b0 82 00 0a
19:31:46.329       	00 00 49 5f 0a 00 00 00 14 00 00 00 14 00 00 00 ff ff 00 00 01 01 02 00 6a 82
19:31:46.330       	00 00 49 5f 0d 00 00 00 14 00 00 00 14 00 00 00 ff ff 00 00 00 01 02 00 00 a4 08 04 02
19:31:46.330       	00 00 49 5f 09 00 00 00 14 00 00 00 14 00 00 00 ff ff 00 00 01 01 02 00 a4
19:31:46.331       	00 00 49 5f 0a 00 00 00 14 00 00 00 14 00 00 00 ff ff 00 00 00 01 02 00 2f e2
19:31:46.331       	00 00 49 5f 0a 00 00 00 14 00 00 00 14 00 00 00 ff ff 00 00 01 01 02 00 6a 82
19:31:46.332       	00 00 49 5f 0d 00 00 00 14 00 00 00 14 00 00 00 ff ff 00 00 00 01 02 00 00 a4 00 04 02
19:31:46.332       	00 00 49 5f 09 00 00 00 14 00 00 00 14 00 00 00 ff ff 00 00 01 01 02 00 a4
19:31:46.333       	00 00 49 5f 0a 00 00 00 14 00 00 00 14 00 00 00 ff ff 00 00 00 01 02 00 3f 00
19:31:46.333       	00 00 49 5f 0a 00 00 00 14 00 00 00 14 00 00 00 ff ff 00 00 01 01 02 00 61 2a
19:31:46.334       	00 00 49 5f 0d 00 00 00 14 00 00 00 14 00 00 00 ff ff 00 00 00 01 02 00 00 c0 00 00 2a
19:31:46.334       	00 00 49 5f 09 00 00 00 14 00 00 00 14 00 00 00 ff ff 00 00 01 01 02 00 c0
19:31:46.336       	00 00 00 00 32 00 00 00 14 00 00 00 14 00 00 00 ff ff 00 00 01 01 02 00 62 28 82 02 78 21 83 02 3f 00 a5 06 80 01 71 87 01 01 8a 01 05 ab 0b 80 01 87 a4 06 83 01 0a 95 01 08 c6 06 90 01 00 83 01 01
19:31:46.337       	00 00 49 5f 0a 00 00 00 14 00 00 00 14 00 00 00 ff ff 00 00 01 01 02 00 90 00
19:31:46.337       	00 00 49 5f 0d 00 00 00 14 00 00 00 14 00 00 00 ff ff 00 00 00 01 02 00 00 a4 00 04 02
19:31:46.338       	00 00 49 5f 09 00 00 00 14 00 00 00 14 00 00 00 ff ff 00 00 01 01 02 00 a4
19:31:46.338       	00 00 49 5f 0a 00 00 00 14 00 00 00 14 00 00 00 ff ff 00 00 00 01 02 00 2f e2
19:31:46.339       	00 00 49 5f 0a 00 00 00 14 00 00 00 14 00 00 00 ff ff 00 00 01 01 02 00 6a 82
19:31:46.340       	00 00 49 5f 0d 00 00 00 14 00 00 00 14 00 00 00 ff ff 00 00 00 01 02 00 00 a4 00 04 02
19:31:46.340       	00 00 49 5f 09 00 00 00 14 00 00 00 14 00 00 00 ff ff 00 00 01 01 02 00 a4
19:31:46.341       	00 00 49 5f 0a 00 00 00 14 00 00 00 14 00 00 00 ff ff 00 00 00 01 02 00 3f 00
19:31:46.341       	00 00 49 5f 0a 00 00 00 14 00 00 00 14 00 00 00 ff ff 00 00 01 01 02 00 61 2a
19:31:46.342       	00 00 49 5f 0d 00 00 00 14 00 00 00 14 00 00 00 ff ff 00 00 00 01 02 00 00 c0 00 00 2a
19:31:46.342       	00 00 49 5f 09 00 00 00 14 00 00 00 14 00 00 00 ff ff 00 00 01 01 02 00 c0
19:31:46.344       	00 00 00 00 32 00 00 00 14 00 00 00 14 00 00 00 ff ff 00 00 01 01 02 00 62 28 82 02 78 21 83 02 3f 00 a5 06 80 01 71 87 01 01 8a 01 05 ab 0b 80 01 87 a4 06 83 01 0a 95 01 08 c6 06 90 01 00 83 01 01
19:31:46.344       	00 00 49 5f 0a 00 00 00 14 00 00 00 14 00 00 00 ff ff 00 00 01 01 02 00 90 00
19:31:46.345       	00 00 49 5f 0d 00 00 00 14 00 00 00 14 00 00 00 ff ff 00 00 00 01 02 00 00 b0 82 00 0a
19:31:46.346       	00 00 49 5f 0a 00 00 00 14 00 00 00 14 00 00 00 ff ff 00 00 01 01 02 00 6a 82
19:31:46.346       	00 00 49 5f 0d 00 00 00 14 00 00 00 14 00 00 00 ff ff 00 00 00 01 02 00 00 b0 82 00 0a
19:31:46.347       	00 00 49 5f 0a 00 00 00 14 00 00 00 14 00 00 00 ff ff 00 00 01 01 02 00 6a 82
19:31:46.398       	00 00 49 5f 0d 00 00 00 14 00 00 00 14 00 00 00 ff ff 00 00 00 01 02 00 00 a4 08 04 02
19:31:46.399       	00 00 49 5f 09 00 00 00 14 00 00 00 14 00 00 00 ff ff 00 00 01 01 02 00 a4
19:31:46.399       	00 00 49 5f 0a 00 00 00 14 00 00 00 14 00 00 00 ff ff 00 00 00 01 02 00 2f e2
19:31:46.400       	00 00 49 5f 0a 00 00 00 14 00 00 00 14 00 00 00 ff ff 00 00 01 01 02 00 6a 82
19:31:46.401       	00 00 49 5f 0d 00 00 00 14 00 00 00 14 00 00 00 ff ff 00 00 00 01 02 00 00 a4 00 04 02
19:31:46.401       	00 00 49 5f 09 00 00 00 14 00 00 00 14 00 00 00 ff ff 00 00 01 01 02 00 a4
19:31:46.402       	00 00 49 5f 0a 00 00 00 14 00 00 00 14 00 00 00 ff ff 00 00 00 01 02 00 3f 00
19:31:46.402       	00 00 49 5f 0a 00 00 00 14 00 00 00 14 00 00 00 ff ff 00 00 01 01 02 00 61 2a
19:31:46.403       	00 00 49 5f 0d 00 00 00 14 00 00 00 14 00 00 00 ff ff 00 00 00 01 02 00 00 c0 00 00 2a
19:31:46.403       	00 00 49 5f 09 00 00 00 14 00 00 00 14 00 00 00 ff ff 00 00 01 01 02 00 c0
19:31:46.405       	00 00 00 00 32 00 00 00 14 00 00 00 14 00 00 00 ff ff 00 00 01 01 02 00 62 28 82 02 78 21 83 02 3f 00 a5 06 80 01 71 87 01 01 8a 01 05 ab 0b 80 01 87 a4 06 83 01 0a 95 01 08 c6 06 90 01 00 83 01 01
19:31:46.405       	00 00 49 5f 0a 00 00 00 14 00 00 00 14 00 00 00 ff ff 00 00 01 01 02 00 90 00
19:31:46.406       	00 00 49 5f 0d 00 00 00 14 00 00 00 14 00 00 00 ff ff 00 00 00 01 02 00 00 a4 00 04 02
19:31:46.407       	00 00 49 5f 09 00 00 00 14 00 00 00 14 00 00 00 ff ff 00 00 01 01 02 00 a4
19:31:46.407       	00 00 49 5f 0a 00 00 00 14 00 00 00 14 00 00 00 ff ff 00 00 00 01 02 00 2f e2
19:31:46.408       	00 00 49 5f 0a 00 00 00 14 00 00 00 14 00 00 00 ff ff 00 00 01 01 02 00 6a 82
19:31:46.408       	00 00 49 5f 0d 00 00 00 14 00 00 00 14 00 00 00 ff ff 00 00 00 01 02 00 00 a4 00 04 02
19:31:46.409       	00 00 49 5f 09 00 00 00 14 00 00 00 14 00 00 00 ff ff 00 00 01 01 02 00 a4
19:31:46.409       	00 00 49 5f 0a 00 00 00 14 00 00 00 14 00 00 00 ff ff 00 00 00 01 02 00 3f 00
19:31:46.410       	00 00 49 5f 0a 00 00 00 14 00 00 00 14 00 00 00 ff ff 00 00 01 01 02 00 61 2a
19:31:46.410       	00 00 49 5f 0d 00 00 00 14 00 00 00 14 00 00 00 ff ff 00 00 00 01 02 00 00 c0 00 00 2a
19:31:46.411       	00 00 49 5f 09 00 00 00 14 00 00 00 14 00 00 00 ff ff 00 00 01 01 02 00 c0
19:31:46.413       	00 00 00 00 32 00 00 00 14 00 00 00 14 00 00 00 ff ff 00 00 01 01 02 00 62 28 82 02 78 21 83 02 3f 00 a5 06 80 01 71 87 01 01 8a 01 05 ab 0b 80 01 87 a4 06 83 01 0a 95 01 08 c6 06 90 01 00 83 01 01
19:31:46.413       	00 00 49 5f 0a 00 00 00 14 00 00 00 14 00 00 00 ff ff 00 00 01 01 02 00 90 00
19:31:46.414       	00 00 49 5f 0d 00 00 00 14 00 00 00 14 00 00 00 ff ff 00 00 00 01 02 00 00 b0 82 00 0a
19:31:46.415       	00 00 49 5f 0a 00 00 00 14 00 00 00 14 00 00 00 ff ff 00 00 01 01 02 00 6a 82
19:31:46.415       	00 00 49 5f 0d 00 00 00 14 00 00 00 14 00 00 00 ff ff 00 00 00 01 02 00 00 b0 82 00 0a
19:31:46.416       	00 00 49 5f 0a 00 00 00 14 00 00 00 14 00 00 00 ff ff 00 00 01 01 02 00 6a 82
19:31:46.417       	00 00 49 5f 0d 00 00 00 14 00 00 00 14 00 00 00 ff ff 00 00 00 01 02 00 00 a4 08 04 02
19:31:46.417       	00 00 49 5f 09 00 00 00 14 00 00 00 14 00 00 00 ff ff 00 00 01 01 02 00 a4
19:31:46.418       	00 00 49 5f 0a 00 00 00 14 00 00 00 14 00 00 00 ff ff 00 00 00 01 02 00 2f e2
19:31:46.418       	00 00 49 5f 0a 00 00 00 14 00 00 00 14 00 00 00 ff ff 00 00 01 01 02 00 6a 82
19:31:46.419       	00 00 49 5f 0d 00 00 00 14 00 00 00 14 00 00 00 ff ff 00 00 00 01 02 00 00 a4 00 04 02
19:31:46.420       	00 00 49 5f 09 00 00 00 14 00 00 00 14 00 00 00 ff ff 00 00 01 01 02 00 a4
19:31:46.420       	00 00 49 5f 0a 00 00 00 14 00 00 00 14 00 00 00 ff ff 00 00 00 01 02 00 3f 00
19:31:46.421       	00 00 49 5f 0a 00 00 00 14 00 00 00 14 00 00 00 ff ff 00 00 01 01 02 00 61 2a
19:31:46.421       	00 00 49 5f 0d 00 00 00 14 00 00 00 14 00 00 00 ff ff 00 00 00 01 02 00 00 c0 00 00 2a
19:31:46.422       	00 00 49 5f 09 00 00 00 14 00 00 00 14 00 00 00 ff ff 00 00 01 01 02 00 c0
19:31:46.424       	00 00 00 00 32 00 00 00 14 00 00 00 14 00 00 00 ff ff 00 00 01 01 02 00 62 28 82 02 78 21 83 02 3f 00 a5 06 80 01 71 87 01 01 8a 01 05 ab 0b 80 01 87 a4 06 83 01 0a 95 01 08 c6 06 90 01 00 83 01 01
19:31:46.424       	00 00 49 5f 0a 00 00 00 14 00 00 00 14 00 00 00 ff ff 00 00 01 01 02 00 90 00
19:31:46.424       	00 00 49 5f 0d 00 00 00 14 00 00 00 14 00 00 00 ff ff 00 00 00 01 02 00 00 a4 00 04 02
19:31:46.425       	00 00 49 5f 09 00 00 00 14 00 00 00 14 00 00 00 ff ff 00 00 01 01 02 00 a4
19:31:46.425       	00 00 49 5f 0a 00 00 00 14 00 00 00 14 00 00 00 ff ff 00 00 00 01 02 00 2f e2
19:31:46.426       	00 00 49 5f 0a 00 00 00 14 00 00 00 14 00 00 00 ff ff 00 00 01 01 02 00 6a 82
19:31:46.427       	00 00 49 5f 0d 00 00 00 14 00 00 00 14 00 00 00 ff ff 00 00 00 01 02 00 00 a4 00 04 02
19:31:46.427       	00 00 49 5f 09 00 00 00 14 00 00 00 14 00 00 00 ff ff 00 00 01 01 02 00 a4
19:31:46.428       	00 00 49 5f 0a 00 00 00 14 00 00 00 14 00 00 00 ff ff 00 00 00 01 02 00 3f 00
19:31:46.428       	00 00 49 5f 0a 00 00 00 14 00 00 00 14 00 00 00 ff ff 00 00 01 01 02 00 61 2a
19:31:46.429       	00 00 49 5f 0d 00 00 00 14 00 00 00 14 00 00 00 ff ff 00 00 00 01 02 00 00 c0 00 00 2a
19:31:46.429       	00 00 49 5f 09 00 00 00 14 00 00 00 14 00 00 00 ff ff 00 00 01 01 02 00 c0
19:31:46.431       	00 00 00 00 32 00 00 00 14 00 00 00 14 00 00 00 ff ff 00 00 01 01 02 00 62 28 82 02 78 21 83 02 3f 00 a5 06 80 01 71 87 01 01 8a 01 05 ab 0b 80 01 87 a4 06 83 01 0a 95 01 08 c6 06 90 01 00 83 01 01
19:31:46.431       	00 00 49 5f 0a 00 00 00 14 00 00 00 14 00 00 00 ff ff 00 00 01 01 02 00 90 00
19:31:46.432       	00 00 49 5f 0d 00 00 00 14 00 00 00 14 00 00 00 ff ff 00 00 00 01 02 00 00 b0 82 00 0a
19:31:46.433       	00 00 49 5f 0a 00 00 00 14 00 00 00 14 00 00 00 ff ff 00 00 01 01 02 00 6a 82
19:31:46.434       	00 00 49 5f 0d 00 00 00 14 00 00 00 14 00 00 00 ff ff 00 00 00 01 02 00 00 b0 82 00 0a
19:31:46.434       	00 00 49 5f 0a 00 00 00 14 00 00 00 14 00 00 00 ff ff 00 00 01 01 02 00 6a 82
19:31:48.204       	00 00 49 5f 0d 00 00 00 14 00 00 00 14 00 00 00 ff ff 00 00 00 01 02 00 80 7c 00 00 00
19:31:48.205       	00 00 49 5f 0a 00 00 00 14 00 00 00 14 00 00 00 ff ff 00 00 01 01 02 00 90 00
19:31:48.206       	00 00 49 5f 0d 00 00 00 14 00 00 00 14 00 00 00 ff ff 00 00 00 01 00 00 00 70 00 00 01
19:31:48.207       	00 00 49 5f 09 00 00 00 14 00 00 00 14 00 00 00 ff ff 00 00 01 01 00 00 70
19:31:48.207       	00 00 49 5f 09 00 00 00 14 00 00 00 14 00 00 00 ff ff 00 00 01 01 00 00 01
19:31:48.207       	00 00 49 5f 0a 00 00 00 14 00 00 00 14 00 00 00 ff ff 00 00 01 01 00 00 90 00
19:31:48.207       	00 00 49 5f 0d 00 00 00 14 00 00 00 14 00 00 00 ff ff 00 00 00 01 00 00 01 a4 04 00 10
19:31:48.208       	00 00 49 5f 09 00 00 00 14 00 00 00 14 00 00 00 ff ff 00 00 01 01 00 00 a4
19:31:48.208       	00 00 49 5f 18 00 00 00 14 00 00 00 14 00 00 00 ff ff 00 00 00 01 00 00 a0 00 00 05 59 10 10 ff ff ff ff 89 00 00 01 00
19:31:48.211       	00 00 49 5f 0a 00 00 00 14 00 00 00 14 00 00 00 ff ff 00 00 01 01 00 00 61 24
19:31:48.212       	00 00 49 5f 0d 00 00 00 14 00 00 00 14 00 00 00 ff ff 00 00 00 01 00 00 01 c0 00 00 24
19:31:48.212       	00 00 49 5f 09 00 00 00 14 00 00 00 14 00 00 00 ff ff 00 00 01 01 00 00 c0
19:31:48.214       	00 00 00 00 2c 00 00 00 14 00 00 00 14 00 00 00 ff ff 00 00 01 01 00 00 6f 22 84 10 a0 00 00 05 59 10 10 ff ff ff ff 89 00 00 01 00 a5 04 9f 65 01 ff e0 08 82 03 02 03 00 03 01 00
19:31:48.214       	00 00 49 5f 0a 00 00 00 14 00 00 00 14 00 00 00 ff ff 00 00 01 01 00 00 90 00
19:31:48.220       	00 00 49 5f 0d 00 00 00 14 00 00 00 14 00 00 00 ff ff 00 00 00 01 00 00 81 e2 91 00 03
19:31:48.221       	00 00 49 5f 09 00 00 00 14 00 00 00 14 00 00 00 ff ff 00 00 01 01 00 00 e2
19:31:48.221       	00 00 49 5f 0b 00 00 00 14 00 00 00 14 00 00 00 ff ff 00 00 00 01 00 00 bf 22 00
19:31:48.241       	00 00 49 5f 0a 00 00 00 14 00 00 00 14 00 00 00 ff ff 00 00 01 01 00 00 61 00
19:31:48.242       	00 00 49 5f 0d 00 00 00 14 00 00 00 14 00 00 00 ff ff 00 00 00 01 00 00 01 c0 00 00 00
19:31:48.242       	00 00 49 5f 09 00 00 00 14 00 00 00 14 00 00 00 ff ff 00 00 01 01 00 00 c0
19:31:48.255       	00 00 00 00 08 01 00 00 14 00 00 00 14 00 00 00 ff ff 00 00 01 01 00 00 bf 22 82 01 01 81 03 02 03 01 82 03 02 03 00 83 03 24 04 10 84 0f 81 01 00 82 04 00 0f d6 15 83 04 00 00 29 5f 85 05 06 7f 3e ff c0 86 03 0c 00 00 87 03 02 03 00 88 02 03 d8 a9 58 04 14 81 37 0f 51 25 d0 b1 d4 08 d4 c3 b2 32 e6 d2 5e 79 5b eb fb 04 14 16 b5 d1 60 48 e3 ea 02 bd 4b 60 6e 5f 77 a4 bf 20 80 8d 83 04 14 cd f6 d1 c0 a7 b0 7f 98 a8 61 b6 e3 78 b8 2f 64 8d 99 66 3e 04 14 d3 ef 83 fc 50 3f 9c 6e c4 b7 f6 ae 05 5b 7f 13 73 d4 ab 1e aa 58 04 14 81 37 0f 51 25 d0 b1 d4 08 d4 c3 b2 32 e6 d2 5e 79 5b eb fb 04 14 16 b5 d1 60 48 e3 ea 02 bd 4b 60 6e 5f 77 a4 bf 20 80 8d 83 04 14 cd f6 d1 c0 a7 b0 7f 98 a8 61 b6 e3 78 b8 2f 64 8d 99 66 3e 04 14 d3 ef 83 fc 50 3f 9c 6e c4 b7 f6 ae 05 5b 7f 13 73 d4 ab 1e 99 02 06 40 04 03 02 00 00 0c 0d 56 44 2d 4d 44 2d 55
19:31:48.255       	00 00 49 5f 0a 00 00 00 14 00 00 00 14 00 00 00 ff ff 00 00 01 01 00 00 61 06
19:31:48.256       	00 00 49 5f 0d 00 00 00 14 00 00 00 14 00 00 00 ff ff 00 00 00 01 00 00 01 c0 00 00 06
19:31:48.256       	00 00 49 5f 09 00 00 00 14 00 00 00 14 00 00 00 ff ff 00 00 01 01 00 00 c0
19:31:48.256       	00 00 49 5f 0e 00 00 00 14 00 00 00 14 00 00 00 ff ff 00 00 01 01 00 00 50 2d 30 38 32 35
19:31:48.257       	00 00 49 5f 0a 00 00 00 14 00 00 00 14 00 00 00 ff ff 00 00 01 01 00 00 90 00
19:31:48.262       	00 00 49 5f 0d 00 00 00 14 00 00 00 14 00 00 00 ff ff 00 00 00 01 00 00 00 70 80 01 00
19:31:48.263       	00 00 49 5f 0a 00 00 00 14 00 00 00 14 00 00 00 ff ff 00 00 01 01 00 00 90 00
19:31:48.273       	00 00 49 5f 0d 00 00 00 14 00 00 00 14 00 00 00 ff ff 00 00 00 01 00 00 00 70 00 00 01
19:31:48.274       	00 00 49 5f 09 00 00 00 14 00 00 00 14 00 00 00 ff ff 00 00 01 01 00 00 70
19:31:48.274       	00 00 49 5f 09 00 00 00 14 00 00 00 14 00 00 00 ff ff 00 00 01 01 00 00 01
19:31:48.274       	00 00 49 5f 0a 00 00 00 14 00 00 00 14 00 00 00 ff ff 00 00 01 01 00 00 90 00
19:31:48.275       	00 00 49 5f 0d 00 00 00 14 00 00 00 14 00 00 00 ff ff 00 00 00 01 00 00 01 a4 04 00 10
19:31:48.275       	00 00 49 5f 09 00 00 00 14 00 00 00 14 00 00 00 ff ff 00 00 01 01 00 00 a4
19:31:48.276       	00 00 49 5f 18 00 00 00 14 00 00 00 14 00 00 00 ff ff 00 00 00 01 00 00 a0 00 00 05 59 10 10 ff ff ff ff 89 00 00 01 00
19:31:48.278       	00 00 49 5f 0a 00 00 00 14 00 00 00 14 00 00 00 ff ff 00 00 01 01 00 00 61 24
19:31:48.279       	00 00 49 5f 0d 00 00 00 14 00 00 00 14 00 00 00 ff ff 00 00 00 01 00 00 01 c0 00 00 24
19:31:48.279       	00 00 49 5f 09 00 00 00 14 00 00 00 14 00 00 00 ff ff 00 00 01 01 00 00 c0
19:31:48.281       	00 00 00 00 2c 00 00 00 14 00 00 00 14 00 00 00 ff ff 00 00 01 01 00 00 6f 22 84 10 a0 00 00 05 59 10 10 ff ff ff ff 89 00 00 01 00 a5 04 9f 65 01 ff e0 08 82 03 02 03 00 03 01 00
19:31:48.281       	00 00 49 5f 0a 00 00 00 14 00 00 00 14 00 00 00 ff ff 00 00 01 01 00 00 90 00
19:31:48.287       	00 00 49 5f 0d 00 00 00 14 00 00 00 14 00 00 00 ff ff 00 00 00 01 00 00 81 e2 91 00 03
19:31:48.287       	00 00 49 5f 09 00 00 00 14 00 00 00 14 00 00 00 ff ff 00 00 01 01 00 00 e2
19:31:48.288       	00 00 49 5f 0b 00 00 00 14 00 00 00 14 00 00 00 ff ff 00 00 00 01 00 00 bf 22 00
19:31:48.292       	00 00 49 5f 0a 00 00 00 14 00 00 00 14 00 00 00 ff ff 00 00 01 01 00 00 61 00
19:31:48.293       	00 00 49 5f 0d 00 00 00 14 00 00 00 14 00 00 00 ff ff 00 00 00 01 00 00 01 c0 00 00 00
19:31:48.293       	00 00 49 5f 09 00 00 00 14 00 00 00 14 00 00 00 ff ff 00 00 01 01 00 00 c0
19:31:48.306       	00 00 4c 6f 08 01 00 00 14 00 00 00 14 00 00 00 ff ff 00 00 01 01 00 00 bf 22 82 01 01 81 03 02 03 01 82 03 02 03 00 83 03 24 04 10 84 0f 81 01 00 82 04 00 0f d6 15 83 04 00 00 29 5f 85 05 06 7f 3e ff c0 86 03 0c 00 00 87 03 02 03 00 88 02 03 d8 a9 58 04 14 81 37 0f 51 25 d0 b1 d4 08 d4 c3 b2 32 e6 d2 5e 79 5b eb fb 04 14 16 b5 d1 60 48 e3 ea 02 bd 4b 60 6e 5f 77 a4 bf 20 80 8d 83 04 14 cd f6 d1 c0 a7 b0 7f 98 a8 61 b6 e3 78 b8 2f 64 8d 99 66 3e 04 14 d3 ef 83 fc 50 3f 9c 6e c4 b7 f6 ae 05 5b 7f 13 73 d4 ab 1e aa 58 04 14 81 37 0f 51 25 d0 b1 d4 08 d4 c3 b2 32 e6 d2 5e 79 5b eb fb 04 14 16 b5 d1 60 48 e3 ea 02 bd 4b 60 6e 5f 77 a4 bf 20 80 8d 83 04 14 cd f6 d1 c0 a7 b0 7f 98 a8 61 b6 e3 78 b8 2f 64 8d 99 66 3e 04 14 d3 ef 83 fc 50 3f 9c 6e c4 b7 f6 ae 05 5b 7f 13 73 d4 ab 1e 99 02 06 40 04 03 02 00 00 0c 0d 56 44 2d 4d 44 2d 55
19:31:48.306       	00 00 49 5f 0a 00 00 00 14 00 00 00 14 00 00 00 ff ff 00 00 01 01 00 00 61 06
19:31:48.306       	00 00 49 5f 0d 00 00 00 14 00 00 00 14 00 00 00 ff ff 00 00 00 01 00 00 01 c0 00 00 06
19:31:48.307       	00 00 49 5f 09 00 00 00 14 00 00 00 14 00 00 00 ff ff 00 00 01 01 00 00 c0
19:31:48.307       	00 00 49 5f 0e 00 00 00 14 00 00 00 14 00 00 00 ff ff 00 00 01 01 00 00 50 2d 30 38 32 35
19:31:48.308       	00 00 49 5f 0a 00 00 00 14 00 00 00 14 00 00 00 ff ff 00 00 01 01 00 00 90 00
19:31:48.313       	00 00 49 5f 0d 00 00 00 14 00 00 00 14 00 00 00 ff ff 00 00 00 01 00 00 00 70 80 01 00
19:31:48.313       	00 00 49 5f 0a 00 00 00 14 00 00 00 14 00 00 00 ff ff 00 00 01 01 00 00 90 00
19:31:48.322       	00 00 49 5f 0d 00 00 00 14 00 00 00 14 00 00 00 ff ff 00 00 00 01 00 00 00 70 00 00 01
19:31:48.322       	00 00 49 5f 09 00 00 00 14 00 00 00 14 00 00 00 ff ff 00 00 01 01 00 00 70
19:31:48.322       	00 00 49 5f 09 00 00 00 14 00 00 00 14 00 00 00 ff ff 00 00 01 01 00 00 01
19:31:48.322       	00 00 49 5f 0a 00 00 00 14 00 00 00 14 00 00 00 ff ff 00 00 01 01 00 00 90 00
19:31:48.323       	00 00 49 5f 0d 00 00 00 14 00 00 00 14 00 00 00 ff ff 00 00 00 01 00 00 01 a4 04 00 10
19:31:48.323       	00 00 49 5f 09 00 00 00 14 00 00 00 14 00 00 00 ff ff 00 00 01 01 00 00 a4
19:31:48.324       	00 00 49 5f 18 00 00 00 14 00 00 00 14 00 00 00 ff ff 00 00 00 01 00 00 a0 00 00 05 59 10 10 ff ff ff ff 89 00 00 01 00
19:31:48.327       	00 00 49 5f 0a 00 00 00 14 00 00 00 14 00 00 00 ff ff 00 00 01 01 00 00 61 24
19:31:48.327       	00 00 49 5f 0d 00 00 00 14 00 00 00 14 00 00 00 ff ff 00 00 00 01 00 00 01 c0 00 00 24
19:31:48.328       	00 00 49 5f 09 00 00 00 14 00 00 00 14 00 00 00 ff ff 00 00 01 01 00 00 c0
19:31:48.329       	00 00 00 00 2c 00 00 00 14 00 00 00 14 00 00 00 ff ff 00 00 01 01 00 00 6f 22 84 10 a0 00 00 05 59 10 10 ff ff ff ff 89 00 00 01 00 a5 04 9f 65 01 ff e0 08 82 03 02 03 00 03 01 00
19:31:48.330       	00 00 49 5f 0a 00 00 00 14 00 00 00 14 00 00 00 ff ff 00 00 01 01 00 00 90 00
19:31:48.335       	00 00 49 5f 0d 00 00 00 14 00 00 00 14 00 00 00 ff ff 00 00 00 01 00 00 81 e2 91 00 10
19:31:48.336       	00 00 49 5f 09 00 00 00 14 00 00 00 14 00 00 00 ff ff 00 00 01 01 00 00 e2
19:31:48.336       	00 00 49 5f 18 00 00 00 14 00 00 00 14 00 00 00 ff ff 00 00 00 01 00 00 bf 2d 0d 5c 0b 5a 90 91 92 b7 9f 70 95 99 bf 76
19:31:48.343       	00 00 49 5f 0a 00 00 00 14 00 00 00 14 00 00 00 ff ff 00 00 01 01 00 00 61 c3
19:31:48.343       	00 00 49 5f 0d 00 00 00 14 00 00 00 14 00 00 00 ff ff 00 00 00 01 00 00 01 c0 00 00 c3
19:31:48.344       	00 00 49 5f 09 00 00 00 14 00 00 00 14 00 00 00 ff ff 00 00 01 01 00 00 c0
19:31:48.354       	00 00 00 00 cb 00 00 00 14 00 00 00 14 00 00 00 ff ff 00 00 01 01 00 00 bf 2d 81 bf a0 81 bc e3 5c 5a 0a 98 58 22 54 82 00 02 66 21 16 9f 70 01 00 91 0d 52 65 64 74 65 61 20 4d 6f 62 69 6c 65 92 08 52 65 64 74 65 61 47 4f 95 01 02 b7 05 80 03 54 f4 00 bf 76 26 e2 24 e1 16 c1 14 f4 2b 82 f5 c1 ff 07 e8 c7 76 06 75 33 eb 2e 70 f0 de 65 e0 e3 0a db 08 00 00 00 00 00 00 00 01 e3 5c 5a 0a 98 58 22 54 82 00 02 66 42 76 9f 70 01 00 91 0d 52 65 64 74 65 61 20 4d 6f 62 69 6c 65 92 08 52 65 64 74 65 61 47 4f 95 01 02 b7 05 80 03 54 f4 00 bf 76 26 e2 24 e1 16 c1 14 f4 2b 82 f5 c1 ff 07 e8 c7 76 06 75 33 eb 2e 70 f0 de 65 e0 e3 0a db 08 00 00 00 00 00 00 00 01
19:31:48.354       	00 00 49 5f 0a 00 00 00 14 00 00 00 14 00 00 00 ff ff 00 00 01 01 00 00 90 00
19:31:48.359       	00 00 49 5f 0d 00 00 00 14 00 00 00 14 00 00 00 ff ff 00 00 00 01 00 00 00 70 80 01 00
19:31:48.360       	00 00 49 5f 0a 00 00 00 14 00 00 00 14 00 00 00 ff ff 00 00 01 01 00 00 90 00
19:31:48.376       	00 00 49 5f 0d 00 00 00 14 00 00 00 14 00 00 00 ff ff 00 00 00 01 00 00 00 70 00 00 01
19:31:48.376       	00 00 49 5f 09 00 00 00 14 00 00 00 14 00 00 00 ff ff 00 00 01 01 00 00 70
19:31:48.376       	00 00 49 5f 09 00 00 00 14 00 00 00 14 00 00 00 ff ff 00 00 01 01 00 00 01
19:31:48.376       	00 00 49 5f 0a 00 00 00 14 00 00 00 14 00 00 00 ff ff 00 00 01 01 00 00 90 00
19:31:48.377       	00 00 49 5f 0d 00 00 00 14 00 00 00 14 00 00 00 ff ff 00 00 00 01 00 00 01 a4 04 00 10
19:31:48.377       	00 00 49 5f 09 00 00 00 14 00 00 00 14 00 00 00 ff ff 00 00 01 01 00 00 a4
19:31:48.378       	00 00 49 5f 18 00 00 00 14 00 00 00 14 00 00 00 ff ff 00 00 00 01 00 00 a0 00 00 05 59 10 10 ff ff ff ff 89 00 00 01 00
19:31:48.381       	00 00 49 5f 0a 00 00 00 14 00 00 00 14 00 00 00 ff ff 00 00 01 01 00 00 61 24
19:31:48.381       	00 00 49 5f 0d 00 00 00 14 00 00 00 14 00 00 00 ff ff 00 00 00 01 00 00 01 c0 00 00 24
19:31:48.382       	00 00 49 5f 09 00 00 00 14 00 00 00 14 00 00 00 ff ff 00 00 01 01 00 00 c0
19:31:48.383       	00 00 00 00 2c 00 00 00 14 00 00 00 14 00 00 00 ff ff 00 00 01 01 00 00 6f 22 84 10 a0 00 00 05 59 10 10 ff ff ff ff 89 00 00 01 00 a5 04 9f 65 01 ff e0 08 82 03 02 03 00 03 01 00
19:31:48.384       	00 00 49 5f 0a 00 00 00 14 00 00 00 14 00 00 00 ff ff 00 00 01 01 00 00 90 00
19:31:48.393       	00 00 49 5f 0d 00 00 00 14 00 00 00 14 00 00 00 ff ff 00 00 00 01 00 00 81 e2 91 00 10
19:31:48.394       	00 00 49 5f 09 00 00 00 14 00 00 00 14 00 00 00 ff ff 00 00 01 01 00 00 e2
19:31:48.394       	00 00 49 5f 18 00 00 00 14 00 00 00 14 00 00 00 ff ff 00 00 00 01 00 00 bf 2d 0d 5c 0b 5a 90 91 92 b7 9f 70 95 99 bf 76
19:31:48.401       	00 00 49 5f 0a 00 00 00 14 00 00 00 14 00 00 00 ff ff 00 00 01 01 00 00 61 c3
19:31:48.402       	00 00 49 5f 0d 00 00 00 14 00 00 00 14 00 00 00 ff ff 00 00 00 01 00 00 01 c0 00 00 c3
19:31:48.402       	00 00 49 5f 09 00 00 00 14 00 00 00 14 00 00 00 ff ff 00 00 01 01 00 00 c0
19:31:48.412       	00 00 00 00 cb 00 00 00 14 00 00 00 14 00 00 00 ff ff 00 00 01 01 00 00 bf 2d 81 bf a0 81 bc e3 5c 5a 0a 98 58 22 54 82 00 02 66 21 16 9f 70 01 00 91 0d 52 65 64 74 65 61 20 4d 6f 62 69 6c 65 92 08 52 65 64 74 65 61 47 4f 95 01 02 b7 05 80 03 54 f4 00 bf 76 26 e2 24 e1 16 c1 14 f4 2b 82 f5 c1 ff 07 e8 c7 76 06 75 33 eb 2e 70 f0 de 65 e0 e3 0a db 08 00 00 00 00 00 00 00 01 e3 5c 5a 0a 98 58 22 54 82 00 02 66 42 76 9f 70 01 00 91 0d 52 65 64 74 65 61 20 4d 6f 62 69 6c 65 92 08 52 65 64 74 65 61 47 4f 95 01 02 b7 05 80 03 54 f4 00 bf 76 26 e2 24 e1 16 c1 14 f4 2b 82 f5 c1 ff 07 e8 c7 76 06 75 33 eb 2e 70 f0 de 65 e0 e3 0a db 08 00 00 00 00 00 00 00 01
19:31:48.412       	00 00 49 5f 0a 00 00 00 14 00 00 00 14 00 00 00 ff ff 00 00 01 01 00 00 90 00
19:31:48.425       	00 00 49 5f 0d 00 00 00 14 00 00 00 14 00 00 00 ff ff 00 00 00 01 00 00 00 70 80 01 00
19:31:48.426       	00 00 49 5f 0a 00 00 00 14 00 00 00 14 00 00 00 ff ff 00 00 01 01 00 00 90 00
19:31:48.445       	00 00 49 5f 0d 00 00 00 14 00 00 00 14 00 00 00 ff ff 00 00 00 01 00 00 00 70 00 00 01
19:31:48.445       	00 00 49 5f 09 00 00 00 14 00 00 00 14 00 00 00 ff ff 00 00 01 01 00 00 70
19:31:48.445       	00 00 49 5f 09 00 00 00 14 00 00 00 14 00 00 00 ff ff 00 00 01 01 00 00 01
19:31:48.445       	00 00 49 5f 0a 00 00 00 14 00 00 00 14 00 00 00 ff ff 00 00 01 01 00 00 90 00
19:31:48.446       	00 00 49 5f 0d 00 00 00 14 00 00 00 14 00 00 00 ff ff 00 00 00 01 00 00 01 a4 04 00 10
19:31:48.446       	00 00 49 5f 09 00 00 00 14 00 00 00 14 00 00 00 ff ff 00 00 01 01 00 00 a4
19:31:48.447       	00 00 49 5f 18 00 00 00 14 00 00 00 14 00 00 00 ff ff 00 00 00 01 00 00 a0 00 00 05 59 10 10 ff ff ff ff 89 00 00 01 00
19:31:48.450       	00 00 49 5f 0a 00 00 00 14 00 00 00 14 00 00 00 ff ff 00 00 01 01 00 00 61 24
19:31:48.450       	00 00 49 5f 0d 00 00 00 14 00 00 00 14 00 00 00 ff ff 00 00 00 01 00 00 01 c0 00 00 24
19:31:48.451       	00 00 49 5f 09 00 00 00 14 00 00 00 14 00 00 00 ff ff 00 00 01 01 00 00 c0
19:31:48.453       	00 00 00 00 2c 00 00 00 14 00 00 00 14 00 00 00 ff ff 00 00 01 01 00 00 6f 22 84 10 a0 00 00 05 59 10 10 ff ff ff ff 89 00 00 01 00 a5 04 9f 65 01 ff e0 08 82 03 02 03 00 03 01 00
19:31:48.453       	00 00 49 5f 0a 00 00 00 14 00 00 00 14 00 00 00 ff ff 00 00 01 01 00 00 90 00
19:31:48.461       	00 00 49 5f 0d 00 00 00 14 00 00 00 14 00 00 00 ff ff 00 00 00 01 00 00 81 e2 91 00 06
19:31:48.462       	00 00 49 5f 09 00 00 00 14 00 00 00 14 00 00 00 ff ff 00 00 01 01 00 00 e2
19:31:48.462       	00 00 49 5f 0e 00 00 00 14 00 00 00 14 00 00 00 ff ff 00 00 00 01 00 00 bf 3e 03 5c 01 5a
19:31:48.463       	00 00 49 5f 0a 00 00 00 14 00 00 00 14 00 00 00 ff ff 00 00 01 01 00 00 61 15
19:31:48.464       	00 00 49 5f 0d 00 00 00 14 00 00 00 14 00 00 00 ff ff 00 00 00 01 00 00 01 c0 00 00 15
19:31:48.464       	00 00 49 5f 09 00 00 00 14 00 00 00 14 00 00 00 ff ff 00 00 01 01 00 00 c0
19:31:48.465       	00 00 49 5f 1d 00 00 00 14 00 00 00 14 00 00 00 ff ff 00 00 01 01 00 00 bf 3e 12 5a 10 89 03 40 11 02 44 00 00 00 00 00 00 13 43 39 40
19:31:48.465       	00 00 49 5f 0a 00 00 00 14 00 00 00 14 00 00 00 ff ff 00 00 01 01 00 00 90 00
19:31:48.471       	00 00 49 5f 0d 00 00 00 14 00 00 00 14 00 00 00 ff ff 00 00 00 01 00 00 00 70 80 01 00
19:31:48.471       	00 00 49 5f 0a 00 00 00 14 00 00 00 14 00 00 00 ff ff 00 00 01 01 00 00 90 00
19:32:03.239       	00 00 49 5f 0d 00 00 00 14 00 00 00 14 00 00 00 ff ff 00 00 00 01 00 00 00 70 00 00 01
19:32:03.240       	00 00 49 5f 09 00 00 00 14 00 00 00 14 00 00 00 ff ff 00 00 01 01 00 00 70
19:32:03.240       	00 00 49 5f 09 00 00 00 14 00 00 00 14 00 00 00 ff ff 00 00 01 01 00 00 01
19:32:03.240       	00 00 49 5f 0a 00 00 00 14 00 00 00 14 00 00 00 ff ff 00 00 01 01 00 00 90 00
19:32:03.241       	00 00 49 5f 0d 00 00 00 14 00 00 00 14 00 00 00 ff ff 00 00 00 01 00 00 01 a4 04 00 10
19:32:03.241       	00 00 49 5f 09 00 00 00 14 00 00 00 14 00 00 00 ff ff 00 00 01 01 00 00 a4
19:32:03.241       	00 00 49 5f 18 00 00 00 14 00 00 00 14 00 00 00 ff ff 00 00 00 01 00 00 a0 00 00 05 59 10 10 ff ff ff ff 89 00 00 01 00
19:32:03.244       	00 00 49 5f 0a 00 00 00 14 00 00 00 14 00 00 00 ff ff 00 00 01 01 00 00 61 24
19:32:03.245       	00 00 49 5f 0d 00 00 00 14 00 00 00 14 00 00 00 ff ff 00 00 00 01 00 00 01 c0 00 00 24
19:32:03.245       	00 00 49 5f 09 00 00 00 14 00 00 00 14 00 00 00 ff ff 00 00 01 01 00 00 c0
19:32:03.247       	00 00 00 00 2c 00 00 00 14 00 00 00 14 00 00 00 ff ff 00 00 01 01 00 00 6f 22 84 10 a0 00 00 05 59 10 10 ff ff ff ff 89 00 00 01 00 a5 04 9f 65 01 ff e0 08 82 03 02 03 00 03 01 00
19:32:03.247       	00 00 49 5f 0a 00 00 00 14 00 00 00 14 00 00 00 ff ff 00 00 01 01 00 00 90 00
19:32:03.252       	00 00 49 5f 0d 00 00 00 14 00 00 00 14 00 00 00 ff ff 00 00 00 01 00 00 81 e2 91 00 17
19:32:03.253       	00 00 49 5f 09 00 00 00 14 00 00 00 14 00 00 00 ff ff 00 00 01 01 00 00 e2
19:32:03.254       	00 00 49 5f 1f 00 00 00 14 00 00 00 14 00 00 00 ff ff 00 00 00 01 00 00 bf 31 14 a0 0c 5a 0a 98 58 22 54 82 00 02 66 21 16 81 01 00 82 01 02
19:32:03.521       	00 00 49 5f 0a 00 00 00 14 00 00 00 14 00 00 00 ff ff 00 00 01 01 00 00 61 06
19:32:03.521       	00 00 49 5f 0d 00 00 00 14 00 00 00 14 00 00 00 ff ff 00 00 00 01 00 00 01 c0 00 00 06
19:32:03.521       	00 00 49 5f 09 00 00 00 14 00 00 00 14 00 00 00 ff ff 00 00 01 01 00 00 c0
19:32:03.522       	00 00 49 5f 0e 00 00 00 14 00 00 00 14 00 00 00 ff ff 00 00 01 01 00 00 bf 31 03 80 01 00
19:32:03.522       	00 00 49 5f 0a 00 00 00 14 00 00 00 14 00 00 00 ff ff 00 00 01 01 00 00 90 00
19:32:03.533       	00 00 49 5f 0d 00 00 00 14 00 00 00 14 00 00 00 ff ff 00 00 00 01 00 00 00 70 80 01 00
19:32:03.533       	00 00 49 5f 0a 00 00 00 14 00 00 00 14 00 00 00 ff ff 00 00 01 01 00 00 90 00
19:32:03.654       	00 00 49 5f 1e 00 00 00 14 00 00 00 14 00 00 00 ff ff 00 00 01 01 00 00 3b 9f 96 80 3f c7 83 80 31 e0 73 f6 21 13 67 56 07 58 e0 24 04 10
19:32:03.761       	00 00 49 5f 0d 00 00 00 14 00 00 00 14 00 00 00 ff ff 00 00 00 01 00 00 80 7c 04 00 09
19:32:03.835       	00 00 49 5f 09 00 00 00 14 00 00 00 14 00 00 00 ff ff 00 00 01 01 00 00 7c
19:32:03.836       	00 00 49 5f 11 00 00 00 14 00 00 00 14 00 00 00 ff ff 00 00 00 01 00 00 80 01 02 90 01 01 91 01 02
19:32:03.852       	00 00 49 5f 0a 00 00 00 14 00 00 00 14 00 00 00 ff ff 00 00 01 01 00 00 61 0a
19:32:03.853       	00 00 49 5f 0d 00 00 00 14 00 00 00 14 00 00 00 ff ff 00 00 00 01 00 00 00 c0 00 00 0a
19:32:03.853       	00 00 49 5f 09 00 00 00 14 00 00 00 14 00 00 00 ff ff 00 00 01 01 00 00 c0
19:32:03.854       	00 00 49 5f 12 00 00 00 14 00 00 00 14 00 00 00 ff ff 00 00 01 01 00 00 80 01 02 90 02 01 01 91 01 02
19:32:03.854       	00 00 49 5f 0a 00 00 00 14 00 00 00 14 00 00 00 ff ff 00 00 01 01 00 00 90 00
19:32:03.855       	00 00 49 5f 0d 00 00 00 14 00 00 00 14 00 00 00 ff ff 00 00 00 01 00 00 00 a4 00 04 02
19:32:03.855       	00 00 49 5f 09 00 00 00 14 00 00 00 14 00 00 00 ff ff 00 00 01 01 00 00 a4
19:32:03.856       	00 00 49 5f 0a 00 00 00 14 00 00 00 14 00 00 00 ff ff 00 00 00 01 00 00 3f 00
19:32:03.861       	00 00 49 5f 0a 00 00 00 14 00 00 00 14 00 00 00 ff ff 00 00 01 01 00 00 61 2a
19:32:03.862       	00 00 49 5f 0d 00 00 00 14 00 00 00 14 00 00 00 ff ff 00 00 00 01 00 00 00 c0 00 00 2a
19:32:03.862       	00 00 49 5f 09 00 00 00 14 00 00 00 14 00 00 00 ff ff 00 00 01 01 00 00 c0
19:32:03.864       	00 00 00 00 32 00 00 00 14 00 00 00 14 00 00 00 ff ff 00 00 01 01 00 00 62 28 82 02 78 21 83 02 3f 00 a5 06 80 01 71 87 01 01 8a 01 05 ab 0b 80 01 87 a4 06 83 01 0a 95 01 08 c6 06 90 01 00 83 01 01
19:32:03.864       	00 00 49 5f 0a 00 00 00 14 00 00 00 14 00 00 00 ff ff 00 00 01 01 00 00 90 00
19:32:03.865       	00 00 49 5f 0d 00 00 00 14 00 00 00 14 00 00 00 ff ff 00 00 00 01 00 00 80 10 00 00 1e
19:32:03.865       	00 00 49 5f 09 00 00 00 14 00 00 00 14 00 00 00 ff ff 00 00 01 01 00 00 10
19:32:03.866       	00 00 49 5f 26 00 00 00 14 00 00 00 14 00 00 00 ff ff 00 00 00 01 00 00 00 00 80 00 00 00 00 00 00 00 00 00 00 00 00 00 00 00 00 00 00 00 00 00 00 00 00 00 00 00
19:32:03.889       	00 00 49 5f 0a 00 00 00 14 00 00 00 14 00 00 00 ff ff 00 00 01 01 00 00 90 00
19:32:03.889       	00 00 49 5f 0d 00 00 00 14 00 00 00 14 00 00 00 ff ff 00 00 00 01 00 00 80 7c 00 02 00
19:32:03.897       	00 00 49 5f 0a 00 00 00 14 00 00 00 14 00 00 00 ff ff 00 00 01 01 00 00 90 00
19:32:03.898       	00 00 49 5f 0d 00 00 00 14 00 00 00 14 00 00 00 ff ff 00 00 00 01 02 00 00 a4 00 04 02
19:32:03.898       	00 00 49 5f 09 00 00 00 14 00 00 00 14 00 00 00 ff ff 00 00 01 01 02 00 a4
19:32:03.899       	00 00 49 5f 0a 00 00 00 14 00 00 00 14 00 00 00 ff ff 00 00 00 01 02 00 3f 00
19:32:03.921       	00 00 49 5f 0a 00 00 00 14 00 00 00 14 00 00 00 ff ff 00 00 01 01 02 00 61 28
19:32:03.922       	00 00 49 5f 0d 00 00 00 14 00 00 00 14 00 00 00 ff ff 00 00 00 01 02 00 00 c0 00 00 28
19:32:03.922       	00 00 49 5f 09 00 00 00 14 00 00 00 14 00 00 00 ff ff 00 00 01 01 02 00 c0
19:32:03.924       	00 00 00 00 30 00 00 00 14 00 00 00 14 00 00 00 ff ff 00 00 01 01 02 00 62 26 82 02 78 21 83 02 3f 00 a5 06 80 01 71 87 01 01 8a 01 05 8b 03 2f 06 0e c6 0c 90 01 60 83 01 01 83 01 02 83 01 0a
19:32:03.924       	00 00 49 5f 0a 00 00 00 14 00 00 00 14 00 00 00 ff ff 00 00 01 01 02 00 90 00
19:32:03.925       	00 00 49 5f 0d 00 00 00 14 00 00 00 14 00 00 00 ff ff 00 00 00 01 02 00 80 aa 00 00 08
19:32:03.925       	00 00 49 5f 09 00 00 00 14 00 00 00 14 00 00 00 ff ff 00 00 01 01 02 00 aa
19:32:03.926       	00 00 49 5f 10 00 00 00 14 00 00 00 14 00 00 00 ff ff 00 00 00 01 02 00 a9 06 82 01 01 83 01 07
19:32:03.931       	00 00 49 5f 0a 00 00 00 14 00 00 00 14 00 00 00 ff ff 00 00 01 01 02 00 90 00
19:32:03.931       	00 00 49 5f 0d 00 00 00 14 00 00 00 14 00 00 00 ff ff 00 00 00 01 02 00 00 a4 08 04 02
19:32:03.932       	00 00 49 5f 09 00 00 00 14 00 00 00 14 00 00 00 ff ff 00 00 01 01 02 00 a4
19:32:03.933       	00 00 49 5f 0a 00 00 00 14 00 00 00 14 00 00 00 ff ff 00 00 00 01 02 00 2f e2
19:32:03.934       	00 00 49 5f 0a 00 00 00 14 00 00 00 14 00 00 00 ff ff 00 00 01 01 02 00 61 18
19:32:03.934       	00 00 49 5f 0d 00 00 00 14 00 00 00 14 00 00 00 ff ff 00 00 00 01 02 00 00 c0 00 00 18
19:32:03.935       	00 00 49 5f 09 00 00 00 14 00 00 00 14 00 00 00 ff ff 00 00 01 01 02 00 c0
19:32:03.936       	00 00 49 5f 20 00 00 00 14 00 00 00 14 00 00 00 ff ff 00 00 01 01 02 00 62 16 82 02 41 21 83 02 2f e2 8a 01 05 8b 03 2f 06 0b 80 02 00 0a 88 00
19:32:03.936       	00 00 49 5f 0a 00 00 00 14 00 00 00 14 00 00 00 ff ff 00 00 01 01 02 00 90 00
19:32:03.936       	00 00 49 5f 0d 00 00 00 14 00 00 00 14 00 00 00 ff ff 00 00 00 01 02 00 00 b0 00 00 0a
19:32:03.937       	00 00 49 5f 09 00 00 00 14 00 00 00 14 00 00 00 ff ff 00 00 01 01 02 00 b0
19:32:03.938       	00 00 49 5f 12 00 00 00 14 00 00 00 14 00 00 00 ff ff 00 00 01 01 02 00 98 58 22 54 82 00 02 66 21 16
19:32:03.938       	00 00 49 5f 0a 00 00 00 14 00 00 00 14 00 00 00 ff ff 00 00 01 01 02 00 90 00
19:32:03.938       	00 00 49 5f 0d 00 00 00 14 00 00 00 14 00 00 00 ff ff 00 00 00 01 02 00 00 a4 08 04 02
19:32:03.939       	00 00 49 5f 09 00 00 00 14 00 00 00 14 00 00 00 ff ff 00 00 01 01 02 00 a4
19:32:03.940       	00 00 49 5f 0a 00 00 00 14 00 00 00 14 00 00 00 ff ff 00 00 00 01 02 00 2f 05
19:32:03.941       	00 00 49 5f 0a 00 00 00 14 00 00 00 14 00 00 00 ff ff 00 00 01 01 02 00 61 19
19:32:03.941       	00 00 49 5f 0d 00 00 00 14 00 00 00 14 00 00 00 ff ff 00 00 00 01 02 00 00 c0 00 00 19
19:32:03.942       	00 00 49 5f 09 00 00 00 14 00 00 00 14 00 00 00 ff ff 00 00 01 01 02 00 c0
19:32:03.943       	00 00 49 5f 21 00 00 00 14 00 00 00 14 00 00 00 ff ff 00 00 01 01 02 00 62 17 82 02 41 21 83 02 2f 05 8a 01 05 8b 03 2f 06 01 80 02 00 02 88 01 28
19:32:03.943       	00 00 49 5f 0a 00 00 00 14 00 00 00 14 00 00 00 ff ff 00 00 01 01 02 00 90 00
19:32:03.944       	00 00 49 5f 0d 00 00 00 14 00 00 00 14 00 00 00 ff ff 00 00 00 01 02 00 00 b0 00 00 02
19:32:03.944       	00 00 49 5f 09 00 00 00 14 00 00 00 14 00 00 00 ff ff 00 00 01 01 02 00 b0
19:32:03.944       	00 00 49 5f 0a 00 00 00 14 00 00 00 14 00 00 00 ff ff 00 00 01 01 02 00 ff ff
19:32:03.944       	00 00 49 5f 0a 00 00 00 14 00 00 00 14 00 00 00 ff ff 00 00 01 01 02 00 90 00
19:32:03.945       	00 00 49 5f 0d 00 00 00 14 00 00 00 14 00 00 00 ff ff 00 00 00 01 02 00 80 10 00 00 1e
19:32:03.946       	00 00 49 5f 09 00 00 00 14 00 00 00 14 00 00 00 ff ff 00 00 01 01 02 00 10
19:32:03.946       	00 00 49 5f 26 00 00 00 14 00 00 00 14 00 00 00 ff ff 00 00 00 01 02 00 ff ff ff ff 5f dd 00 df ff 03 02 1f e2 00 00 00 c3 c9 00 00 00 00 40 00 50 00 00 00 00 08
19:32:04.004       	00 00 49 5f 0a 00 00 00 14 00 00 00 14 00 00 00 ff ff 00 00 01 01 02 00 91 10
19:32:04.004       	00 00 49 5f 0d 00 00 00 14 00 00 00 14 00 00 00 ff ff 00 00 00 01 02 00 00 a4 08 04 02
19:32:04.005       	00 00 49 5f 09 00 00 00 14 00 00 00 14 00 00 00 ff ff 00 00 01 01 02 00 a4
19:32:04.006       	00 00 49 5f 0a 00 00 00 14 00 00 00 14 00 00 00 ff ff 00 00 00 01 02 00 2f 00
19:32:04.007       	00 00 49 5f 0a 00 00 00 14 00 00 00 14 00 00 00 ff ff 00 00 01 01 02 00 61 1c
19:32:04.007       	00 00 49 5f 0d 00 00 00 14 00 00 00 14 00 00 00 ff ff 00 00 00 01 02 00 00 c0 00 00 1c
19:32:04.008       	00 00 49 5f 09 00 00 00 14 00 00 00 14 00 00 00 ff ff 00 00 01 01 02 00 c0
19:32:04.009       	00 00 49 5f 24 00 00 00 14 00 00 00 14 00 00 00 ff ff 00 00 01 01 02 00 62 1a 82 05 42 21 00 26 04 83 02 2f 00 8a 01 05 8b 03 2f 06 0a 80 02 00 98 88 01 f0
19:32:04.009       	00 00 49 5f 0a 00 00 00 14 00 00 00 14 00 00 00 ff ff 00 00 01 01 02 00 91 10
19:32:04.010       	00 00 49 5f 0d 00 00 00 14 00 00 00 14 00 00 00 ff ff 00 00 00 01 02 00 00 b2 01 04 26
19:32:04.010       	00 00 49 5f 09 00 00 00 14 00 00 00 14 00 00 00 ff ff 00 00 01 01 02 00 b2
19:32:04.012       	00 00 00 00 2e 00 00 00 14 00 00 00 14 00 00 00 ff ff 00 00 01 01 02 00 61 18 4f 10 a0 00 00 00 87 10 02 ff 33 ff 01 89 00 00 01 00 50 04 55 53 49 4d ff ff ff ff ff ff ff ff ff ff ff ff
19:32:04.012       	00 00 49 5f 0a 00 00 00 14 00 00 00 14 00 00 00 ff ff 00 00 01 01 02 00 91 10
19:32:04.013       	00 00 49 5f 0d 00 00 00 14 00 00 00 14 00 00 00 ff ff 00 00 00 01 02 00 00 b2 02 04 26
19:32:04.014       	00 00 49 5f 09 00 00 00 14 00 00 00 14 00 00 00 ff ff 00 00 01 01 02 00 b2
19:32:04.016       	00 00 00 00 2e 00 00 00 14 00 00 00 14 00 00 00 ff ff 00 00 01 01 02 00 ff ff ff ff ff ff ff ff ff ff ff ff ff ff ff ff ff ff ff ff ff ff ff ff ff ff ff ff ff ff ff ff ff ff ff ff ff ff
19:32:04.016       	00 00 49 5f 0a 00 00 00 14 00 00 00 14 00 00 00 ff ff 00 00 01 01 02 00 91 10
19:32:04.016       	00 00 49 5f 0d 00 00 00 14 00 00 00 14 00 00 00 ff ff 00 00 00 01 02 00 00 b2 03 04 26
19:32:04.017       	00 00 49 5f 09 00 00 00 14 00 00 00 14 00 00 00 ff ff 00 00 01 01 02 00 b2
19:32:04.019       	00 00 00 00 2e 00 00 00 14 00 00 00 14 00 00 00 ff ff 00 00 01 01 02 00 ff ff ff ff ff ff ff ff ff ff ff ff ff ff ff ff ff ff ff ff ff ff ff ff ff ff ff ff ff ff ff ff ff ff ff ff ff ff
19:32:04.019       	00 00 49 5f 0a 00 00 00 14 00 00 00 14 00 00 00 ff ff 00 00 01 01 02 00 91 10
19:32:04.020       	00 00 49 5f 0d 00 00 00 14 00 00 00 14 00 00 00 ff ff 00 00 00 01 02 00 00 b2 04 04 26
19:32:04.020       	00 00 49 5f 09 00 00 00 14 00 00 00 14 00 00 00 ff ff 00 00 01 01 02 00 b2
19:32:04.022       	00 00 00 00 2e 00 00 00 14 00 00 00 14 00 00 00 ff ff 00 00 01 01 02 00 ff ff ff ff ff ff ff ff ff ff ff ff ff ff ff ff ff ff ff ff ff ff ff ff ff ff ff ff ff ff ff ff ff ff ff ff ff ff
19:32:04.022       	00 00 49 5f 0a 00 00 00 14 00 00 00 14 00 00 00 ff ff 00 00 01 01 02 00 91 10
19:32:04.023       	00 00 49 5f 0d 00 00 00 14 00 00 00 14 00 00 00 ff ff 00 00 00 01 02 00 00 a4 04 04 10
19:32:04.023       	00 00 49 5f 09 00 00 00 14 00 00 00 14 00 00 00 ff ff 00 00 01 01 02 00 a4
19:32:04.024       	00 00 49 5f 18 00 00 00 14 00 00 00 14 00 00 00 ff ff 00 00 00 01 02 00 a0 00 00 00 87 10 02 ff 33 ff 01 89 00 00 01 00
19:32:04.049       	00 00 49 5f 0a 00 00 00 14 00 00 00 14 00 00 00 ff ff 00 00 01 01 02 00 61 32
19:32:04.050       	00 00 49 5f 0d 00 00 00 14 00 00 00 14 00 00 00 ff ff 00 00 00 01 02 00 00 c0 00 00 32
19:32:04.050       	00 00 49 5f 09 00 00 00 14 00 00 00 14 00 00 00 ff ff 00 00 01 01 02 00 c0
19:32:04.052       	00 00 00 00 3a 00 00 00 14 00 00 00 14 00 00 00 ff ff 00 00 01 01 02 00 62 30 82 02 78 21 83 02 7f f1 84 10 a0 00 00 00 87 10 02 ff 33 ff 01 89 00 00 01 00 8a 01 05 8b 03 2f 06 0e c6 0c 90 01 60 83 01 01 83 01 81 83 01 0a
19:32:04.052       	00 00 49 5f 0a 00 00 00 14 00 00 00 14 00 00 00 ff ff 00 00 01 01 02 00 91 10
19:32:04.053       	00 00 49 5f 0d 00 00 00 14 00 00 00 14 00 00 00 ff ff 00 00 00 01 02 00 00 a4 08 04 04
19:32:04.054       	00 00 49 5f 09 00 00 00 14 00 00 00 14 00 00 00 ff ff 00 00 01 01 02 00 a4
19:32:04.054       	00 00 49 5f 0c 00 00 00 14 00 00 00 14 00 00 00 ff ff 00 00 00 01 02 00 7f ff 6f b7
19:32:04.057       	00 00 49 5f 0a 00 00 00 14 00 00 00 14 00 00 00 ff ff 00 00 01 01 02 00 61 1c
19:32:04.058       	00 00 49 5f 0d 00 00 00 14 00 00 00 14 00 00 00 ff ff 00 00 00 01 02 00 00 c0 00 00 1c
19:32:04.058       	00 00 49 5f 09 00 00 00 14 00 00 00 14 00 00 00 ff ff 00 00 01 01 02 00 c0
19:32:04.060       	00 00 49 5f 24 00 00 00 14 00 00 00 14 00 00 00 ff ff 00 00 01 01 02 00 62 1a 82 05 42 21 00 04 01 83 02 6f b7 8a 01 05 8b 03 6f 06 0a 80 02 00 04 88 01 08
19:32:04.060       	00 00 49 5f 0a 00 00 00 14 00 00 00 14 00 00 00 ff ff 00 00 01 01 02 00 91 10
19:32:04.060       	00 00 49 5f 0d 00 00 00 14 00 00 00 14 00 00 00 ff ff 00 00 00 01 02 00 00 b2 01 04 04
19:32:04.061       	00 00 49 5f 09 00 00 00 14 00 00 00 14 00 00 00 ff ff 00 00 01 01 02 00 b2
19:32:04.061       	00 00 49 5f 0c 00 00 00 14 00 00 00 14 00 00 00 ff ff 00 00 01 01 02 00 ff ff ff 00
19:32:04.061       	00 00 49 5f 0a 00 00 00 14 00 00 00 14 00 00 00 ff ff 00 00 01 01 02 00 91 10
19:32:04.062       	00 00 49 5f 0d 00 00 00 14 00 00 00 14 00 00 00 ff ff 00 00 00 01 02 00 00 a4 08 04 04
19:32:04.063       	00 00 49 5f 09 00 00 00 14 00 00 00 14 00 00 00 ff ff 00 00 01 01 02 00 a4
19:32:04.063       	00 00 49 5f 0c 00 00 00 14 00 00 00 14 00 00 00 ff ff 00 00 00 01 02 00 7f ff 6f 05
19:32:04.065       	00 00 49 5f 0a 00 00 00 14 00 00 00 14 00 00 00 ff ff 00 00 01 01 02 00 6a 82
19:32:04.066       	00 00 49 5f 0d 00 00 00 14 00 00 00 14 00 00 00 ff ff 00 00 00 01 02 00 00 a4 00 04 02
19:32:04.066       	00 00 49 5f 09 00 00 00 14 00 00 00 14 00 00 00 ff ff 00 00 01 01 02 00 a4
19:32:04.067       	00 00 49 5f 0a 00 00 00 14 00 00 00 14 00 00 00 ff ff 00 00 00 01 02 00 3f 00
19:32:04.068       	00 00 49 5f 0a 00 00 00 14 00 00 00 14 00 00 00 ff ff 00 00 01 01 02 00 61 28
19:32:04.068       	00 00 49 5f 0d 00 00 00 14 00 00 00 14 00 00 00 ff ff 00 00 00 01 02 00 00 c0 00 00 28
19:32:04.069       	00 00 49 5f 09 00 00 00 14 00 00 00 14 00 00 00 ff ff 00 00 01 01 02 00 c0
19:32:04.071       	00 00 00 00 30 00 00 00 14 00 00 00 14 00 00 00 ff ff 00 00 01 01 02 00 62 26 82 02 78 21 83 02 3f 00 a5 06 80 01 71 87 01 01 8a 01 05 8b 03 2f 06 0e c6 0c 90 01 60 83 01 01 83 01 02 83 01 0a
19:32:04.071       	00 00 49 5f 0a 00 00 00 14 00 00 00 14 00 00 00 ff ff 00 00 01 01 02 00 91 10
19:32:04.071       	00 00 49 5f 0d 00 00 00 14 00 00 00 14 00 00 00 ff ff 00 00 00 01 02 00 00 a4 00 04 02
19:32:04.072       	00 00 49 5f 09 00 00 00 14 00 00 00 14 00 00 00 ff ff 00 00 01 01 02 00 a4
19:32:04.073       	00 00 49 5f 0a 00 00 00 14 00 00 00 14 00 00 00 ff ff 00 00 00 01 02 00 7f ff
19:32:04.094       	00 00 49 5f 0a 00 00 00 14 00 00 00 14 00 00 00 ff ff 00 00 01 01 02 00 61 32
19:32:04.095       	00 00 49 5f 0d 00 00 00 14 00 00 00 14 00 00 00 ff ff 00 00 00 01 02 00 00 c0 00 00 32
19:32:04.095       	00 00 49 5f 09 00 00 00 14 00 00 00 14 00 00 00 ff ff 00 00 01 01 02 00 c0
19:32:04.098       	00 00 00 00 3a 00 00 00 14 00 00 00 14 00 00 00 ff ff 00 00 01 01 02 00 62 30 82 02 78 21 83 02 7f f1 84 10 a0 00 00 00 87 10 02 ff 33 ff 01 89 00 00 01 00 8a 01 05 8b 03 2f 06 0e c6 0c 90 01 60 83 01 01 83 01 81 83 01 0a
19:32:04.098       	00 00 49 5f 0a 00 00 00 14 00 00 00 14 00 00 00 ff ff 00 00 01 01 02 00 91 10
19:32:04.098       	00 00 49 5f 0d 00 00 00 14 00 00 00 14 00 00 00 ff ff 00 00 00 01 02 00 00 a4 00 04 02
19:32:04.099       	00 00 49 5f 09 00 00 00 14 00 00 00 14 00 00 00 ff ff 00 00 01 01 02 00 a4
19:32:04.099       	00 00 49 5f 0a 00 00 00 14 00 00 00 14 00 00 00 ff ff 00 00 00 01 02 00 6f 05
19:32:04.101       	00 00 49 5f 0a 00 00 00 14 00 00 00 14 00 00 00 ff ff 00 00 01 01 02 00 6a 82
19:32:04.102       	00 00 49 5f 0d 00 00 00 14 00 00 00 14 00 00 00 ff ff 00 00 00 01 02 00 00 20 00 01 00
19:32:04.114       	00 00 49 5f 0a 00 00 00 14 00 00 00 14 00 00 00 ff ff 00 00 01 01 02 00 63 c3
19:32:04.115       	00 00 49 5f 0d 00 00 00 14 00 00 00 14 00 00 00 ff ff 00 00 00 01 02 00 00 2c 00 01 00
19:32:04.128       	00 00 49 5f 0a 00 00 00 14 00 00 00 14 00 00 00 ff ff 00 00 01 01 02 00 63 ca
19:32:04.128       	00 00 49 5f 0d 00 00 00 14 00 00 00 14 00 00 00 ff ff 00 00 00 01 02 00 00 20 00 81 00
19:32:04.142       	00 00 49 5f 0a 00 00 00 14 00 00 00 14 00 00 00 ff ff 00 00 01 01 02 00 63 c3
19:32:04.143       	00 00 49 5f 0d 00 00 00 14 00 00 00 14 00 00 00 ff ff 00 00 00 01 02 00 00 2c 00 81 00
19:32:04.156       	00 00 49 5f 0a 00 00 00 14 00 00 00 14 00 00 00 ff ff 00 00 01 01 02 00 63 ca
19:32:04.157       	00 00 49 5f 0d 00 00 00 14 00 00 00 14 00 00 00 ff ff 00 00 00 01 02 00 00 a4 08 04 04
19:32:04.158       	00 00 49 5f 09 00 00 00 14 00 00 00 14 00 00 00 ff ff 00 00 01 01 02 00 a4
19:32:04.158       	00 00 49 5f 0c 00 00 00 14 00 00 00 14 00 00 00 ff ff 00 00 00 01 02 00 7f ff 6f 38
19:32:04.161       	00 00 49 5f 0a 00 00 00 14 00 00 00 14 00 00 00 ff ff 00 00 01 01 02 00 61 19
19:32:04.162       	00 00 49 5f 0d 00 00 00 14 00 00 00 14 00 00 00 ff ff 00 00 00 01 02 00 00 c0 00 00 19
19:32:04.162       	00 00 49 5f 09 00 00 00 14 00 00 00 14 00 00 00 ff ff 00 00 01 01 02 00 c0
19:32:04.164       	00 00 49 5f 21 00 00 00 14 00 00 00 14 00 00 00 ff ff 00 00 01 01 02 00 62 17 82 02 41 21 83 02 6f 38 8a 01 05 8b 03 6f 06 02 80 02 00 11 88 01 20
19:32:04.164       	00 00 49 5f 0a 00 00 00 14 00 00 00 14 00 00 00 ff ff 00 00 01 01 02 00 91 10
19:32:04.164       	00 00 49 5f 0d 00 00 00 14 00 00 00 14 00 00 00 ff ff 00 00 00 01 02 00 00 b0 00 00 11
19:32:04.177       	00 00 49 5f 09 00 00 00 14 00 00 00 14 00 00 00 ff ff 00 00 01 01 02 00 b0
19:32:04.178       	00 00 49 5f 19 00 00 00 14 00 00 00 14 00 00 00 ff ff 00 00 01 01 02 00 00 00 1c 0c 23 16 00 00 40 00 10 00 00 00 00 00 00
19:32:04.178       	00 00 49 5f 0a 00 00 00 14 00 00 00 14 00 00 00 ff ff 00 00 01 01 02 00 91 10
19:32:04.179       	00 00 49 5f 0d 00 00 00 14 00 00 00 14 00 00 00 ff ff 00 00 00 01 02 00 00 a4 08 04 04
19:32:04.179       	00 00 49 5f 09 00 00 00 14 00 00 00 14 00 00 00 ff ff 00 00 01 01 02 00 a4
19:32:04.180       	00 00 49 5f 0c 00 00 00 14 00 00 00 14 00 00 00 ff ff 00 00 00 01 02 00 7f ff 6f 56
19:32:04.183       	00 00 49 5f 0a 00 00 00 14 00 00 00 14 00 00 00 ff ff 00 00 01 01 02 00 61 19
19:32:04.184       	00 00 49 5f 0d 00 00 00 14 00 00 00 14 00 00 00 ff ff 00 00 00 01 02 00 00 c0 00 00 19
19:32:04.184       	00 00 49 5f 09 00 00 00 14 00 00 00 14 00 00 00 ff ff 00 00 01 01 02 00 c0
19:32:04.185       	00 00 49 5f 21 00 00 00 14 00 00 00 14 00 00 00 ff ff 00 00 01 01 02 00 62 17 82 02 41 21 83 02 6f 56 8a 01 05 8b 03 6f 06 08 80 02 00 01 88 01 28
19:32:04.185       	00 00 49 5f 0a 00 00 00 14 00 00 00 14 00 00 00 ff ff 00 00 01 01 02 00 91 10
19:32:04.186       	00 00 49 5f 0d 00 00 00 14 00 00 00 14 00 00 00 ff ff 00 00 00 01 02 00 00 b0 00 00 01
19:32:04.199       	00 00 49 5f 09 00 00 00 14 00 00 00 14 00 00 00 ff ff 00 00 01 01 02 00 b0
19:32:04.199       	00 00 49 5f 09 00 00 00 14 00 00 00 14 00 00 00 ff ff 00 00 01 01 02 00 00
19:32:04.199       	00 00 49 5f 0a 00 00 00 14 00 00 00 14 00 00 00 ff ff 00 00 01 01 02 00 91 10
19:32:04.200       	00 00 49 5f 0d 00 00 00 14 00 00 00 14 00 00 00 ff ff 00 00 00 01 02 00 00 a4 08 04 04
19:32:04.200       	00 00 49 5f 09 00 00 00 14 00 00 00 14 00 00 00 ff ff 00 00 01 01 02 00 a4
19:32:04.201       	00 00 49 5f 0c 00 00 00 14 00 00 00 14 00 00 00 ff ff 00 00 00 01 02 00 7f ff 6f 07
19:32:04.204       	00 00 49 5f 0a 00 00 00 14 00 00 00 14 00 00 00 ff ff 00 00 01 01 02 00 61 19
19:32:04.205       	00 00 49 5f 0d 00 00 00 14 00 00 00 14 00 00 00 ff ff 00 00 00 01 02 00 00 c0 00 00 19
19:32:04.205       	00 00 49 5f 09 00 00 00 14 00 00 00 14 00 00 00 ff ff 00 00 01 01 02 00 c0
19:32:04.206       	00 00 49 5f 21 00 00 00 14 00 00 00 14 00 00 00 ff ff 00 00 01 01 02 00 62 17 82 02 41 21 83 02 6f 07 8a 01 05 8b 03 6f 06 02 80 02 00 09 88 01 38
19:32:04.207       	00 00 49 5f 0a 00 00 00 14 00 00 00 14 00 00 00 ff ff 00 00 01 01 02 00 91 10
19:32:04.207       	00 00 49 5f 0d 00 00 00 14 00 00 00 14 00 00 00 ff ff 00 00 00 01 02 00 00 b0 00 00 09
19:32:04.222       	00 00 49 5f 09 00 00 00 14 00 00 00 14 00 00 00 ff ff 00 00 01 01 02 00 b0
19:32:04.223       	00 00 49 5f 11 00 00 00 14 00 00 00 14 00 00 00 ff ff 00 00 01 01 02 00 08 49 45 00 36 12 73 06 40
19:32:04.223       	00 00 49 5f 0a 00 00 00 14 00 00 00 14 00 00 00 ff ff 00 00 01 01 02 00 91 10
19:32:04.223       	00 00 49 5f 0d 00 00 00 14 00 00 00 14 00 00 00 ff ff 00 00 00 01 02 00 00 a4 08 04 04
19:32:04.224       	00 00 49 5f 09 00 00 00 14 00 00 00 14 00 00 00 ff ff 00 00 01 01 02 00 a4
19:32:04.224       	00 00 49 5f 0c 00 00 00 14 00 00 00 14 00 00 00 ff ff 00 00 00 01 02 00 7f ff 6f ad
19:32:04.227       	00 00 49 5f 0a 00 00 00 14 00 00 00 14 00 00 00 ff ff 00 00 01 01 02 00 61 19
19:32:04.228       	00 00 49 5f 0d 00 00 00 14 00 00 00 14 00 00 00 ff ff 00 00 00 01 02 00 00 c0 00 00 19
19:32:04.228       	00 00 49 5f 09 00 00 00 14 00 00 00 14 00 00 00 ff ff 00 00 01 01 02 00 c0
19:32:04.230       	00 00 49 5f 21 00 00 00 14 00 00 00 14 00 00 00 ff ff 00 00 01 01 02 00 62 17 82 02 41 21 83 02 6f ad 8a 01 05 8b 03 6f 06 0a 80 02 00 04 88 01 18
19:32:04.230       	00 00 49 5f 0a 00 00 00 14 00 00 00 14 00 00 00 ff ff 00 00 01 01 02 00 91 10
19:32:04.230       	00 00 49 5f 0d 00 00 00 14 00 00 00 14 00 00 00 ff ff 00 00 00 01 02 00 00 b0 00 00 04
19:32:04.231       	00 00 49 5f 09 00 00 00 14 00 00 00 14 00 00 00 ff ff 00 00 01 01 02 00 b0
19:32:04.231       	00 00 49 5f 0c 00 00 00 14 00 00 00 14 00 00 00 ff ff 00 00 01 01 02 00 00 00 00 02
19:32:04.231       	00 00 49 5f 0a 00 00 00 14 00 00 00 14 00 00 00 ff ff 00 00 01 01 02 00 91 10
19:32:04.232       	00 00 49 5f 0d 00 00 00 14 00 00 00 14 00 00 00 ff ff 00 00 00 01 02 00 00 a4 08 04 04
19:32:04.233       	00 00 49 5f 09 00 00 00 14 00 00 00 14 00 00 00 ff ff 00 00 01 01 02 00 a4
19:32:04.233       	00 00 49 5f 0c 00 00 00 14 00 00 00 14 00 00 00 ff ff 00 00 00 01 02 00 7f ff 6f c4
19:32:04.236       	00 00 49 5f 0a 00 00 00 14 00 00 00 14 00 00 00 ff ff 00 00 01 01 02 00 61 18
19:32:04.237       	00 00 49 5f 0d 00 00 00 14 00 00 00 14 00 00 00 ff ff 00 00 00 01 02 00 00 c0 00 00 18
19:32:04.237       	00 00 49 5f 09 00 00 00 14 00 00 00 14 00 00 00 ff ff 00 00 01 01 02 00 c0
19:32:04.238       	00 00 49 5f 20 00 00 00 14 00 00 00 14 00 00 00 ff ff 00 00 01 01 02 00 62 16 82 02 41 21 83 02 6f c4 8a 01 05 8b 03 6f 06 05 80 02 00 80 88 00
19:32:04.238       	00 00 49 5f 0a 00 00 00 14 00 00 00 14 00 00 00 ff ff 00 00 01 01 02 00 91 10
19:32:04.239       	00 00 49 5f 0d 00 00 00 14 00 00 00 14 00 00 00 ff ff 00 00 00 01 02 00 00 b0 00 00 80
19:32:04.252       	00 00 49 5f 09 00 00 00 14 00 00 00 14 00 00 00 ff ff 00 00 01 01 02 00 b0
19:32:04.258       	00 00 01 00 88 00 00 00 14 00 00 00 14 00 00 00 ff ff 00 00 01 01 02 00 ff ff ff ff ff ff ff ff ff ff ff ff ff ff ff ff ff ff ff ff ff ff ff ff ff ff ff ff ff ff ff ff ff ff ff ff ff ff ff ff ff ff ff ff ff ff ff ff ff ff ff ff ff ff ff ff ff ff ff ff ff ff ff ff ff ff ff ff ff ff ff ff ff ff ff ff ff ff ff ff ff ff ff ff ff ff ff ff ff ff ff ff ff ff ff ff ff ff ff ff ff ff ff ff ff ff ff ff ff ff ff ff ff ff ff ff ff ff ff ff ff ff ff ff ff ff ff ff
19:32:04.259       	00 00 49 5f 0a 00 00 00 14 00 00 00 14 00 00 00 ff ff 00 00 01 01 02 00 91 10
19:32:04.259       	00 00 49 5f 0d 00 00 00 14 00 00 00 14 00 00 00 ff ff 00 00 00 01 02 00 00 a4 08 04 04
19:32:04.260       	00 00 49 5f 09 00 00 00 14 00 00 00 14 00 00 00 ff ff 00 00 01 01 02 00 a4
19:32:04.260       	00 00 49 5f 0c 00 00 00 14 00 00 00 14 00 00 00 ff ff 00 00 00 01 02 00 7f ff 6f 31
19:32:04.264       	00 00 49 5f 0a 00 00 00 14 00 00 00 14 00 00 00 ff ff 00 00 01 01 02 00 61 19
19:32:04.264       	00 00 49 5f 0d 00 00 00 14 00 00 00 14 00 00 00 ff ff 00 00 00 01 02 00 00 c0 00 00 19
19:32:04.265       	00 00 49 5f 09 00 00 00 14 00 00 00 14 00 00 00 ff ff 00 00 01 01 02 00 c0
19:32:04.266       	00 00 49 5f 21 00 00 00 14 00 00 00 14 00 00 00 ff ff 00 00 01 01 02 00 62 17 82 02 41 21 83 02 6f 31 8a 01 05 8b 03 6f 06 02 80 02 00 01 88 01 90
19:32:04.266       	00 00 49 5f 0a 00 00 00 14 00 00 00 14 00 00 00 ff ff 00 00 01 01 02 00 91 10
19:32:04.267       	00 00 49 5f 0d 00 00 00 14 00 00 00 14 00 00 00 ff ff 00 00 00 01 02 00 00 b0 00 00 01
19:32:04.279       	00 00 49 5f 09 00 00 00 14 00 00 00 14 00 00 00 ff ff 00 00 01 01 02 00 b0
19:32:04.280       	00 00 49 5f 09 00 00 00 14 00 00 00 14 00 00 00 ff ff 00 00 01 01 02 00 0a
19:32:04.280       	00 00 49 5f 0a 00 00 00 14 00 00 00 14 00 00 00 ff ff 00 00 01 01 02 00 91 10
19:32:04.280       	00 00 49 5f 0d 00 00 00 14 00 00 00 14 00 00 00 ff ff 00 00 00 01 02 00 00 a4 08 04 04
19:32:04.281       	00 00 49 5f 09 00 00 00 14 00 00 00 14 00 00 00 ff ff 00 00 01 01 02 00 a4
19:32:04.281       	00 00 49 5f 0c 00 00 00 14 00 00 00 14 00 00 00 ff ff 00 00 00 01 02 00 7f ff 6f 7e
19:32:04.284       	00 00 49 5f 0a 00 00 00 14 00 00 00 14 00 00 00 ff ff 00 00 01 01 02 00 61 19
19:32:04.285       	00 00 49 5f 0d 00 00 00 14 00 00 00 14 00 00 00 ff ff 00 00 00 01 02 00 00 c0 00 00 19
19:32:04.285       	00 00 49 5f 09 00 00 00 14 00 00 00 14 00 00 00 ff ff 00 00 01 01 02 00 c0
19:32:04.287       	00 00 49 5f 21 00 00 00 14 00 00 00 14 00 00 00 ff ff 00 00 01 01 02 00 62 17 82 02 41 21 83 02 6f 7e 8a 01 05 8b 03 6f 06 05 80 02 00 0b 88 01 58
19:32:04.287       	00 00 49 5f 0a 00 00 00 14 00 00 00 14 00 00 00 ff ff 00 00 01 01 02 00 91 10
19:32:04.287       	00 00 49 5f 0d 00 00 00 14 00 00 00 14 00 00 00 ff ff 00 00 00 01 02 00 00 b0 00 00 0b
19:32:04.300       	00 00 49 5f 09 00 00 00 14 00 00 00 14 00 00 00 ff ff 00 00 01 01 02 00 b0
19:32:04.301       	00 00 49 5f 13 00 00 00 14 00 00 00 14 00 00 00 ff ff 00 00 01 01 02 00 57 cf 82 a9 64 f0 10 a8 36 00 00
19:32:04.301       	00 00 49 5f 0a 00 00 00 14 00 00 00 14 00 00 00 ff ff 00 00 01 01 02 00 91 10
19:32:04.302       	00 00 49 5f 0d 00 00 00 14 00 00 00 14 00 00 00 ff ff 00 00 00 01 02 00 00 a4 08 04 04
19:32:04.302       	00 00 49 5f 09 00 00 00 14 00 00 00 14 00 00 00 ff ff 00 00 01 01 02 00 a4
19:32:04.303       	00 00 49 5f 0c 00 00 00 14 00 00 00 14 00 00 00 ff ff 00 00 00 01 02 00 7f ff 6f 78
19:32:04.306       	00 00 49 5f 0a 00 00 00 14 00 00 00 14 00 00 00 ff ff 00 00 01 01 02 00 61 19
19:32:04.307       	00 00 49 5f 0d 00 00 00 14 00 00 00 14 00 00 00 ff ff 00 00 00 01 02 00 00 c0 00 00 19
19:32:04.307       	00 00 49 5f 09 00 00 00 14 00 00 00 14 00 00 00 ff ff 00 00 01 01 02 00 c0
19:32:04.308       	00 00 49 5f 21 00 00 00 14 00 00 00 14 00 00 00 ff ff 00 00 01 01 02 00 62 17 82 02 41 21 83 02 6f 78 8a 01 05 8b 03 6f 06 02 80 02 00 02 88 01 30
19:32:04.308       	00 00 49 5f 0a 00 00 00 14 00 00 00 14 00 00 00 ff ff 00 00 01 01 02 00 91 10
19:32:04.309       	00 00 49 5f 0d 00 00 00 14 00 00 00 14 00 00 00 ff ff 00 00 00 01 02 00 00 b0 00 00 02
19:32:04.322       	00 00 49 5f 09 00 00 00 14 00 00 00 14 00 00 00 ff ff 00 00 01 01 02 00 b0
19:32:04.322       	00 00 49 5f 0a 00 00 00 14 00 00 00 14 00 00 00 ff ff 00 00 01 01 02 00 00 10
19:32:04.322       	00 00 49 5f 0a 00 00 00 14 00 00 00 14 00 00 00 ff ff 00 00 01 01 02 00 91 10
19:32:04.323       	00 00 49 5f 0d 00 00 00 14 00 00 00 14 00 00 00 ff ff 00 00 00 01 02 00 00 a4 08 04 04
19:32:04.323       	00 00 49 5f 09 00 00 00 14 00 00 00 14 00 00 00 ff ff 00 00 01 01 02 00 a4
19:32:04.324       	00 00 49 5f 0c 00 00 00 14 00 00 00 14 00 00 00 ff ff 00 00 00 01 02 00 7f ff 6f 73
19:32:04.327       	00 00 49 5f 0a 00 00 00 14 00 00 00 14 00 00 00 ff ff 00 00 01 01 02 00 61 19
19:32:04.328       	00 00 49 5f 0d 00 00 00 14 00 00 00 14 00 00 00 ff ff 00 00 00 01 02 00 00 c0 00 00 19
19:32:04.328       	00 00 49 5f 09 00 00 00 14 00 00 00 14 00 00 00 ff ff 00 00 01 01 02 00 c0
19:32:04.329       	00 00 49 5f 21 00 00 00 14 00 00 00 14 00 00 00 ff ff 00 00 01 01 02 00 62 17 82 02 41 21 83 02 6f 73 8a 01 05 8b 03 6f 06 05 80 02 00 0e 88 01 60
19:32:04.329       	00 00 49 5f 0a 00 00 00 14 00 00 00 14 00 00 00 ff ff 00 00 01 01 02 00 91 10
19:32:04.330       	00 00 49 5f 0d 00 00 00 14 00 00 00 14 00 00 00 ff ff 00 00 00 01 02 00 00 b0 00 00 0e
19:32:04.343       	00 00 49 5f 09 00 00 00 14 00 00 00 14 00 00 00 ff ff 00 00 01 01 02 00 b0
19:32:04.344       	00 00 49 5f 16 00 00 00 14 00 00 00 14 00 00 00 ff ff 00 00 01 01 02 00 ff ff ff ff ff ff ff 64 f0 10 12 34 00 01
19:32:04.344       	00 00 49 5f 0a 00 00 00 14 00 00 00 14 00 00 00 ff ff 00 00 01 01 02 00 91 10
19:32:04.344       	00 00 49 5f 0d 00 00 00 14 00 00 00 14 00 00 00 ff ff 00 00 00 01 02 00 00 a4 08 04 04
19:32:04.345       	00 00 49 5f 09 00 00 00 14 00 00 00 14 00 00 00 ff ff 00 00 01 01 02 00 a4
19:32:04.345       	00 00 49 5f 0c 00 00 00 14 00 00 00 14 00 00 00 ff ff 00 00 00 01 02 00 7f ff 6f 08
19:32:04.349       	00 00 49 5f 0a 00 00 00 14 00 00 00 14 00 00 00 ff ff 00 00 01 01 02 00 61 19
19:32:04.349       	00 00 49 5f 0d 00 00 00 14 00 00 00 14 00 00 00 ff ff 00 00 00 01 02 00 00 c0 00 00 19
19:32:04.350       	00 00 49 5f 09 00 00 00 14 00 00 00 14 00 00 00 ff ff 00 00 01 01 02 00 c0
19:32:04.351       	00 00 49 5f 21 00 00 00 14 00 00 00 14 00 00 00 ff ff 00 00 01 01 02 00 62 17 82 02 41 21 83 02 6f 08 8a 01 05 8b 03 6f 06 05 80 02 00 21 88 01 40
19:32:04.351       	00 00 49 5f 0a 00 00 00 14 00 00 00 14 00 00 00 ff ff 00 00 01 01 02 00 91 10
19:32:04.352       	00 00 49 5f 0d 00 00 00 14 00 00 00 14 00 00 00 ff ff 00 00 00 01 02 00 00 b0 00 00 21
19:32:04.365       	00 00 49 5f 09 00 00 00 14 00 00 00 14 00 00 00 ff ff 00 00 01 01 02 00 b0
19:32:04.366       	00 00 00 00 29 00 00 00 14 00 00 00 14 00 00 00 ff ff 00 00 01 01 02 00 07 ff ff ff ff ff ff ff ff ff ff ff ff ff ff ff ff ff ff ff ff ff ff ff ff ff ff ff ff ff ff ff ff
19:32:04.366       	00 00 49 5f 0a 00 00 00 14 00 00 00 14 00 00 00 ff ff 00 00 01 01 02 00 91 10
19:32:04.367       	00 00 49 5f 0d 00 00 00 14 00 00 00 14 00 00 00 ff ff 00 00 00 01 02 00 00 a4 08 04 04
19:32:04.368       	00 00 49 5f 09 00 00 00 14 00 00 00 14 00 00 00 ff ff 00 00 01 01 02 00 a4
19:32:04.368       	00 00 49 5f 0c 00 00 00 14 00 00 00 14 00 00 00 ff ff 00 00 00 01 02 00 7f ff 6f 09
19:32:04.372       	00 00 49 5f 0a 00 00 00 14 00 00 00 14 00 00 00 ff ff 00 00 01 01 02 00 61 19
19:32:04.372       	00 00 49 5f 0d 00 00 00 14 00 00 00 14 00 00 00 ff ff 00 00 00 01 02 00 00 c0 00 00 19
19:32:04.372       	00 00 49 5f 09 00 00 00 14 00 00 00 14 00 00 00 ff ff 00 00 01 01 02 00 c0
19:32:04.374       	00 00 49 5f 21 00 00 00 14 00 00 00 14 00 00 00 ff ff 00 00 01 01 02 00 62 17 82 02 41 21 83 02 6f 09 8a 01 05 8b 03 6f 06 05 80 02 00 21 88 01 48
19:32:04.374       	00 00 49 5f 0a 00 00 00 14 00 00 00 14 00 00 00 ff ff 00 00 01 01 02 00 91 10
19:32:04.374       	00 00 49 5f 0d 00 00 00 14 00 00 00 14 00 00 00 ff ff 00 00 00 01 02 00 00 b0 00 00 21
19:32:04.387       	00 00 49 5f 09 00 00 00 14 00 00 00 14 00 00 00 ff ff 00 00 01 01 02 00 b0
19:32:04.389       	00 00 00 00 29 00 00 00 14 00 00 00 14 00 00 00 ff ff 00 00 01 01 02 00 07 ff ff ff ff ff ff ff ff ff ff ff ff ff ff ff ff ff ff ff ff ff ff ff ff ff ff ff ff ff ff ff ff
19:32:04.389       	00 00 49 5f 0a 00 00 00 14 00 00 00 14 00 00 00 ff ff 00 00 01 01 02 00 91 10
19:32:04.390       	00 00 49 5f 0d 00 00 00 14 00 00 00 14 00 00 00 ff ff 00 00 00 01 02 00 00 a4 08 04 04
19:32:04.390       	00 00 49 5f 09 00 00 00 14 00 00 00 14 00 00 00 ff ff 00 00 01 01 02 00 a4
19:32:04.391       	00 00 49 5f 0c 00 00 00 14 00 00 00 14 00 00 00 ff ff 00 00 00 01 02 00 7f ff 6f 7b
19:32:04.394       	00 00 49 5f 0a 00 00 00 14 00 00 00 14 00 00 00 ff ff 00 00 01 01 02 00 61 19
19:32:04.394       	00 00 49 5f 0d 00 00 00 14 00 00 00 14 00 00 00 ff ff 00 00 00 01 02 00 00 c0 00 00 19
19:32:04.395       	00 00 49 5f 09 00 00 00 14 00 00 00 14 00 00 00 ff ff 00 00 01 01 02 00 c0
19:32:04.396       	00 00 49 5f 21 00 00 00 14 00 00 00 14 00 00 00 ff ff 00 00 01 01 02 00 62 17 82 02 41 21 83 02 6f 7b 8a 01 05 8b 03 6f 06 05 80 02 00 0c 88 01 68
19:32:04.396       	00 00 49 5f 0a 00 00 00 14 00 00 00 14 00 00 00 ff ff 00 00 01 01 02 00 91 10
19:32:04.397       	00 00 49 5f 0d 00 00 00 14 00 00 00 14 00 00 00 ff ff 00 00 00 01 02 00 00 b0 00 00 0c
19:32:04.410       	00 00 49 5f 09 00 00 00 14 00 00 00 14 00 00 00 ff ff 00 00 01 01 02 00 b0
19:32:04.410       	00 00 49 5f 14 00 00 00 14 00 00 00 14 00 00 00 ff ff 00 00 01 01 02 00 ff ff ff ff ff ff ff ff ff ff ff ff
19:32:04.410       	00 00 49 5f 0a 00 00 00 14 00 00 00 14 00 00 00 ff ff 00 00 01 01 02 00 91 10
19:32:04.411       	00 00 49 5f 0d 00 00 00 14 00 00 00 14 00 00 00 ff ff 00 00 00 01 02 00 00 a4 08 04 04
19:32:04.412       	00 00 49 5f 09 00 00 00 14 00 00 00 14 00 00 00 ff ff 00 00 01 01 02 00 a4
19:32:04.412       	00 00 49 5f 0c 00 00 00 14 00 00 00 14 00 00 00 ff ff 00 00 00 01 02 00 7f ff 6f 5b
19:32:04.415       	00 00 49 5f 0a 00 00 00 14 00 00 00 14 00 00 00 ff ff 00 00 01 01 02 00 61 19
19:32:04.416       	00 00 49 5f 0d 00 00 00 14 00 00 00 14 00 00 00 ff ff 00 00 00 01 02 00 00 c0 00 00 19
19:32:04.416       	00 00 49 5f 09 00 00 00 14 00 00 00 14 00 00 00 ff ff 00 00 01 01 02 00 c0
19:32:04.418       	00 00 49 5f 21 00 00 00 14 00 00 00 14 00 00 00 ff ff 00 00 01 01 02 00 62 17 82 02 41 21 83 02 6f 5b 8a 01 05 8b 03 6f 06 05 80 02 00 06 88 01 78
19:32:04.418       	00 00 49 5f 0a 00 00 00 14 00 00 00 14 00 00 00 ff ff 00 00 01 01 02 00 91 10
19:32:04.418       	00 00 49 5f 0d 00 00 00 14 00 00 00 14 00 00 00 ff ff 00 00 00 01 02 00 00 b0 00 00 06
19:32:04.431       	00 00 49 5f 09 00 00 00 14 00 00 00 14 00 00 00 ff ff 00 00 01 01 02 00 b0
19:32:04.432       	00 00 49 5f 0e 00 00 00 14 00 00 00 14 00 00 00 ff ff 00 00 01 01 02 00 00 00 00 00 00 00
19:32:04.432       	00 00 49 5f 0a 00 00 00 14 00 00 00 14 00 00 00 ff ff 00 00 01 01 02 00 91 10
19:32:04.432       	00 00 49 5f 0d 00 00 00 14 00 00 00 14 00 00 00 ff ff 00 00 00 01 02 00 00 a4 08 04 04
19:32:04.433       	00 00 49 5f 09 00 00 00 14 00 00 00 14 00 00 00 ff ff 00 00 01 01 02 00 a4
19:32:04.433       	00 00 49 5f 0c 00 00 00 14 00 00 00 14 00 00 00 ff ff 00 00 00 01 02 00 7f ff 6f 5c
19:32:04.437       	00 00 49 5f 0a 00 00 00 14 00 00 00 14 00 00 00 ff ff 00 00 01 01 02 00 61 19
19:32:04.437       	00 00 49 5f 0d 00 00 00 14 00 00 00 14 00 00 00 ff ff 00 00 00 01 02 00 00 c0 00 00 19
19:32:04.438       	00 00 49 5f 09 00 00 00 14 00 00 00 14 00 00 00 ff ff 00 00 01 01 02 00 c0
19:32:04.439       	00 00 49 5f 21 00 00 00 14 00 00 00 14 00 00 00 ff ff 00 00 01 01 02 00 62 17 82 02 41 21 83 02 6f 5c 8a 01 05 8b 03 6f 06 02 80 02 00 03 88 01 80
19:32:04.439       	00 00 49 5f 0a 00 00 00 14 00 00 00 14 00 00 00 ff ff 00 00 01 01 02 00 91 10
19:32:04.440       	00 00 49 5f 0d 00 00 00 14 00 00 00 14 00 00 00 ff ff 00 00 00 01 02 00 00 b0 00 00 03
19:32:04.453       	00 00 49 5f 09 00 00 00 14 00 00 00 14 00 00 00 ff ff 00 00 01 01 02 00 b0
19:32:04.453       	00 00 49 5f 0b 00 00 00 14 00 00 00 14 00 00 00 ff ff 00 00 01 01 02 00 ff ff ff
19:32:04.453       	00 00 49 5f 0a 00 00 00 14 00 00 00 14 00 00 00 ff ff 00 00 01 01 02 00 91 10
19:32:04.453       	00 00 49 5f 0d 00 00 00 14 00 00 00 14 00 00 00 ff ff 00 00 00 01 02 00 80 f2 01 0c 00
19:32:04.485       	00 00 49 5f 0a 00 00 00 14 00 00 00 14 00 00 00 ff ff 00 00 01 01 02 00 91 10
19:32:04.485       	00 00 49 5f 0d 00 00 00 14 00 00 00 14 00 00 00 ff ff 00 00 00 01 02 00 00 a4 08 04 04
19:32:04.486       	00 00 49 5f 09 00 00 00 14 00 00 00 14 00 00 00 ff ff 00 00 01 01 02 00 a4
19:32:04.486       	00 00 49 5f 0c 00 00 00 14 00 00 00 14 00 00 00 ff ff 00 00 00 01 02 00 7f 10 5f 3a
19:32:04.487       	00 00 49 5f 0a 00 00 00 14 00 00 00 14 00 00 00 ff ff 00 00 01 01 02 00 6a 82
19:32:04.488       	00 00 49 5f 0d 00 00 00 14 00 00 00 14 00 00 00 ff ff 00 00 00 01 02 00 00 a4 00 04 02
19:32:04.489       	00 00 49 5f 09 00 00 00 14 00 00 00 14 00 00 00 ff ff 00 00 01 01 02 00 a4
19:32:04.489       	00 00 49 5f 0a 00 00 00 14 00 00 00 14 00 00 00 ff ff 00 00 00 01 02 00 3f 00
19:32:04.490       	00 00 49 5f 0a 00 00 00 14 00 00 00 14 00 00 00 ff ff 00 00 01 01 02 00 61 28
19:32:04.491       	00 00 49 5f 0d 00 00 00 14 00 00 00 14 00 00 00 ff ff 00 00 00 01 02 00 00 c0 00 00 28
19:32:04.491       	00 00 49 5f 09 00 00 00 14 00 00 00 14 00 00 00 ff ff 00 00 01 01 02 00 c0
19:32:04.493       	00 00 00 00 30 00 00 00 14 00 00 00 14 00 00 00 ff ff 00 00 01 01 02 00 62 26 82 02 78 21 83 02 3f 00 a5 06 80 01 71 87 01 01 8a 01 05 8b 03 2f 06 0e c6 0c 90 01 60 83 01 01 83 01 02 83 01 0a
19:32:04.493       	00 00 49 5f 0a 00 00 00 14 00 00 00 14 00 00 00 ff ff 00 00 01 01 02 00 91 10
19:32:04.494       	00 00 49 5f 0d 00 00 00 14 00 00 00 14 00 00 00 ff ff 00 00 00 01 02 00 00 a4 00 04 02
19:32:04.494       	00 00 49 5f 09 00 00 00 14 00 00 00 14 00 00 00 ff ff 00 00 01 01 02 00 a4
19:32:04.495       	00 00 49 5f 0a 00 00 00 14 00 00 00 14 00 00 00 ff ff 00 00 00 01 02 00 7f 10
19:32:04.496       	00 00 49 5f 0a 00 00 00 14 00 00 00 14 00 00 00 ff ff 00 00 01 01 02 00 6a 82
19:32:04.496       	00 00 49 5f 0d 00 00 00 14 00 00 00 14 00 00 00 ff ff 00 00 00 01 02 00 00 a4 08 04 04
19:32:04.497       	00 00 49 5f 09 00 00 00 14 00 00 00 14 00 00 00 ff ff 00 00 01 01 02 00 a4
19:32:04.497       	00 00 49 5f 0c 00 00 00 14 00 00 00 14 00 00 00 ff ff 00 00 00 01 02 00 7f ff 5f 3a
19:32:04.499       	00 00 49 5f 0a 00 00 00 14 00 00 00 14 00 00 00 ff ff 00 00 01 01 02 00 6a 82
19:32:04.500       	00 00 49 5f 0d 00 00 00 14 00 00 00 14 00 00 00 ff ff 00 00 00 01 02 00 00 a4 00 04 02
19:32:04.500       	00 00 49 5f 09 00 00 00 14 00 00 00 14 00 00 00 ff ff 00 00 01 01 02 00 a4
19:32:04.501       	00 00 49 5f 0a 00 00 00 14 00 00 00 14 00 00 00 ff ff 00 00 00 01 02 00 3f 00
19:32:04.502       	00 00 49 5f 0a 00 00 00 14 00 00 00 14 00 00 00 ff ff 00 00 01 01 02 00 61 28
19:32:04.502       	00 00 49 5f 0d 00 00 00 14 00 00 00 14 00 00 00 ff ff 00 00 00 01 02 00 00 c0 00 00 28
19:32:04.503       	00 00 49 5f 09 00 00 00 14 00 00 00 14 00 00 00 ff ff 00 00 01 01 02 00 c0
19:32:04.505       	00 00 00 00 30 00 00 00 14 00 00 00 14 00 00 00 ff ff 00 00 01 01 02 00 62 26 82 02 78 21 83 02 3f 00 a5 06 80 01 71 87 01 01 8a 01 05 8b 03 2f 06 0e c6 0c 90 01 60 83 01 01 83 01 02 83 01 0a
19:32:04.505       	00 00 49 5f 0a 00 00 00 14 00 00 00 14 00 00 00 ff ff 00 00 01 01 02 00 91 10
19:32:04.506       	00 00 49 5f 0d 00 00 00 14 00 00 00 14 00 00 00 ff ff 00 00 00 01 02 00 00 a4 00 04 02
19:32:04.506       	00 00 49 5f 09 00 00 00 14 00 00 00 14 00 00 00 ff ff 00 00 01 01 02 00 a4
19:32:04.507       	00 00 49 5f 0a 00 00 00 14 00 00 00 14 00 00 00 ff ff 00 00 00 01 02 00 7f ff
19:32:04.528       	00 00 49 5f 0a 00 00 00 14 00 00 00 14 00 00 00 ff ff 00 00 01 01 02 00 61 32
19:32:04.529       	00 00 49 5f 0d 00 00 00 14 00 00 00 14 00 00 00 ff ff 00 00 00 01 02 00 00 c0 00 00 32
19:32:04.529       	00 00 49 5f 09 00 00 00 14 00 00 00 14 00 00 00 ff ff 00 00 01 01 02 00 c0
19:32:04.532       	00 00 00 00 3a 00 00 00 14 00 00 00 14 00 00 00 ff ff 00 00 01 01 02 00 62 30 82 02 78 21 83 02 7f f1 84 10 a0 00 00 00 87 10 02 ff 33 ff 01 89 00 00 01 00 8a 01 05 8b 03 2f 06 0e c6 0c 90 01 60 83 01 01 83 01 81 83 01 0a
19:32:04.532       	00 00 49 5f 0a 00 00 00 14 00 00 00 14 00 00 00 ff ff 00 00 01 01 02 00 91 10
19:32:04.533       	00 00 49 5f 0d 00 00 00 14 00 00 00 14 00 00 00 ff ff 00 00 00 01 02 00 00 a4 00 04 02
19:32:04.533       	00 00 49 5f 09 00 00 00 14 00 00 00 14 00 00 00 ff ff 00 00 01 01 02 00 a4
19:32:04.534       	00 00 49 5f 0a 00 00 00 14 00 00 00 14 00 00 00 ff ff 00 00 00 01 02 00 5f 3a
19:32:04.535       	00 00 49 5f 0a 00 00 00 14 00 00 00 14 00 00 00 ff ff 00 00 01 01 02 00 6a 82
19:32:04.536       	00 00 49 5f 0d 00 00 00 14 00 00 00 14 00 00 00 ff ff 00 00 00 01 02 00 00 a4 08 04 04
19:32:04.537       	00 00 49 5f 09 00 00 00 14 00 00 00 14 00 00 00 ff ff 00 00 01 01 02 00 a4
19:32:04.537       	00 00 49 5f 0c 00 00 00 14 00 00 00 14 00 00 00 ff ff 00 00 00 01 02 00 7f ff 5f c0
19:32:04.539       	00 00 49 5f 0a 00 00 00 14 00 00 00 14 00 00 00 ff ff 00 00 01 01 02 00 6a 82
19:32:04.540       	00 00 49 5f 0d 00 00 00 14 00 00 00 14 00 00 00 ff ff 00 00 00 01 02 00 00 a4 00 04 02
19:32:04.540       	00 00 49 5f 09 00 00 00 14 00 00 00 14 00 00 00 ff ff 00 00 01 01 02 00 a4
19:32:04.541       	00 00 49 5f 0a 00 00 00 14 00 00 00 14 00 00 00 ff ff 00 00 00 01 02 00 3f 00
19:32:04.542       	00 00 49 5f 0a 00 00 00 14 00 00 00 14 00 00 00 ff ff 00 00 01 01 02 00 61 28
19:32:04.543       	00 00 49 5f 0d 00 00 00 14 00 00 00 14 00 00 00 ff ff 00 00 00 01 02 00 00 c0 00 00 28
19:32:04.543       	00 00 49 5f 09 00 00 00 14 00 00 00 14 00 00 00 ff ff 00 00 01 01 02 00 c0
19:32:04.545       	00 00 00 00 30 00 00 00 14 00 00 00 14 00 00 00 ff ff 00 00 01 01 02 00 62 26 82 02 78 21 83 02 3f 00 a5 06 80 01 71 87 01 01 8a 01 05 8b 03 2f 06 0e c6 0c 90 01 60 83 01 01 83 01 02 83 01 0a
19:32:04.545       	00 00 49 5f 0a 00 00 00 14 00 00 00 14 00 00 00 ff ff 00 00 01 01 02 00 91 10
19:32:04.546       	00 00 49 5f 0d 00 00 00 14 00 00 00 14 00 00 00 ff ff 00 00 00 01 02 00 00 a4 00 04 02
19:32:04.546       	00 00 49 5f 09 00 00 00 14 00 00 00 14 00 00 00 ff ff 00 00 01 01 02 00 a4
19:32:04.547       	00 00 49 5f 0a 00 00 00 14 00 00 00 14 00 00 00 ff ff 00 00 00 01 02 00 7f ff
19:32:04.569       	00 00 49 5f 0a 00 00 00 14 00 00 00 14 00 00 00 ff ff 00 00 01 01 02 00 61 32
19:32:04.569       	00 00 49 5f 0d 00 00 00 14 00 00 00 14 00 00 00 ff ff 00 00 00 01 02 00 00 c0 00 00 32
19:32:04.569       	00 00 49 5f 09 00 00 00 14 00 00 00 14 00 00 00 ff ff 00 00 01 01 02 00 c0
19:32:04.572       	00 00 12 00 3a 00 00 00 14 00 00 00 14 00 00 00 ff ff 00 00 01 01 02 00 62 30 82 02 78 21 83 02 7f f1 84 10 a0 00 00 00 87 10 02 ff 33 ff 01 89 00 00 01 00 8a 01 05 8b 03 2f 06 0e c6 0c 90 01 60 83 01 01 83 01 81 83 01 0a
19:32:04.572       	00 00 49 5f 0a 00 00 00 14 00 00 00 14 00 00 00 ff ff 00 00 01 01 02 00 91 10
19:32:04.573       	00 00 49 5f 0d 00 00 00 14 00 00 00 14 00 00 00 ff ff 00 00 00 01 02 00 00 a4 00 04 02
19:32:04.573       	00 00 49 5f 09 00 00 00 14 00 00 00 14 00 00 00 ff ff 00 00 01 01 02 00 a4
19:32:04.574       	00 00 49 5f 0a 00 00 00 14 00 00 00 14 00 00 00 ff ff 00 00 00 01 02 00 5f c0
19:32:04.575       	00 00 49 5f 0a 00 00 00 14 00 00 00 14 00 00 00 ff ff 00 00 01 01 02 00 6a 82
19:32:04.576       	00 00 49 5f 0d 00 00 00 14 00 00 00 14 00 00 00 ff ff 00 00 00 01 02 00 00 a4 08 04 04
19:32:04.577       	00 00 49 5f 09 00 00 00 14 00 00 00 14 00 00 00 ff ff 00 00 01 01 02 00 a4
19:32:04.577       	00 00 49 5f 0c 00 00 00 14 00 00 00 14 00 00 00 ff ff 00 00 00 01 02 00 7f ff 5f c0
19:32:04.579       	00 00 49 5f 0a 00 00 00 14 00 00 00 14 00 00 00 ff ff 00 00 01 01 02 00 6a 82
19:32:04.580       	00 00 49 5f 0d 00 00 00 14 00 00 00 14 00 00 00 ff ff 00 00 00 01 02 00 00 a4 00 04 02
19:32:04.580       	00 00 49 5f 09 00 00 00 14 00 00 00 14 00 00 00 ff ff 00 00 01 01 02 00 a4
19:32:04.581       	00 00 49 5f 0a 00 00 00 14 00 00 00 14 00 00 00 ff ff 00 00 00 01 02 00 3f 00
19:32:04.582       	00 00 49 5f 0a 00 00 00 14 00 00 00 14 00 00 00 ff ff 00 00 01 01 02 00 61 28
19:32:04.582       	00 00 49 5f 0d 00 00 00 14 00 00 00 14 00 00 00 ff ff 00 00 00 01 02 00 00 c0 00 00 28
19:32:04.582       	00 00 49 5f 09 00 00 00 14 00 00 00 14 00 00 00 ff ff 00 00 01 01 02 00 c0
19:32:04.584       	00 00 00 00 30 00 00 00 14 00 00 00 14 00 00 00 ff ff 00 00 01 01 02 00 62 26 82 02 78 21 83 02 3f 00 a5 06 80 01 71 87 01 01 8a 01 05 8b 03 2f 06 0e c6 0c 90 01 60 83 01 01 83 01 02 83 01 0a
19:32:04.585       	00 00 49 5f 0a 00 00 00 14 00 00 00 14 00 00 00 ff ff 00 00 01 01 02 00 91 10
19:32:04.585       	00 00 49 5f 0d 00 00 00 14 00 00 00 14 00 00 00 ff ff 00 00 00 01 02 00 00 a4 00 04 02
19:32:04.586       	00 00 49 5f 09 00 00 00 14 00 00 00 14 00 00 00 ff ff 00 00 01 01 02 00 a4
19:32:04.586       	00 00 49 5f 0a 00 00 00 14 00 00 00 14 00 00 00 ff ff 00 00 00 01 02 00 7f ff
19:32:04.608       	00 00 49 5f 0a 00 00 00 14 00 00 00 14 00 00 00 ff ff 00 00 01 01 02 00 61 32
19:32:04.608       	00 00 49 5f 0d 00 00 00 14 00 00 00 14 00 00 00 ff ff 00 00 00 01 02 00 00 c0 00 00 32
19:32:04.609       	00 00 49 5f 09 00 00 00 14 00 00 00 14 00 00 00 ff ff 00 00 01 01 02 00 c0
19:32:04.611       	00 00 00 00 3a 00 00 00 14 00 00 00 14 00 00 00 ff ff 00 00 01 01 02 00 62 30 82 02 78 21 83 02 7f f1 84 10 a0 00 00 00 87 10 02 ff 33 ff 01 89 00 00 01 00 8a 01 05 8b 03 2f 06 0e c6 0c 90 01 60 83 01 01 83 01 81 83 01 0a
19:32:04.611       	00 00 49 5f 0a 00 00 00 14 00 00 00 14 00 00 00 ff ff 00 00 01 01 02 00 91 10
19:32:04.612       	00 00 49 5f 0d 00 00 00 14 00 00 00 14 00 00 00 ff ff 00 00 00 01 02 00 00 a4 00 04 02
19:32:04.613       	00 00 49 5f 09 00 00 00 14 00 00 00 14 00 00 00 ff ff 00 00 01 01 02 00 a4
19:32:04.613       	00 00 49 5f 0a 00 00 00 14 00 00 00 14 00 00 00 ff ff 00 00 00 01 02 00 5f c0
19:32:04.615       	00 00 49 5f 0a 00 00 00 14 00 00 00 14 00 00 00 ff ff 00 00 01 01 02 00 6a 82
19:32:04.616       	00 00 49 5f 0d 00 00 00 14 00 00 00 14 00 00 00 ff ff 00 00 00 01 02 00 80 12 00 00 10
19:32:04.616       	00 00 49 5f 09 00 00 00 14 00 00 00 14 00 00 00 ff ff 00 00 01 01 02 00 12
19:32:04.617       	00 00 49 5f 18 00 00 00 14 00 00 00 14 00 00 00 ff ff 00 00 01 01 02 00 d0 0e 81 03 01 05 00 82 02 81 82 99 03 03 09 0a
19:32:04.617       	00 00 49 5f 0a 00 00 00 14 00 00 00 14 00 00 00 ff ff 00 00 01 01 02 00 90 00
19:32:04.618       	00 00 49 5f 0d 00 00 00 14 00 00 00 14 00 00 00 ff ff 00 00 00 01 02 00 00 a4 08 04 04
19:32:04.618       	00 00 49 5f 09 00 00 00 14 00 00 00 14 00 00 00 ff ff 00 00 01 01 02 00 a4
19:32:04.619       	00 00 49 5f 0c 00 00 00 14 00 00 00 14 00 00 00 ff ff 00 00 00 01 02 00 7f ff 6f 3b
19:32:04.622       	00 00 49 5f 0a 00 00 00 14 00 00 00 14 00 00 00 ff ff 00 00 01 01 02 00 61 1b
19:32:04.623       	00 00 49 5f 0d 00 00 00 14 00 00 00 14 00 00 00 ff ff 00 00 00 01 02 00 00 c0 00 00 1b
19:32:04.623       	00 00 49 5f 09 00 00 00 14 00 00 00 14 00 00 00 ff ff 00 00 01 01 02 00 c0
19:32:04.624       	00 00 49 5f 23 00 00 00 14 00 00 00 14 00 00 00 ff ff 00 00 01 01 02 00 62 19 82 05 42 21 00 1a 14 83 02 6f 3b 8a 01 05 8b 03 6f 06 08 80 02 02 08 88 00
19:32:04.624       	00 00 49 5f 0a 00 00 00 14 00 00 00 14 00 00 00 ff ff 00 00 01 01 02 00 90 00
19:32:04.625       	00 00 49 5f 0d 00 00 00 14 00 00 00 14 00 00 00 ff ff 00 00 00 01 02 00 80 14 00 00 0c
19:32:04.626       	00 00 49 5f 09 00 00 00 14 00 00 00 14 00 00 00 ff ff 00 00 01 01 02 00 14
19:32:04.627       	00 00 49 5f 14 00 00 00 14 00 00 00 14 00 00 00 ff ff 00 00 00 01 02 00 81 03 01 05 00 02 02 82 81 83 01 00
19:32:04.628       	00 00 49 5f 0a 00 00 00 14 00 00 00 14 00 00 00 ff ff 00 00 01 01 02 00 91 0f
19:32:04.629       	00 00 49 5f 0d 00 00 00 14 00 00 00 14 00 00 00 ff ff 00 00 00 01 02 00 80 12 00 00 0f
19:32:04.629       	00 00 49 5f 09 00 00 00 14 00 00 00 14 00 00 00 ff ff 00 00 01 01 02 00 12
19:32:04.630       	00 00 49 5f 17 00 00 00 14 00 00 00 14 00 00 00 ff ff 00 00 01 01 02 00 d0 0d 81 03 01 03 00 82 02 81 82 84 02 01 1e
19:32:04.630       	00 00 49 5f 0a 00 00 00 14 00 00 00 14 00 00 00 ff ff 00 00 01 01 02 00 90 00
19:32:04.631       	00 00 49 5f 0d 00 00 00 14 00 00 00 14 00 00 00 ff ff 00 00 00 01 02 00 00 a4 08 04 04
19:32:04.631       	00 00 49 5f 09 00 00 00 14 00 00 00 14 00 00 00 ff ff 00 00 01 01 02 00 a4
19:32:04.632       	00 00 49 5f 0c 00 00 00 14 00 00 00 14 00 00 00 ff ff 00 00 00 01 02 00 7f ff 6f 60
19:32:04.635       	00 00 49 5f 0a 00 00 00 14 00 00 00 14 00 00 00 ff ff 00 00 01 01 02 00 61 19
19:32:04.635       	00 00 49 5f 0d 00 00 00 14 00 00 00 14 00 00 00 ff ff 00 00 00 01 02 00 00 c0 00 00 19
19:32:04.636       	00 00 49 5f 09 00 00 00 14 00 00 00 14 00 00 00 ff ff 00 00 01 01 02 00 c0
19:32:04.637       	00 00 49 5f 21 00 00 00 14 00 00 00 14 00 00 00 ff ff 00 00 01 01 02 00 62 17 82 02 41 21 83 02 6f 60 8a 01 05 8b 03 6f 06 05 80 02 00 28 88 01 50
19:32:04.637       	00 00 49 5f 0a 00 00 00 14 00 00 00 14 00 00 00 ff ff 00 00 01 01 02 00 90 00
19:32:04.637       	00 00 49 5f 0d 00 00 00 14 00 00 00 14 00 00 00 ff ff 00 00 00 01 02 00 00 b0 00 00 28
19:32:04.650       	00 00 49 5f 09 00 00 00 14 00 00 00 14 00 00 00 ff ff 00 00 01 01 02 00 b0
19:32:04.652       	00 00 00 00 30 00 00 00 14 00 00 00 14 00 00 00 ff ff 00 00 01 01 02 00 ff ff ff 00 00 ff ff ff 00 00 ff ff ff 00 00 ff ff ff 00 00 ff ff ff 00 00 ff ff ff 00 00 ff ff ff 00 00 ff ff ff 00 00
19:32:04.652       	00 00 49 5f 0a 00 00 00 14 00 00 00 14 00 00 00 ff ff 00 00 01 01 02 00 90 00
19:32:04.653       	00 00 49 5f 0d 00 00 00 14 00 00 00 14 00 00 00 ff ff 00 00 00 01 02 00 00 a4 08 04 04
19:32:04.654       	00 00 49 5f 09 00 00 00 14 00 00 00 14 00 00 00 ff ff 00 00 01 01 02 00 a4
19:32:04.654       	00 00 49 5f 0c 00 00 00 14 00 00 00 14 00 00 00 ff ff 00 00 00 01 02 00 7f ff 6f 61
19:32:04.657       	00 00 49 5f 0a 00 00 00 14 00 00 00 14 00 00 00 ff ff 00 00 01 01 02 00 61 19
19:32:04.657       	00 00 49 5f 0d 00 00 00 14 00 00 00 14 00 00 00 ff ff 00 00 00 01 02 00 00 c0 00 00 19
19:32:04.658       	00 00 49 5f 09 00 00 00 14 00 00 00 14 00 00 00 ff ff 00 00 01 01 02 00 c0
19:32:04.659       	00 00 49 5f 21 00 00 00 14 00 00 00 14 00 00 00 ff ff 00 00 01 01 02 00 62 17 82 02 41 21 83 02 6f 61 8a 01 05 8b 03 6f 06 02 80 02 00 28 88 01 88
19:32:04.659       	00 00 49 5f 0a 00 00 00 14 00 00 00 14 00 00 00 ff ff 00 00 01 01 02 00 90 00
19:32:04.660       	00 00 49 5f 0d 00 00 00 14 00 00 00 14 00 00 00 ff ff 00 00 00 01 02 00 00 b0 00 00 28
19:32:04.673       	00 00 49 5f 09 00 00 00 14 00 00 00 14 00 00 00 ff ff 00 00 01 01 02 00 b0
19:32:04.675       	00 00 00 00 30 00 00 00 14 00 00 00 14 00 00 00 ff ff 00 00 01 01 02 00 64 f0 10 40 00 64 f0 11 40 00 54 f4 00 40 00 54 f5 10 40 00 ff ff ff 00 00 ff ff ff 00 00 ff ff ff 00 00 ff ff ff 00 00
19:32:04.675       	00 00 49 5f 0a 00 00 00 14 00 00 00 14 00 00 00 ff ff 00 00 01 01 02 00 90 00
19:32:04.675       	00 00 49 5f 0d 00 00 00 14 00 00 00 14 00 00 00 ff ff 00 00 00 01 02 00 00 a4 08 04 04
19:32:04.676       	00 00 49 5f 09 00 00 00 14 00 00 00 14 00 00 00 ff ff 00 00 01 01 02 00 a4
19:32:04.676       	00 00 49 5f 0c 00 00 00 14 00 00 00 14 00 00 00 ff ff 00 00 00 01 02 00 7f ff 6f 62
19:32:04.679       	00 00 49 5f 0a 00 00 00 14 00 00 00 14 00 00 00 ff ff 00 00 01 01 02 00 61 19
19:32:04.680       	00 00 49 5f 0d 00 00 00 14 00 00 00 14 00 00 00 ff ff 00 00 00 01 02 00 00 c0 00 00 19
19:32:04.680       	00 00 49 5f 09 00 00 00 14 00 00 00 14 00 00 00 ff ff 00 00 01 01 02 00 c0
19:32:04.681       	00 00 49 5f 21 00 00 00 14 00 00 00 14 00 00 00 ff ff 00 00 01 01 02 00 62 17 82 02 41 21 83 02 6f 62 8a 01 05 8b 03 6f 06 02 80 02 00 05 88 01 98
19:32:04.682       	00 00 49 5f 0a 00 00 00 14 00 00 00 14 00 00 00 ff ff 00 00 01 01 02 00 90 00
19:32:04.682       	00 00 49 5f 0d 00 00 00 14 00 00 00 14 00 00 00 ff ff 00 00 00 01 02 00 00 b0 00 00 05
19:32:04.695       	00 00 49 5f 09 00 00 00 14 00 00 00 14 00 00 00 ff ff 00 00 01 01 02 00 b0
19:32:04.695       	00 00 49 5f 0d 00 00 00 14 00 00 00 14 00 00 00 ff ff 00 00 01 01 02 00 54 f4 00 40 00
19:32:04.695       	00 00 49 5f 0a 00 00 00 14 00 00 00 14 00 00 00 ff ff 00 00 01 01 02 00 90 00
19:32:04.696       	00 00 49 5f 0d 00 00 00 14 00 00 00 14 00 00 00 ff ff 00 00 00 01 02 00 00 a4 08 04 04
19:32:04.697       	00 00 49 5f 09 00 00 00 14 00 00 00 14 00 00 00 ff ff 00 00 01 01 02 00 a4
19:32:04.697       	00 00 49 5f 0c 00 00 00 14 00 00 00 14 00 00 00 ff ff 00 00 00 01 02 00 7f ff 6f d9
19:32:04.700       	00 00 49 5f 0a 00 00 00 14 00 00 00 14 00 00 00 ff ff 00 00 01 01 02 00 61 19
19:32:04.701       	00 00 49 5f 0d 00 00 00 14 00 00 00 14 00 00 00 ff ff 00 00 00 01 02 00 00 c0 00 00 19
19:32:04.701       	00 00 49 5f 09 00 00 00 14 00 00 00 14 00 00 00 ff ff 00 00 01 01 02 00 c0
19:32:04.702       	00 00 49 5f 21 00 00 00 14 00 00 00 14 00 00 00 ff ff 00 00 01 01 02 00 62 17 82 02 41 21 83 02 6f d9 8a 01 05 8b 03 6f 06 02 80 02 00 0f 88 01 e8
19:32:04.702       	00 00 49 5f 0a 00 00 00 14 00 00 00 14 00 00 00 ff ff 00 00 01 01 02 00 90 00
19:32:04.703       	00 00 49 5f 0d 00 00 00 14 00 00 00 14 00 00 00 ff ff 00 00 00 01 02 00 00 b0 00 00 0f
19:32:04.716       	00 00 49 5f 09 00 00 00 14 00 00 00 14 00 00 00 ff ff 00 00 01 01 02 00 b0
19:32:04.717       	00 00 49 5f 17 00 00 00 14 00 00 00 14 00 00 00 ff ff 00 00 01 01 02 00 54 f4 00 ff ff ff ff ff ff ff ff ff ff ff ff
19:32:04.717       	00 00 49 5f 0a 00 00 00 14 00 00 00 14 00 00 00 ff ff 00 00 01 01 02 00 90 00
19:32:04.718       	00 00 49 5f 0d 00 00 00 14 00 00 00 14 00 00 00 ff ff 00 00 00 01 02 00 00 a4 08 04 04
19:32:04.718       	00 00 49 5f 09 00 00 00 14 00 00 00 14 00 00 00 ff ff 00 00 01 01 02 00 a4
19:32:04.719       	00 00 49 5f 0c 00 00 00 14 00 00 00 14 00 00 00 ff ff 00 00 00 01 02 00 7f ff 6f 3b
19:32:04.722       	00 00 49 5f 0a 00 00 00 14 00 00 00 14 00 00 00 ff ff 00 00 01 01 02 00 61 1b
19:32:04.723       	00 00 49 5f 0d 00 00 00 14 00 00 00 14 00 00 00 ff ff 00 00 00 01 02 00 00 c0 00 00 1b
19:32:04.723       	00 00 49 5f 09 00 00 00 14 00 00 00 14 00 00 00 ff ff 00 00 01 01 02 00 c0
19:32:04.725       	00 00 49 5f 23 00 00 00 14 00 00 00 14 00 00 00 ff ff 00 00 01 01 02 00 62 19 82 05 42 21 00 1a 14 83 02 6f 3b 8a 01 05 8b 03 6f 06 08 80 02 02 08 88 00
19:32:04.725       	00 00 49 5f 0a 00 00 00 14 00 00 00 14 00 00 00 ff ff 00 00 01 01 02 00 90 00
19:32:04.725       	00 00 49 5f 0d 00 00 00 14 00 00 00 14 00 00 00 ff ff 00 00 00 01 02 00 00 a2 01 04 1a
19:32:04.726       	00 00 49 5f 09 00 00 00 14 00 00 00 14 00 00 00 ff ff 00 00 01 01 02 00 a2
19:32:04.726       	00 00 49 5f 22 00 00 00 14 00 00 00 14 00 00 00 ff ff 00 00 00 01 02 00 ff ff ff ff ff ff ff ff ff ff ff ff ff ff ff ff ff ff ff ff ff ff ff ff ff ff
19:32:04.741       	00 00 49 5f 0a 00 00 00 14 00 00 00 14 00 00 00 ff ff 00 00 01 01 02 00 61 14
19:32:04.742       	00 00 49 5f 0d 00 00 00 14 00 00 00 14 00 00 00 ff ff 00 00 00 01 02 00 00 c0 00 00 14
19:32:04.742       	00 00 49 5f 09 00 00 00 14 00 00 00 14 00 00 00 ff ff 00 00 01 01 02 00 c0
19:32:04.743       	00 00 49 5f 1c 00 00 00 14 00 00 00 14 00 00 00 ff ff 00 00 01 01 02 00 01 02 03 04 05 06 07 08 09 0a 0b 0c 0d 0e 0f 10 11 12 13 14
19:32:04.743       	00 00 49 5f 0a 00 00 00 14 00 00 00 14 00 00 00 ff ff 00 00 01 01 02 00 90 00
19:32:04.744       	00 00 49 5f 0d 00 00 00 14 00 00 00 14 00 00 00 ff ff 00 00 00 01 02 00 00 a4 08 04 04
19:32:04.745       	00 00 49 5f 09 00 00 00 14 00 00 00 14 00 00 00 ff ff 00 00 01 01 02 00 a4
19:32:04.745       	00 00 49 5f 0c 00 00 00 14 00 00 00 14 00 00 00 ff ff 00 00 00 01 02 00 7f ff 6f 46
19:32:04.749       	00 00 49 5f 0a 00 00 00 14 00 00 00 14 00 00 00 ff ff 00 00 01 01 02 00 61 18
19:32:04.749       	00 00 49 5f 0d 00 00 00 14 00 00 00 14 00 00 00 ff ff 00 00 00 01 02 00 00 c0 00 00 18
19:32:04.750       	00 00 49 5f 09 00 00 00 14 00 00 00 14 00 00 00 ff ff 00 00 01 01 02 00 c0
19:32:04.751       	00 00 49 5f 20 00 00 00 14 00 00 00 14 00 00 00 ff ff 00 00 01 01 02 00 62 16 82 02 41 21 83 02 6f 46 8a 01 05 8b 03 6f 06 0a 80 02 00 11 88 00
19:32:04.751       	00 00 49 5f 0a 00 00 00 14 00 00 00 14 00 00 00 ff ff 00 00 01 01 02 00 90 00
19:32:04.752       	00 00 49 5f 0d 00 00 00 14 00 00 00 14 00 00 00 ff ff 00 00 00 01 02 00 00 b0 00 00 11
19:32:04.752       	00 00 49 5f 09 00 00 00 14 00 00 00 14 00 00 00 ff ff 00 00 01 01 02 00 b0
19:32:04.753       	00 00 49 5f 19 00 00 00 14 00 00 00 14 00 00 00 ff ff 00 00 01 01 02 00 00 52 65 64 74 65 61 47 4f ff ff ff ff ff ff ff ff
19:32:04.753       	00 00 49 5f 0a 00 00 00 14 00 00 00 14 00 00 00 ff ff 00 00 01 01 02 00 90 00
19:32:04.754       	00 00 49 5f 0d 00 00 00 14 00 00 00 14 00 00 00 ff ff 00 00 00 01 02 00 00 a4 08 04 04
19:32:04.754       	00 00 49 5f 09 00 00 00 14 00 00 00 14 00 00 00 ff ff 00 00 01 01 02 00 a4
19:32:04.755       	00 00 49 5f 0c 00 00 00 14 00 00 00 14 00 00 00 ff ff 00 00 00 01 02 00 7f 20 6f 46
19:32:04.756       	00 00 49 5f 0a 00 00 00 14 00 00 00 14 00 00 00 ff ff 00 00 01 01 02 00 6a 82
19:32:04.757       	00 00 49 5f 0d 00 00 00 14 00 00 00 14 00 00 00 ff ff 00 00 00 01 02 00 00 a4 00 04 02
19:32:04.757       	00 00 49 5f 09 00 00 00 14 00 00 00 14 00 00 00 ff ff 00 00 01 01 02 00 a4
19:32:04.758       	00 00 49 5f 0a 00 00 00 14 00 00 00 14 00 00 00 ff ff 00 00 00 01 02 00 3f 00
19:32:04.759       	00 00 49 5f 0a 00 00 00 14 00 00 00 14 00 00 00 ff ff 00 00 01 01 02 00 61 28
19:32:04.759       	00 00 49 5f 0d 00 00 00 14 00 00 00 14 00 00 00 ff ff 00 00 00 01 02 00 00 c0 00 00 28
19:32:04.760       	00 00 49 5f 09 00 00 00 14 00 00 00 14 00 00 00 ff ff 00 00 01 01 02 00 c0
19:32:04.762       	00 00 00 00 30 00 00 00 14 00 00 00 14 00 00 00 ff ff 00 00 01 01 02 00 62 26 82 02 78 21 83 02 3f 00 a5 06 80 01 71 87 01 01 8a 01 05 8b 03 2f 06 0e c6 0c 90 01 60 83 01 01 83 01 02 83 01 0a
19:32:04.762       	00 00 49 5f 0a 00 00 00 14 00 00 00 14 00 00 00 ff ff 00 00 01 01 02 00 90 00
19:32:04.762       	00 00 49 5f 0d 00 00 00 14 00 00 00 14 00 00 00 ff ff 00 00 00 01 02 00 00 a4 00 04 02
19:32:04.763       	00 00 49 5f 09 00 00 00 14 00 00 00 14 00 00 00 ff ff 00 00 01 01 02 00 a4
19:32:04.763       	00 00 49 5f 0a 00 00 00 14 00 00 00 14 00 00 00 ff ff 00 00 00 01 02 00 7f 20
19:32:04.764       	00 00 49 5f 0a 00 00 00 14 00 00 00 14 00 00 00 ff ff 00 00 01 01 02 00 6a 82
19:32:04.765       	00 00 49 5f 0d 00 00 00 14 00 00 00 14 00 00 00 ff ff 00 00 00 01 02 00 00 a4 08 04 04
19:32:04.765       	00 00 49 5f 09 00 00 00 14 00 00 00 14 00 00 00 ff ff 00 00 01 01 02 00 a4
19:32:04.766       	00 00 49 5f 0c 00 00 00 14 00 00 00 14 00 00 00 ff ff 00 00 00 01 02 00 7f ff 6f c5
19:32:04.768       	00 00 49 5f 0a 00 00 00 14 00 00 00 14 00 00 00 ff ff 00 00 01 01 02 00 6a 82
19:32:04.769       	00 00 49 5f 0d 00 00 00 14 00 00 00 14 00 00 00 ff ff 00 00 00 01 02 00 00 a4 00 04 02
19:32:04.769       	00 00 49 5f 09 00 00 00 14 00 00 00 14 00 00 00 ff ff 00 00 01 01 02 00 a4
19:32:04.770       	00 00 49 5f 0a 00 00 00 14 00 00 00 14 00 00 00 ff ff 00 00 00 01 02 00 3f 00
19:32:04.771       	00 00 49 5f 0a 00 00 00 14 00 00 00 14 00 00 00 ff ff 00 00 01 01 02 00 61 28
19:32:04.771       	00 00 49 5f 0d 00 00 00 14 00 00 00 14 00 00 00 ff ff 00 00 00 01 02 00 00 c0 00 00 28
19:32:04.772       	00 00 49 5f 09 00 00 00 14 00 00 00 14 00 00 00 ff ff 00 00 01 01 02 00 c0
19:32:04.774       	00 00 00 00 30 00 00 00 14 00 00 00 14 00 00 00 ff ff 00 00 01 01 02 00 62 26 82 02 78 21 83 02 3f 00 a5 06 80 01 71 87 01 01 8a 01 05 8b 03 2f 06 0e c6 0c 90 01 60 83 01 01 83 01 02 83 01 0a
19:32:04.774       	00 00 49 5f 0a 00 00 00 14 00 00 00 14 00 00 00 ff ff 00 00 01 01 02 00 90 00
19:32:04.774       	00 00 49 5f 0d 00 00 00 14 00 00 00 14 00 00 00 ff ff 00 00 00 01 02 00 00 a4 00 04 02
19:32:04.775       	00 00 49 5f 09 00 00 00 14 00 00 00 14 00 00 00 ff ff 00 00 01 01 02 00 a4
19:32:04.775       	00 00 49 5f 0a 00 00 00 14 00 00 00 14 00 00 00 ff ff 00 00 00 01 02 00 7f ff
19:32:04.797       	00 00 49 5f 0a 00 00 00 14 00 00 00 14 00 00 00 ff ff 00 00 01 01 02 00 61 32
19:32:04.798       	00 00 49 5f 0d 00 00 00 14 00 00 00 14 00 00 00 ff ff 00 00 00 01 02 00 00 c0 00 00 32
19:32:04.798       	00 00 49 5f 09 00 00 00 14 00 00 00 14 00 00 00 ff ff 00 00 01 01 02 00 c0
19:32:04.800       	00 00 00 00 3a 00 00 00 14 00 00 00 14 00 00 00 ff ff 00 00 01 01 02 00 62 30 82 02 78 21 83 02 7f f1 84 10 a0 00 00 00 87 10 02 ff 33 ff 01 89 00 00 01 00 8a 01 05 8b 03 2f 06 0e c6 0c 90 01 60 83 01 01 83 01 81 83 01 0a
19:32:04.801       	00 00 49 5f 0a 00 00 00 14 00 00 00 14 00 00 00 ff ff 00 00 01 01 02 00 90 00
19:32:04.801       	00 00 49 5f 0d 00 00 00 14 00 00 00 14 00 00 00 ff ff 00 00 00 01 02 00 00 a4 00 04 02
19:32:04.802       	00 00 49 5f 09 00 00 00 14 00 00 00 14 00 00 00 ff ff 00 00 01 01 02 00 a4
19:32:04.802       	00 00 49 5f 0a 00 00 00 14 00 00 00 14 00 00 00 ff ff 00 00 00 01 02 00 6f c5
19:32:04.804       	00 00 49 5f 0a 00 00 00 14 00 00 00 14 00 00 00 ff ff 00 00 01 01 02 00 6a 82
19:32:04.805       	00 00 49 5f 0d 00 00 00 14 00 00 00 14 00 00 00 ff ff 00 00 00 01 02 00 00 a4 08 04 04
19:32:04.805       	00 00 49 5f 09 00 00 00 14 00 00 00 14 00 00 00 ff ff 00 00 01 01 02 00 a4
19:32:04.806       	00 00 49 5f 0c 00 00 00 14 00 00 00 14 00 00 00 ff ff 00 00 00 01 02 00 7f ff 6f b7
19:32:04.809       	00 00 49 5f 0a 00 00 00 14 00 00 00 14 00 00 00 ff ff 00 00 01 01 02 00 61 1c
19:32:04.809       	00 00 49 5f 0d 00 00 00 14 00 00 00 14 00 00 00 ff ff 00 00 00 01 02 00 00 c0 00 00 1c
19:32:04.810       	00 00 49 5f 09 00 00 00 14 00 00 00 14 00 00 00 ff ff 00 00 01 01 02 00 c0
19:32:04.811       	00 00 49 5f 24 00 00 00 14 00 00 00 14 00 00 00 ff ff 00 00 01 01 02 00 62 1a 82 05 42 21 00 04 01 83 02 6f b7 8a 01 05 8b 03 6f 06 0a 80 02 00 04 88 01 08
19:32:04.811       	00 00 49 5f 0a 00 00 00 14 00 00 00 14 00 00 00 ff ff 00 00 01 01 02 00 90 00
19:32:04.812       	00 00 49 5f 0d 00 00 00 14 00 00 00 14 00 00 00 ff ff 00 00 00 01 02 00 00 b2 01 04 04
19:32:04.813       	00 00 49 5f 09 00 00 00 14 00 00 00 14 00 00 00 ff ff 00 00 01 01 02 00 b2
19:32:04.813       	00 00 49 5f 0c 00 00 00 14 00 00 00 14 00 00 00 ff ff 00 00 01 01 02 00 ff ff ff 00
19:32:04.813       	00 00 49 5f 0a 00 00 00 14 00 00 00 14 00 00 00 ff ff 00 00 01 01 02 00 90 00
19:32:04.814       	00 00 49 5f 0d 00 00 00 14 00 00 00 14 00 00 00 ff ff 00 00 00 01 02 00 80 14 00 00 10
19:32:04.814       	00 00 49 5f 09 00 00 00 14 00 00 00 14 00 00 00 ff ff 00 00 01 01 02 00 14
19:32:04.815       	00 00 49 5f 18 00 00 00 14 00 00 00 14 00 00 00 ff ff 00 00 00 01 02 00 81 03 01 03 00 02 02 82 81 83 01 00 84 02 01 1e
19:32:04.842       	00 00 49 5f 0a 00 00 00 14 00 00 00 14 00 00 00 ff ff 00 00 01 01 02 00 91 35
19:32:04.843       	00 00 49 5f 0d 00 00 00 14 00 00 00 14 00 00 00 ff ff 00 00 00 01 02 00 80 12 00 00 35
19:32:04.843       	00 00 49 5f 09 00 00 00 14 00 00 00 14 00 00 00 ff ff 00 00 01 01 02 00 12
19:32:04.846       	00 00 00 00 3d 00 00 00 14 00 00 00 14 00 00 00 ff ff 00 00 01 01 02 00 d0 33 81 03 01 23 04 82 02 81 82 8d 11 04 56 65 72 69 66 79 42 69 6e 64 53 74 61 72 74 01 91 02 ff ff 97 11 04 7e f7 e7 c0 d7 d7 36 02 a0 da bb 44 d6 6e b9 cc
19:32:04.846       	00 00 49 5f 0a 00 00 00 14 00 00 00 14 00 00 00 ff ff 00 00 01 01 02 00 90 00
19:32:04.847       	00 00 49 5f 0d 00 00 00 14 00 00 00 14 00 00 00 ff ff 00 00 00 01 02 00 00 a4 08 04 04
19:32:04.848       	00 00 49 5f 09 00 00 00 14 00 00 00 14 00 00 00 ff ff 00 00 01 01 02 00 a4
19:32:04.848       	00 00 49 5f 0c 00 00 00 14 00 00 00 14 00 00 00 ff ff 00 00 00 01 02 00 7f ff 6f 4b
19:32:04.850       	00 00 49 5f 0a 00 00 00 14 00 00 00 14 00 00 00 ff ff 00 00 01 01 02 00 6a 82
19:32:04.851       	00 00 49 5f 0d 00 00 00 14 00 00 00 14 00 00 00 ff ff 00 00 00 01 02 00 00 a4 00 04 02
19:32:04.851       	00 00 49 5f 09 00 00 00 14 00 00 00 14 00 00 00 ff ff 00 00 01 01 02 00 a4
19:32:04.852       	00 00 49 5f 0a 00 00 00 14 00 00 00 14 00 00 00 ff ff 00 00 00 01 02 00 3f 00
19:32:04.853       	00 00 49 5f 0a 00 00 00 14 00 00 00 14 00 00 00 ff ff 00 00 01 01 02 00 61 28
19:32:04.853       	00 00 49 5f 0d 00 00 00 14 00 00 00 14 00 00 00 ff ff 00 00 00 01 02 00 00 c0 00 00 28
19:32:04.854       	00 00 49 5f 09 00 00 00 14 00 00 00 14 00 00 00 ff ff 00 00 01 01 02 00 c0
19:32:04.856       	00 00 00 00 30 00 00 00 14 00 00 00 14 00 00 00 ff ff 00 00 01 01 02 00 62 26 82 02 78 21 83 02 3f 00 a5 06 80 01 71 87 01 01 8a 01 05 8b 03 2f 06 0e c6 0c 90 01 60 83 01 01 83 01 02 83 01 0a
19:32:04.856       	00 00 49 5f 0a 00 00 00 14 00 00 00 14 00 00 00 ff ff 00 00 01 01 02 00 90 00
19:32:04.856       	00 00 49 5f 0d 00 00 00 14 00 00 00 14 00 00 00 ff ff 00 00 00 01 02 00 00 a4 00 04 02
19:32:04.857       	00 00 49 5f 09 00 00 00 14 00 00 00 14 00 00 00 ff ff 00 00 01 01 02 00 a4
19:32:04.858       	00 00 49 5f 0a 00 00 00 14 00 00 00 14 00 00 00 ff ff 00 00 00 01 02 00 7f ff
19:32:04.879       	00 00 49 5f 0a 00 00 00 14 00 00 00 14 00 00 00 ff ff 00 00 01 01 02 00 61 32
19:32:04.880       	00 00 49 5f 0d 00 00 00 14 00 00 00 14 00 00 00 ff ff 00 00 00 01 02 00 00 c0 00 00 32
19:32:04.880       	00 00 49 5f 09 00 00 00 14 00 00 00 14 00 00 00 ff ff 00 00 01 01 02 00 c0
19:32:04.883       	00 00 44 45 3a 00 00 00 14 00 00 00 14 00 00 00 ff ff 00 00 01 01 02 00 62 30 82 02 78 21 83 02 7f f1 84 10 a0 00 00 00 87 10 02 ff 33 ff 01 89 00 00 01 00 8a 01 05 8b 03 2f 06 0e c6 0c 90 01 60 83 01 01 83 01 81 83 01 0a
19:32:04.883       	00 00 49 5f 0a 00 00 00 14 00 00 00 14 00 00 00 ff ff 00 00 01 01 02 00 90 00
19:32:04.883       	00 00 49 5f 0d 00 00 00 14 00 00 00 14 00 00 00 ff ff 00 00 00 01 02 00 00 a4 00 04 02
19:32:04.884       	00 00 49 5f 09 00 00 00 14 00 00 00 14 00 00 00 ff ff 00 00 01 01 02 00 a4
19:32:04.884       	00 00 49 5f 0a 00 00 00 14 00 00 00 14 00 00 00 ff ff 00 00 00 01 02 00 6f 4b
19:32:04.886       	00 00 49 5f 0a 00 00 00 14 00 00 00 14 00 00 00 ff ff 00 00 01 01 02 00 6a 82
19:32:04.887       	00 00 49 5f 0d 00 00 00 14 00 00 00 14 00 00 00 ff ff 00 00 00 01 02 00 00 a4 08 04 04
19:32:04.887       	00 00 49 5f 09 00 00 00 14 00 00 00 14 00 00 00 ff ff 00 00 01 01 02 00 a4
19:32:04.888       	00 00 49 5f 0c 00 00 00 14 00 00 00 14 00 00 00 ff ff 00 00 00 01 02 00 7f 20 6f c5
19:32:04.889       	00 00 49 5f 0a 00 00 00 14 00 00 00 14 00 00 00 ff ff 00 00 01 01 02 00 6a 82
19:32:04.889       	00 00 49 5f 0d 00 00 00 14 00 00 00 14 00 00 00 ff ff 00 00 00 01 02 00 00 a4 00 04 02
19:32:04.890       	00 00 49 5f 09 00 00 00 14 00 00 00 14 00 00 00 ff ff 00 00 01 01 02 00 a4
19:32:04.890       	00 00 49 5f 0a 00 00 00 14 00 00 00 14 00 00 00 ff ff 00 00 00 01 02 00 3f 00
19:32:04.891       	00 00 49 5f 0a 00 00 00 14 00 00 00 14 00 00 00 ff ff 00 00 01 01 02 00 61 28
19:32:04.892       	00 00 49 5f 0d 00 00 00 14 00 00 00 14 00 00 00 ff ff 00 00 00 01 02 00 00 c0 00 00 28
19:32:04.892       	00 00 49 5f 09 00 00 00 14 00 00 00 14 00 00 00 ff ff 00 00 01 01 02 00 c0
19:32:04.894       	00 00 00 00 30 00 00 00 14 00 00 00 14 00 00 00 ff ff 00 00 01 01 02 00 62 26 82 02 78 21 83 02 3f 00 a5 06 80 01 71 87 01 01 8a 01 05 8b 03 2f 06 0e c6 0c 90 01 60 83 01 01 83 01 02 83 01 0a
19:32:04.894       	00 00 49 5f 0a 00 00 00 14 00 00 00 14 00 00 00 ff ff 00 00 01 01 02 00 90 00
19:32:04.895       	00 00 49 5f 0d 00 00 00 14 00 00 00 14 00 00 00 ff ff 00 00 00 01 02 00 00 a4 00 04 02
19:32:04.896       	00 00 49 5f 09 00 00 00 14 00 00 00 14 00 00 00 ff ff 00 00 01 01 02 00 a4
19:32:04.896       	00 00 49 5f 0a 00 00 00 14 00 00 00 14 00 00 00 ff ff 00 00 00 01 02 00 7f 20
19:32:04.897       	00 00 49 5f 0a 00 00 00 14 00 00 00 14 00 00 00 ff ff 00 00 01 01 02 00 6a 82
19:32:04.898       	00 00 49 5f 0d 00 00 00 14 00 00 00 14 00 00 00 ff ff 00 00 00 01 02 00 00 a4 08 04 04
19:32:04.898       	00 00 49 5f 09 00 00 00 14 00 00 00 14 00 00 00 ff ff 00 00 01 01 02 00 a4
19:32:04.899       	00 00 49 5f 0c 00 00 00 14 00 00 00 14 00 00 00 ff ff 00 00 00 01 02 00 7f ff 6f 49
19:32:04.901       	00 00 49 5f 0a 00 00 00 14 00 00 00 14 00 00 00 ff ff 00 00 01 01 02 00 6a 82
19:32:04.901       	00 00 49 5f 0d 00 00 00 14 00 00 00 14 00 00 00 ff ff 00 00 00 01 02 00 00 a4 00 04 02
19:32:04.902       	00 00 49 5f 09 00 00 00 14 00 00 00 14 00 00 00 ff ff 00 00 01 01 02 00 a4
19:32:04.903       	00 00 49 5f 0a 00 00 00 14 00 00 00 14 00 00 00 ff ff 00 00 00 01 02 00 3f 00
19:32:04.903       	00 00 49 5f 0a 00 00 00 14 00 00 00 14 00 00 00 ff ff 00 00 01 01 02 00 61 28
19:32:04.904       	00 00 49 5f 0d 00 00 00 14 00 00 00 14 00 00 00 ff ff 00 00 00 01 02 00 00 c0 00 00 28
19:32:04.904       	00 00 49 5f 09 00 00 00 14 00 00 00 14 00 00 00 ff ff 00 00 01 01 02 00 c0
19:32:04.906       	00 00 00 00 30 00 00 00 14 00 00 00 14 00 00 00 ff ff 00 00 01 01 02 00 62 26 82 02 78 21 83 02 3f 00 a5 06 80 01 71 87 01 01 8a 01 05 8b 03 2f 06 0e c6 0c 90 01 60 83 01 01 83 01 02 83 01 0a
19:32:04.907       	00 00 49 5f 0a 00 00 00 14 00 00 00 14 00 00 00 ff ff 00 00 01 01 02 00 90 00
19:32:04.907       	00 00 49 5f 0d 00 00 00 14 00 00 00 14 00 00 00 ff ff 00 00 00 01 02 00 00 a4 00 04 02
19:32:04.908       	00 00 49 5f 09 00 00 00 14 00 00 00 14 00 00 00 ff ff 00 00 01 01 02 00 a4
19:32:04.908       	00 00 49 5f 0a 00 00 00 14 00 00 00 14 00 00 00 ff ff 00 00 00 01 02 00 7f ff
19:32:04.930       	00 00 49 5f 0a 00 00 00 14 00 00 00 14 00 00 00 ff ff 00 00 01 01 02 00 61 32
19:32:04.930       	00 00 49 5f 0d 00 00 00 14 00 00 00 14 00 00 00 ff ff 00 00 00 01 02 00 00 c0 00 00 32
19:32:04.931       	00 00 49 5f 09 00 00 00 14 00 00 00 14 00 00 00 ff ff 00 00 01 01 02 00 c0
19:32:04.933       	00 00 00 00 3a 00 00 00 14 00 00 00 14 00 00 00 ff ff 00 00 01 01 02 00 62 30 82 02 78 21 83 02 7f f1 84 10 a0 00 00 00 87 10 02 ff 33 ff 01 89 00 00 01 00 8a 01 05 8b 03 2f 06 0e c6 0c 90 01 60 83 01 01 83 01 81 83 01 0a
19:32:04.933       	00 00 49 5f 0a 00 00 00 14 00 00 00 14 00 00 00 ff ff 00 00 01 01 02 00 90 00
19:32:04.934       	00 00 49 5f 0d 00 00 00 14 00 00 00 14 00 00 00 ff ff 00 00 00 01 02 00 00 a4 00 04 02
19:32:04.934       	00 00 49 5f 09 00 00 00 14 00 00 00 14 00 00 00 ff ff 00 00 01 01 02 00 a4
19:32:04.935       	00 00 49 5f 0a 00 00 00 14 00 00 00 14 00 00 00 ff ff 00 00 00 01 02 00 6f 49
19:32:04.937       	00 00 49 5f 0a 00 00 00 14 00 00 00 14 00 00 00 ff ff 00 00 01 01 02 00 6a 82
19:32:04.937       	00 00 49 5f 0d 00 00 00 14 00 00 00 14 00 00 00 ff ff 00 00 00 01 02 00 00 a4 08 04 04
19:32:04.938       	00 00 49 5f 09 00 00 00 14 00 00 00 14 00 00 00 ff ff 00 00 01 01 02 00 a4
19:32:04.938       	00 00 49 5f 0c 00 00 00 14 00 00 00 14 00 00 00 ff ff 00 00 00 01 02 00 7f ff 6f e4
19:32:04.941       	00 00 49 5f 0a 00 00 00 14 00 00 00 14 00 00 00 ff ff 00 00 01 01 02 00 61 1c
19:32:04.942       	00 00 49 5f 0d 00 00 00 14 00 00 00 14 00 00 00 ff ff 00 00 00 01 02 00 00 c0 00 00 1c
19:32:04.942       	00 00 49 5f 09 00 00 00 14 00 00 00 14 00 00 00 ff ff 00 00 01 01 02 00 c0
19:32:04.944       	00 00 49 5f 24 00 00 00 14 00 00 00 14 00 00 00 ff ff 00 00 01 01 02 00 62 1a 82 05 42 21 00 50 01 83 02 6f e4 8a 01 05 8b 03 6f 06 05 80 02 00 50 88 01 c0
19:32:04.944       	00 00 49 5f 0a 00 00 00 14 00 00 00 14 00 00 00 ff ff 00 00 01 01 02 00 90 00
19:32:04.944       	00 00 49 5f 0d 00 00 00 14 00 00 00 14 00 00 00 ff ff 00 00 00 01 02 00 00 b2 01 04 50
19:32:04.957       	00 00 49 5f 09 00 00 00 14 00 00 00 14 00 00 00 ff ff 00 00 01 01 02 00 b2
19:32:04.961       	00 00 44 45 58 00 00 00 14 00 00 00 14 00 00 00 ff ff 00 00 01 01 02 00 a0 34 80 01 07 81 20 ff ff ff ff ff ff ff ff ff ff ff ff ff ff ff ff ff ff ff ff ff ff ff ff ff ff ff ff ff ff ff ff 82 04 ff ff ff ff 83 04 ff ff ff ff 84 01 ff ff ff ff ff ff ff ff ff ff ff ff ff ff ff ff ff ff ff ff ff ff ff ff ff ff ff
19:32:04.961       	00 00 49 5f 0a 00 00 00 14 00 00 00 14 00 00 00 ff ff 00 00 01 01 02 00 90 00
19:32:04.962       	00 00 49 5f 0d 00 00 00 14 00 00 00 14 00 00 00 ff ff 00 00 00 01 02 00 00 a4 08 04 04
19:32:04.963       	00 00 49 5f 09 00 00 00 14 00 00 00 14 00 00 00 ff ff 00 00 01 01 02 00 a4
19:32:04.963       	00 00 49 5f 0c 00 00 00 14 00 00 00 14 00 00 00 ff ff 00 00 00 01 02 00 7f ff 6f e3
19:32:04.966       	00 00 49 5f 0a 00 00 00 14 00 00 00 14 00 00 00 ff ff 00 00 01 01 02 00 61 19
19:32:04.967       	00 00 49 5f 0d 00 00 00 14 00 00 00 14 00 00 00 ff ff 00 00 00 01 02 00 00 c0 00 00 19
19:32:04.967       	00 00 49 5f 09 00 00 00 14 00 00 00 14 00 00 00 ff ff 00 00 01 01 02 00 c0
19:32:04.968       	00 00 49 5f 21 00 00 00 14 00 00 00 14 00 00 00 ff ff 00 00 01 01 02 00 62 17 82 02 41 21 83 02 6f e3 8a 01 05 8b 03 6f 06 05 80 02 00 12 88 01 f0
19:32:04.968       	00 00 49 5f 0a 00 00 00 14 00 00 00 14 00 00 00 ff ff 00 00 01 01 02 00 90 00
19:32:04.969       	00 00 49 5f 0d 00 00 00 14 00 00 00 14 00 00 00 ff ff 00 00 00 01 02 00 00 b0 00 00 12
19:32:04.982       	00 00 49 5f 09 00 00 00 14 00 00 00 14 00 00 00 ff ff 00 00 01 01 02 00 b0
19:32:04.983       	00 00 49 5f 1a 00 00 00 14 00 00 00 14 00 00 00 ff ff 00 00 01 01 02 00 0b f6 64 f0 10 88 03 dc f4 a8 30 93 64 f0 10 e8 fa 00
19:32:04.983       	00 00 49 5f 0a 00 00 00 14 00 00 00 14 00 00 00 ff ff 00 00 01 01 02 00 90 00
19:32:04.984       	00 00 49 5f 0d 00 00 00 14 00 00 00 14 00 00 00 ff ff 00 00 00 01 02 00 00 a4 08 04 04
19:32:04.984       	00 00 49 5f 09 00 00 00 14 00 00 00 14 00 00 00 ff ff 00 00 01 01 02 00 a4
19:32:04.985       	00 00 49 5f 0c 00 00 00 14 00 00 00 14 00 00 00 ff ff 00 00 00 01 02 00 7f ff 6f 40
19:32:04.987       	00 00 49 5f 0a 00 00 00 14 00 00 00 14 00 00 00 ff ff 00 00 01 01 02 00 6a 82
19:32:04.987       	00 00 49 5f 0d 00 00 00 14 00 00 00 14 00 00 00 ff ff 00 00 00 01 02 00 00 a4 00 04 02
19:32:04.988       	00 00 49 5f 09 00 00 00 14 00 00 00 14 00 00 00 ff ff 00 00 01 01 02 00 a4
19:32:04.989       	00 00 49 5f 0a 00 00 00 14 00 00 00 14 00 00 00 ff ff 00 00 00 01 02 00 3f 00
19:32:04.990       	00 00 49 5f 0a 00 00 00 14 00 00 00 14 00 00 00 ff ff 00 00 01 01 02 00 61 28
19:32:04.990       	00 00 49 5f 0d 00 00 00 14 00 00 00 14 00 00 00 ff ff 00 00 00 01 02 00 00 c0 00 00 28
19:32:04.990       	00 00 49 5f 09 00 00 00 14 00 00 00 14 00 00 00 ff ff 00 00 01 01 02 00 c0
19:32:04.992       	00 00 ff ff 30 00 00 00 14 00 00 00 14 00 00 00 ff ff 00 00 01 01 02 00 62 26 82 02 78 21 83 02 3f 00 a5 06 80 01 71 87 01 01 8a 01 05 8b 03 2f 06 0e c6 0c 90 01 60 83 01 01 83 01 02 83 01 0a
19:32:04.993       	00 00 49 5f 0a 00 00 00 14 00 00 00 14 00 00 00 ff ff 00 00 01 01 02 00 90 00
19:32:04.993       	00 00 49 5f 0d 00 00 00 14 00 00 00 14 00 00 00 ff ff 00 00 00 01 02 00 00 a4 00 04 02
19:32:04.994       	00 00 49 5f 09 00 00 00 14 00 00 00 14 00 00 00 ff ff 00 00 01 01 02 00 a4
19:32:04.994       	00 00 49 5f 0a 00 00 00 14 00 00 00 14 00 00 00 ff ff 00 00 00 01 02 00 7f ff
19:32:05.016       	00 00 49 5f 0a 00 00 00 14 00 00 00 14 00 00 00 ff ff 00 00 01 01 02 00 61 32
19:32:05.017       	00 00 49 5f 0d 00 00 00 14 00 00 00 14 00 00 00 ff ff 00 00 00 01 02 00 00 c0 00 00 32
19:32:05.017       	00 00 49 5f 09 00 00 00 14 00 00 00 14 00 00 00 ff ff 00 00 01 01 02 00 c0
19:32:05.019       	00 00 00 00 3a 00 00 00 14 00 00 00 14 00 00 00 ff ff 00 00 01 01 02 00 62 30 82 02 78 21 83 02 7f f1 84 10 a0 00 00 00 87 10 02 ff 33 ff 01 89 00 00 01 00 8a 01 05 8b 03 2f 06 0e c6 0c 90 01 60 83 01 01 83 01 81 83 01 0a
19:32:05.020       	00 00 49 5f 0a 00 00 00 14 00 00 00 14 00 00 00 ff ff 00 00 01 01 02 00 90 00
19:32:05.020       	00 00 49 5f 0d 00 00 00 14 00 00 00 14 00 00 00 ff ff 00 00 00 01 02 00 00 a4 00 04 02
19:32:05.021       	00 00 49 5f 09 00 00 00 14 00 00 00 14 00 00 00 ff ff 00 00 01 01 02 00 a4
19:32:05.021       	00 00 49 5f 0a 00 00 00 14 00 00 00 14 00 00 00 ff ff 00 00 00 01 02 00 6f 40
19:32:05.023       	00 00 49 5f 0a 00 00 00 14 00 00 00 14 00 00 00 ff ff 00 00 01 01 02 00 6a 82
19:32:05.024       	00 00 49 5f 0d 00 00 00 14 00 00 00 14 00 00 00 ff ff 00 00 00 01 02 00 00 a4 08 04 04
19:32:05.024       	00 00 49 5f 09 00 00 00 14 00 00 00 14 00 00 00 ff ff 00 00 01 01 02 00 a4
19:32:05.025       	00 00 49 5f 0c 00 00 00 14 00 00 00 14 00 00 00 ff ff 00 00 00 01 02 00 7f ff 6f e4
19:32:05.028       	00 00 49 5f 0a 00 00 00 14 00 00 00 14 00 00 00 ff ff 00 00 01 01 02 00 61 1c
19:32:05.029       	00 00 49 5f 0d 00 00 00 14 00 00 00 14 00 00 00 ff ff 00 00 00 01 02 00 00 c0 00 00 1c
19:32:05.029       	00 00 49 5f 09 00 00 00 14 00 00 00 14 00 00 00 ff ff 00 00 01 01 02 00 c0
19:32:05.030       	00 00 49 5f 24 00 00 00 14 00 00 00 14 00 00 00 ff ff 00 00 01 01 02 00 62 1a 82 05 42 21 00 50 01 83 02 6f e4 8a 01 05 8b 03 6f 06 05 80 02 00 50 88 01 c0
19:32:05.031       	00 00 49 5f 0a 00 00 00 14 00 00 00 14 00 00 00 ff ff 00 00 01 01 02 00 90 00
19:32:05.031       	00 00 49 5f 0d 00 00 00 14 00 00 00 14 00 00 00 ff ff 00 00 00 01 02 00 00 dc 01 04 50
19:32:05.032       	00 00 49 5f 09 00 00 00 14 00 00 00 14 00 00 00 ff ff 00 00 01 01 02 00 dc
19:32:05.033       	00 00 8b c6 58 00 00 00 14 00 00 00 14 00 00 00 ff ff 00 00 00 01 02 00 a0 34 80 01 07 81 20 00 00 00 00 00 00 00 00 00 00 00 00 00 00 00 00 00 00 00 00 00 00 00 00 00 00 00 00 00 00 00 00 82 04 00 00 00 00 83 04 00 00 00 00 84 01 00 ff ff ff ff ff ff ff ff ff ff ff ff ff ff ff ff ff ff ff ff ff ff ff ff ff ff
19:32:05.072       	00 00 49 5f 0a 00 00 00 14 00 00 00 14 00 00 00 ff ff 00 00 01 01 02 00 90 00
19:32:05.073       	00 00 49 5f 0d 00 00 00 14 00 00 00 14 00 00 00 ff ff 00 00 00 01 02 00 00 a4 08 04 04
19:32:05.074       	00 00 49 5f 09 00 00 00 14 00 00 00 14 00 00 00 ff ff 00 00 01 01 02 00 a4
19:32:05.074       	00 00 49 5f 0c 00 00 00 14 00 00 00 14 00 00 00 ff ff 00 00 00 01 02 00 7f ff 6f e3
19:32:05.077       	00 00 49 5f 0a 00 00 00 14 00 00 00 14 00 00 00 ff ff 00 00 01 01 02 00 61 19
19:32:05.078       	00 00 49 5f 0d 00 00 00 14 00 00 00 14 00 00 00 ff ff 00 00 00 01 02 00 00 c0 00 00 19
19:32:05.078       	00 00 49 5f 09 00 00 00 14 00 00 00 14 00 00 00 ff ff 00 00 01 01 02 00 c0
19:32:05.079       	00 00 49 5f 21 00 00 00 14 00 00 00 14 00 00 00 ff ff 00 00 01 01 02 00 62 17 82 02 41 21 83 02 6f e3 8a 01 05 8b 03 6f 06 05 80 02 00 12 88 01 f0
19:32:05.080       	00 00 49 5f 0a 00 00 00 14 00 00 00 14 00 00 00 ff ff 00 00 01 01 02 00 90 00
19:32:05.080       	00 00 49 5f 0d 00 00 00 14 00 00 00 14 00 00 00 ff ff 00 00 00 01 02 00 00 d6 00 00 12
19:32:05.081       	00 00 00 00 09 00 00 00 14 00 00 00 14 00 00 00 ff ff 00 00 01 01 02 00 d6
19:32:05.082       	00 00 49 5f 1a 00 00 00 14 00 00 00 14 00 00 00 ff ff 00 00 00 01 02 00 0b f6 ff ff ff ff ff ff ff ff ff ff 64 f0 10 ff fe 00
19:32:05.117       	00 00 49 5f 0a 00 00 00 14 00 00 00 14 00 00 00 ff ff 00 00 01 01 02 00 90 00
19:32:05.362       	00 00 49 5f 0d 00 00 00 14 00 00 00 14 00 00 00 ff ff 00 00 00 01 02 00 00 b0 00 00 12
19:32:05.375       	00 00 49 5f 09 00 00 00 14 00 00 00 14 00 00 00 ff ff 00 00 01 01 02 00 b0
19:32:05.376       	00 00 49 5f 1a 00 00 00 14 00 00 00 14 00 00 00 ff ff 00 00 01 01 02 00 0b f6 ff ff ff ff ff ff ff ff ff ff 64 f0 10 ff fe 00
19:32:05.376       	00 00 49 5f 0a 00 00 00 14 00 00 00 14 00 00 00 ff ff 00 00 01 01 02 00 90 00
19:32:05.377       	00 00 49 5f 0d 00 00 00 14 00 00 00 14 00 00 00 ff ff 00 00 00 01 02 00 00 a4 08 04 04
19:32:05.378       	00 00 49 5f 09 00 00 00 14 00 00 00 14 00 00 00 ff ff 00 00 01 01 02 00 a4
19:32:05.379       	00 00 49 5f 0c 00 00 00 14 00 00 00 14 00 00 00 ff ff 00 00 00 01 02 00 7f ff 6f e4
19:32:05.381       	00 00 49 5f 0a 00 00 00 14 00 00 00 14 00 00 00 ff ff 00 00 01 01 02 00 61 1c
19:32:05.382       	00 00 49 5f 0d 00 00 00 14 00 00 00 14 00 00 00 ff ff 00 00 00 01 02 00 00 c0 00 00 1c
19:32:05.382       	00 00 49 5f 09 00 00 00 14 00 00 00 14 00 00 00 ff ff 00 00 01 01 02 00 c0
19:32:05.384       	00 00 49 5f 24 00 00 00 14 00 00 00 14 00 00 00 ff ff 00 00 01 01 02 00 62 1a 82 05 42 21 00 50 01 83 02 6f e4 8a 01 05 8b 03 6f 06 05 80 02 00 50 88 01 c0
19:32:05.384       	00 00 49 5f 0a 00 00 00 14 00 00 00 14 00 00 00 ff ff 00 00 01 01 02 00 90 00
19:32:05.385       	00 00 49 5f 0d 00 00 00 14 00 00 00 14 00 00 00 ff ff 00 00 00 01 02 00 00 dc 01 04 50
19:32:05.385       	00 00 49 5f 09 00 00 00 14 00 00 00 14 00 00 00 ff ff 00 00 01 01 02 00 dc
19:32:05.386       	00 00 00 00 58 00 00 00 14 00 00 00 14 00 00 00 ff ff 00 00 00 01 02 00 a0 34 80 01 07 81 20 00 00 00 00 00 00 00 00 00 00 00 00 00 00 00 00 00 00 00 00 00 00 00 00 00 00 00 00 00 00 00 00 82 04 00 00 00 00 83 04 00 00 00 00 84 01 00 ff ff ff ff ff ff ff ff ff ff ff ff ff ff ff ff ff ff ff ff ff ff ff ff ff ff
19:32:05.412       	00 00 49 5f 0a 00 00 00 14 00 00 00 14 00 00 00 ff ff 00 00 01 01 02 00 90 00
19:32:05.587       	00 00 49 5f 0d 00 00 00 14 00 00 00 14 00 00 00 ff ff 00 00 00 01 02 00 80 7c 00 00 00
19:32:05.590       	00 00 49 5f 0a 00 00 00 14 00 00 00 14 00 00 00 ff ff 00 00 01 01 02 00 90 00
19:32:05.590       	00 00 49 5f 0d 00 00 00 14 00 00 00 14 00 00 00 ff ff 00 00 00 01 00 00 00 70 00 00 01
19:32:05.591       	00 00 49 5f 09 00 00 00 14 00 00 00 14 00 00 00 ff ff 00 00 01 01 00 00 70
19:32:05.591       	00 00 49 5f 09 00 00 00 14 00 00 00 14 00 00 00 ff ff 00 00 01 01 00 00 01
19:32:05.591       	00 00 49 5f 0a 00 00 00 14 00 00 00 14 00 00 00 ff ff 00 00 01 01 00 00 90 00
19:32:05.592       	00 00 49 5f 0d 00 00 00 14 00 00 00 14 00 00 00 ff ff 00 00 00 01 00 00 01 a4 04 00 10
19:32:05.592       	00 00 49 5f 09 00 00 00 14 00 00 00 14 00 00 00 ff ff 00 00 01 01 00 00 a4
19:32:05.593       	00 00 49 5f 18 00 00 00 14 00 00 00 14 00 00 00 ff ff 00 00 00 01 00 00 a0 00 00 05 59 10 10 ff ff ff ff 89 00 00 01 00
19:32:05.595       	00 00 49 5f 0a 00 00 00 14 00 00 00 14 00 00 00 ff ff 00 00 01 01 00 00 61 25
19:32:05.596       	00 00 49 5f 0d 00 00 00 14 00 00 00 14 00 00 00 ff ff 00 00 00 01 00 00 01 c0 00 00 25
19:32:05.596       	00 00 49 5f 09 00 00 00 14 00 00 00 14 00 00 00 ff ff 00 00 01 01 00 00 c0
19:32:05.598       	00 00 00 00 2d 00 00 00 14 00 00 00 14 00 00 00 ff ff 00 00 01 01 00 00 6f 23 84 10 a0 00 00 05 59 10 10 ff ff ff ff 89 00 00 01 00 a5 04 9f 65 01 ff e0 09 82 03 02 03 00 03 02 05 20
19:32:05.598       	00 00 49 5f 0a 00 00 00 14 00 00 00 14 00 00 00 ff ff 00 00 01 01 00 00 90 00
19:32:05.600       	00 00 49 5f 0d 00 00 00 14 00 00 00 14 00 00 00 ff ff 00 00 00 01 00 00 81 e2 91 00 06
19:32:05.601       	00 00 49 5f 09 00 00 00 14 00 00 00 14 00 00 00 ff ff 00 00 01 01 00 00 e2
19:32:05.601       	00 00 49 5f 0e 00 00 00 14 00 00 00 14 00 00 00 ff ff 00 00 00 01 00 00 bf 3e 03 5c 01 5a
19:32:05.602       	00 00 49 5f 0a 00 00 00 14 00 00 00 14 00 00 00 ff ff 00 00 01 01 00 00 61 15
19:32:05.602       	00 00 49 5f 0d 00 00 00 14 00 00 00 14 00 00 00 ff ff 00 00 00 01 00 00 01 c0 00 00 15
19:32:05.603       	00 00 49 5f 09 00 00 00 14 00 00 00 14 00 00 00 ff ff 00 00 01 01 00 00 c0
19:32:05.604       	00 00 49 5f 1d 00 00 00 14 00 00 00 14 00 00 00 ff ff 00 00 01 01 00 00 bf 3e 12 5a 10 89 03 40 11 02 44 00 00 00 00 00 00 13 43 39 40
19:32:05.604       	00 00 49 5f 0a 00 00 00 14 00 00 00 14 00 00 00 ff ff 00 00 01 01 00 00 90 00
19:32:05.606       	00 00 49 5f 0d 00 00 00 14 00 00 00 14 00 00 00 ff ff 00 00 00 01 00 00 00 70 80 01 00
19:32:05.607       	00 00 49 5f 0a 00 00 00 14 00 00 00 14 00 00 00 ff ff 00 00 01 01 00 00 90 00
19:32:05.615       	00 00 49 5f 0d 00 00 00 14 00 00 00 14 00 00 00 ff ff 00 00 00 01 00 00 80 7c 00 02 00
19:32:05.616       	00 00 49 5f 0a 00 00 00 14 00 00 00 14 00 00 00 ff ff 00 00 01 01 00 00 90 00
19:32:05.617       	00 00 49 5f 0d 00 00 00 14 00 00 00 14 00 00 00 ff ff 00 00 00 01 02 00 00 a4 08 04 06
19:32:05.618       	00 00 49 5f 09 00 00 00 14 00 00 00 14 00 00 00 ff ff 00 00 01 01 02 00 a4
19:32:05.618       	00 00 49 5f 0e 00 00 00 14 00 00 00 14 00 00 00 ff ff 00 00 00 01 02 00 7f ff 5f c0 4f 07
19:32:05.620       	00 00 49 5f 0a 00 00 00 14 00 00 00 14 00 00 00 ff ff 00 00 01 01 02 00 6a 82
19:32:05.621       	00 00 49 5f 0d 00 00 00 14 00 00 00 14 00 00 00 ff ff 00 00 00 01 02 00 00 a4 00 04 02
19:32:05.621       	00 00 49 5f 09 00 00 00 14 00 00 00 14 00 00 00 ff ff 00 00 01 01 02 00 a4
19:32:05.622       	00 00 49 5f 0a 00 00 00 14 00 00 00 14 00 00 00 ff ff 00 00 00 01 02 00 3f 00
19:32:05.623       	00 00 49 5f 0a 00 00 00 14 00 00 00 14 00 00 00 ff ff 00 00 01 01 02 00 61 28
19:32:05.623       	00 00 49 5f 0d 00 00 00 14 00 00 00 14 00 00 00 ff ff 00 00 00 01 02 00 00 c0 00 00 28
19:32:05.624       	00 00 49 5f 09 00 00 00 14 00 00 00 14 00 00 00 ff ff 00 00 01 01 02 00 c0
19:32:05.626       	00 00 00 00 30 00 00 00 14 00 00 00 14 00 00 00 ff ff 00 00 01 01 02 00 62 26 82 02 78 21 83 02 3f 00 a5 06 80 01 71 87 01 01 8a 01 05 8b 03 2f 06 0e c6 0c 90 01 60 83 01 01 83 01 02 83 01 0a
19:32:05.626       	00 00 49 5f 0a 00 00 00 14 00 00 00 14 00 00 00 ff ff 00 00 01 01 02 00 90 00
19:32:05.626       	00 00 49 5f 0d 00 00 00 14 00 00 00 14 00 00 00 ff ff 00 00 00 01 02 00 00 a4 00 04 02
19:32:05.627       	00 00 49 5f 09 00 00 00 14 00 00 00 14 00 00 00 ff ff 00 00 01 01 02 00 a4
19:32:05.628       	00 00 49 5f 0a 00 00 00 14 00 00 00 14 00 00 00 ff ff 00 00 00 01 02 00 7f ff
19:32:05.649       	00 00 49 5f 0a 00 00 00 14 00 00 00 14 00 00 00 ff ff 00 00 01 01 02 00 61 32
19:32:05.650       	00 00 49 5f 0d 00 00 00 14 00 00 00 14 00 00 00 ff ff 00 00 00 01 02 00 00 c0 00 00 32
19:32:05.650       	00 00 49 5f 09 00 00 00 14 00 00 00 14 00 00 00 ff ff 00 00 01 01 02 00 c0
19:32:05.653       	00 00 d0 15 3a 00 00 00 14 00 00 00 14 00 00 00 ff ff 00 00 01 01 02 00 62 30 82 02 78 21 83 02 7f f1 84 10 a0 00 00 00 87 10 02 ff 33 ff 01 89 00 00 01 00 8a 01 05 8b 03 2f 06 0e c6 0c 90 01 60 83 01 01 83 01 81 83 01 0a
19:32:05.653       	00 00 49 5f 0a 00 00 00 14 00 00 00 14 00 00 00 ff ff 00 00 01 01 02 00 90 00
19:32:05.654       	00 00 49 5f 0d 00 00 00 14 00 00 00 14 00 00 00 ff ff 00 00 00 01 02 00 00 a4 00 04 02
19:32:05.654       	00 00 49 5f 09 00 00 00 14 00 00 00 14 00 00 00 ff ff 00 00 01 01 02 00 a4
19:32:05.655       	00 00 49 5f 0a 00 00 00 14 00 00 00 14 00 00 00 ff ff 00 00 00 01 02 00 5f c0
19:32:05.656       	00 00 49 5f 0a 00 00 00 14 00 00 00 14 00 00 00 ff ff 00 00 01 01 02 00 6a 82
19:32:05.660       	00 00 49 5f 0d 00 00 00 14 00 00 00 14 00 00 00 ff ff 00 00 00 01 02 00 00 a4 08 04 04
19:32:05.660       	00 00 49 5f 09 00 00 00 14 00 00 00 14 00 00 00 ff ff 00 00 01 01 02 00 a4
19:32:05.661       	00 00 49 5f 0c 00 00 00 14 00 00 00 14 00 00 00 ff ff 00 00 00 01 02 00 7f ff 6f 07
19:32:05.664       	00 00 49 5f 0a 00 00 00 14 00 00 00 14 00 00 00 ff ff 00 00 01 01 02 00 61 19
19:32:05.665       	00 00 49 5f 0d 00 00 00 14 00 00 00 14 00 00 00 ff ff 00 00 00 01 02 00 00 c0 00 00 19
19:32:05.665       	00 00 49 5f 09 00 00 00 14 00 00 00 14 00 00 00 ff ff 00 00 01 01 02 00 c0
19:32:05.667       	00 00 49 5f 21 00 00 00 14 00 00 00 14 00 00 00 ff ff 00 00 01 01 02 00 62 17 82 02 41 21 83 02 6f 07 8a 01 05 8b 03 6f 06 02 80 02 00 09 88 01 38
19:32:05.667       	00 00 49 5f 0a 00 00 00 14 00 00 00 14 00 00 00 ff ff 00 00 01 01 02 00 90 00
19:32:05.667       	00 00 49 5f 0d 00 00 00 14 00 00 00 14 00 00 00 ff ff 00 00 00 01 02 00 00 b0 00 00 09
19:32:05.682       	00 00 00 00 09 00 00 00 14 00 00 00 14 00 00 00 ff ff 00 00 01 01 02 00 b0
19:32:05.683       	00 00 49 5f 11 00 00 00 14 00 00 00 14 00 00 00 ff ff 00 00 01 01 02 00 08 49 45 00 36 12 73 06 40
19:32:05.683       	00 00 49 5f 0a 00 00 00 14 00 00 00 14 00 00 00 ff ff 00 00 01 01 02 00 90 00
19:32:05.684       	00 00 49 5f 0d 00 00 00 14 00 00 00 14 00 00 00 ff ff 00 00 00 01 02 00 00 a4 08 04 04
19:32:05.684       	00 00 49 5f 09 00 00 00 14 00 00 00 14 00 00 00 ff ff 00 00 01 01 02 00 a4
19:32:05.685       	00 00 49 5f 0c 00 00 00 14 00 00 00 14 00 00 00 ff ff 00 00 00 01 02 00 7f ff 6f cb
19:32:05.687       	00 00 49 5f 0a 00 00 00 14 00 00 00 14 00 00 00 ff ff 00 00 01 01 02 00 6a 82
19:32:05.687       	00 00 49 5f 0d 00 00 00 14 00 00 00 14 00 00 00 ff ff 00 00 00 01 02 00 00 a4 00 04 02
19:32:05.688       	00 00 49 5f 09 00 00 00 14 00 00 00 14 00 00 00 ff ff 00 00 01 01 02 00 a4
19:32:05.689       	00 00 49 5f 0a 00 00 00 14 00 00 00 14 00 00 00 ff ff 00 00 00 01 02 00 3f 00
19:32:05.690       	00 00 49 5f 0a 00 00 00 14 00 00 00 14 00 00 00 ff ff 00 00 01 01 02 00 61 28
19:32:05.690       	00 00 49 5f 0d 00 00 00 14 00 00 00 14 00 00 00 ff ff 00 00 00 01 02 00 00 c0 00 00 28
19:32:05.691       	00 00 49 5f 09 00 00 00 14 00 00 00 14 00 00 00 ff ff 00 00 01 01 02 00 c0
19:32:05.693       	00 00 00 00 30 00 00 00 14 00 00 00 14 00 00 00 ff ff 00 00 01 01 02 00 62 26 82 02 78 21 83 02 3f 00 a5 06 80 01 71 87 01 01 8a 01 05 8b 03 2f 06 0e c6 0c 90 01 60 83 01 01 83 01 02 83 01 0a
19:32:05.693       	00 00 49 5f 0a 00 00 00 14 00 00 00 14 00 00 00 ff ff 00 00 01 01 02 00 90 00
19:32:05.693       	00 00 49 5f 0d 00 00 00 14 00 00 00 14 00 00 00 ff ff 00 00 00 01 02 00 00 a4 00 04 02
19:32:05.694       	00 00 49 5f 09 00 00 00 14 00 00 00 14 00 00 00 ff ff 00 00 01 01 02 00 a4
19:32:05.694       	00 00 49 5f 0a 00 00 00 14 00 00 00 14 00 00 00 ff ff 00 00 00 01 02 00 7f ff
19:32:05.716       	00 00 49 5f 0a 00 00 00 14 00 00 00 14 00 00 00 ff ff 00 00 01 01 02 00 61 32
19:32:05.717       	00 00 49 5f 0d 00 00 00 14 00 00 00 14 00 00 00 ff ff 00 00 00 01 02 00 00 c0 00 00 32
19:32:05.717       	00 00 49 5f 09 00 00 00 14 00 00 00 14 00 00 00 ff ff 00 00 01 01 02 00 c0
19:32:05.720       	00 00 00 00 3a 00 00 00 14 00 00 00 14 00 00 00 ff ff 00 00 01 01 02 00 62 30 82 02 78 21 83 02 7f f1 84 10 a0 00 00 00 87 10 02 ff 33 ff 01 89 00 00 01 00 8a 01 05 8b 03 2f 06 0e c6 0c 90 01 60 83 01 01 83 01 81 83 01 0a
19:32:05.720       	00 00 49 5f 0a 00 00 00 14 00 00 00 14 00 00 00 ff ff 00 00 01 01 02 00 90 00
19:32:05.721       	00 00 49 5f 0d 00 00 00 14 00 00 00 14 00 00 00 ff ff 00 00 00 01 02 00 00 a4 00 04 02
19:32:05.721       	00 00 49 5f 09 00 00 00 14 00 00 00 14 00 00 00 ff ff 00 00 01 01 02 00 a4
19:32:05.722       	00 00 49 5f 0a 00 00 00 14 00 00 00 14 00 00 00 ff ff 00 00 00 01 02 00 6f cb
19:32:05.724       	00 00 49 5f 0a 00 00 00 14 00 00 00 14 00 00 00 ff ff 00 00 01 01 02 00 6a 82
19:32:05.779       	00 00 49 5f 0d 00 00 00 14 00 00 00 14 00 00 00 ff ff 00 00 00 01 02 00 00 a4 08 04 04
19:32:05.779       	00 00 49 5f 09 00 00 00 14 00 00 00 14 00 00 00 ff ff 00 00 01 01 02 00 a4
19:32:05.780       	00 00 49 5f 0c 00 00 00 14 00 00 00 14 00 00 00 ff ff 00 00 00 01 02 00 7f ff 6f e4
19:32:05.782       	00 00 49 5f 0a 00 00 00 14 00 00 00 14 00 00 00 ff ff 00 00 01 01 02 00 61 1c
19:32:05.783       	00 00 49 5f 0d 00 00 00 14 00 00 00 14 00 00 00 ff ff 00 00 00 01 02 00 00 c0 00 00 1c
19:32:05.783       	00 00 49 5f 09 00 00 00 14 00 00 00 14 00 00 00 ff ff 00 00 01 01 02 00 c0
19:32:05.785       	00 00 49 5f 24 00 00 00 14 00 00 00 14 00 00 00 ff ff 00 00 01 01 02 00 62 1a 82 05 42 21 00 50 01 83 02 6f e4 8a 01 05 8b 03 6f 06 05 80 02 00 50 88 01 c0
19:32:05.785       	00 00 49 5f 0a 00 00 00 14 00 00 00 14 00 00 00 ff ff 00 00 01 01 02 00 90 00
19:32:05.786       	00 00 49 5f 0d 00 00 00 14 00 00 00 14 00 00 00 ff ff 00 00 00 01 02 00 00 dc 01 04 50
19:32:05.786       	00 00 49 5f 09 00 00 00 14 00 00 00 14 00 00 00 ff ff 00 00 01 01 02 00 dc
19:32:05.787       	00 00 2b 28 58 00 00 00 14 00 00 00 14 00 00 00 ff ff 00 00 00 01 02 00 a0 34 80 01 07 81 20 ff ff ff ff ff ff ff ff ff ff ff ff ff ff ff ff ff ff ff ff ff ff ff ff ff ff ff ff ff ff ff ff 82 04 ff ff ff ff 83 04 ff ff ff ff 84 01 ff ff ff ff ff ff ff ff ff ff ff ff ff ff ff ff ff ff ff ff ff ff ff ff ff ff ff
19:32:05.827       	00 00 49 5f 0a 00 00 00 14 00 00 00 14 00 00 00 ff ff 00 00 01 01 02 00 90 00
19:32:05.827       	00 00 49 5f 0d 00 00 00 14 00 00 00 14 00 00 00 ff ff 00 00 00 01 02 00 00 a4 08 04 04
19:32:05.828       	00 00 49 5f 09 00 00 00 14 00 00 00 14 00 00 00 ff ff 00 00 01 01 02 00 a4
19:32:05.828       	00 00 49 5f 0c 00 00 00 14 00 00 00 14 00 00 00 ff ff 00 00 00 01 02 00 7f ff 6f 13
19:32:05.830       	00 00 49 5f 0a 00 00 00 14 00 00 00 14 00 00 00 ff ff 00 00 01 01 02 00 6a 82
19:32:05.831       	00 00 49 5f 0d 00 00 00 14 00 00 00 14 00 00 00 ff ff 00 00 00 01 02 00 00 a4 00 04 02
19:32:05.831       	00 00 49 5f 09 00 00 00 14 00 00 00 14 00 00 00 ff ff 00 00 01 01 02 00 a4
19:32:05.832       	00 00 49 5f 0a 00 00 00 14 00 00 00 14 00 00 00 ff ff 00 00 00 01 02 00 3f 00
19:32:05.833       	00 00 49 5f 0a 00 00 00 14 00 00 00 14 00 00 00 ff ff 00 00 01 01 02 00 61 28
19:32:05.833       	00 00 49 5f 0d 00 00 00 14 00 00 00 14 00 00 00 ff ff 00 00 00 01 02 00 00 c0 00 00 28
19:32:05.834       	00 00 49 5f 09 00 00 00 14 00 00 00 14 00 00 00 ff ff 00 00 01 01 02 00 c0
19:32:05.836       	00 00 00 00 30 00 00 00 14 00 00 00 14 00 00 00 ff ff 00 00 01 01 02 00 62 26 82 02 78 21 83 02 3f 00 a5 06 80 01 71 87 01 01 8a 01 05 8b 03 2f 06 0e c6 0c 90 01 60 83 01 01 83 01 02 83 01 0a
19:32:05.836       	00 00 49 5f 0a 00 00 00 14 00 00 00 14 00 00 00 ff ff 00 00 01 01 02 00 90 00
19:32:05.836       	00 00 49 5f 0d 00 00 00 14 00 00 00 14 00 00 00 ff ff 00 00 00 01 02 00 00 a4 00 04 02
19:32:05.837       	00 00 49 5f 09 00 00 00 14 00 00 00 14 00 00 00 ff ff 00 00 01 01 02 00 a4
19:32:05.837       	00 00 49 5f 0a 00 00 00 14 00 00 00 14 00 00 00 ff ff 00 00 00 01 02 00 7f ff
19:32:05.859       	00 00 49 5f 0a 00 00 00 14 00 00 00 14 00 00 00 ff ff 00 00 01 01 02 00 61 32
19:32:05.860       	00 00 49 5f 0d 00 00 00 14 00 00 00 14 00 00 00 ff ff 00 00 00 01 02 00 00 c0 00 00 32
19:32:05.860       	00 00 49 5f 09 00 00 00 14 00 00 00 14 00 00 00 ff ff 00 00 01 01 02 00 c0
19:32:05.863       	00 00 00 00 3a 00 00 00 14 00 00 00 14 00 00 00 ff ff 00 00 01 01 02 00 62 30 82 02 78 21 83 02 7f f1 84 10 a0 00 00 00 87 10 02 ff 33 ff 01 89 00 00 01 00 8a 01 05 8b 03 2f 06 0e c6 0c 90 01 60 83 01 01 83 01 81 83 01 0a
19:32:05.863       	00 00 49 5f 0a 00 00 00 14 00 00 00 14 00 00 00 ff ff 00 00 01 01 02 00 90 00
19:32:05.864       	00 00 49 5f 0d 00 00 00 14 00 00 00 14 00 00 00 ff ff 00 00 00 01 02 00 00 a4 00 04 02
19:32:05.864       	00 00 49 5f 09 00 00 00 14 00 00 00 14 00 00 00 ff ff 00 00 01 01 02 00 a4
19:32:05.865       	00 00 49 5f 0a 00 00 00 14 00 00 00 14 00 00 00 ff ff 00 00 00 01 02 00 6f 13
19:32:05.867       	00 00 49 5f 0a 00 00 00 14 00 00 00 14 00 00 00 ff ff 00 00 01 01 02 00 6a 82
19:32:05.867       	00 00 49 5f 0d 00 00 00 14 00 00 00 14 00 00 00 ff ff 00 00 00 01 02 00 00 a4 08 04 04
19:32:05.868       	00 00 49 5f 09 00 00 00 14 00 00 00 14 00 00 00 ff ff 00 00 01 01 02 00 a4
19:32:05.869       	00 00 49 5f 0c 00 00 00 14 00 00 00 14 00 00 00 ff ff 00 00 00 01 02 00 7f ff 6f 38
19:32:05.872       	00 00 49 5f 0a 00 00 00 14 00 00 00 14 00 00 00 ff ff 00 00 01 01 02 00 61 19
19:32:05.873       	00 00 49 5f 0d 00 00 00 14 00 00 00 14 00 00 00 ff ff 00 00 00 01 02 00 00 c0 00 00 19
19:32:05.873       	00 00 49 5f 09 00 00 00 14 00 00 00 14 00 00 00 ff ff 00 00 01 01 02 00 c0
19:32:05.874       	00 00 49 5f 21 00 00 00 14 00 00 00 14 00 00 00 ff ff 00 00 01 01 02 00 62 17 82 02 41 21 83 02 6f 38 8a 01 05 8b 03 6f 06 02 80 02 00 11 88 01 20
19:32:05.874       	00 00 49 5f 0a 00 00 00 14 00 00 00 14 00 00 00 ff ff 00 00 01 01 02 00 90 00
19:32:05.875       	00 00 49 5f 0d 00 00 00 14 00 00 00 14 00 00 00 ff ff 00 00 00 01 02 00 00 a4 08 04 04
19:32:05.876       	00 00 49 5f 09 00 00 00 14 00 00 00 14 00 00 00 ff ff 00 00 01 01 02 00 a4
19:32:05.876       	00 00 49 5f 0c 00 00 00 14 00 00 00 14 00 00 00 ff ff 00 00 00 01 02 00 7f ff 6f 11
19:32:05.878       	00 00 49 5f 0a 00 00 00 14 00 00 00 14 00 00 00 ff ff 00 00 01 01 02 00 6a 82
19:32:05.879       	00 00 49 5f 0d 00 00 00 14 00 00 00 14 00 00 00 ff ff 00 00 00 01 02 00 00 a4 00 04 02
19:32:05.879       	00 00 49 5f 09 00 00 00 14 00 00 00 14 00 00 00 ff ff 00 00 01 01 02 00 a4
19:32:05.880       	00 00 49 5f 0a 00 00 00 14 00 00 00 14 00 00 00 ff ff 00 00 00 01 02 00 3f 00
19:32:05.881       	00 00 49 5f 0a 00 00 00 14 00 00 00 14 00 00 00 ff ff 00 00 01 01 02 00 61 28
19:32:05.882       	00 00 49 5f 0d 00 00 00 14 00 00 00 14 00 00 00 ff ff 00 00 00 01 02 00 00 c0 00 00 28
19:32:05.882       	00 00 49 5f 09 00 00 00 14 00 00 00 14 00 00 00 ff ff 00 00 01 01 02 00 c0
19:32:05.884       	00 00 00 00 30 00 00 00 14 00 00 00 14 00 00 00 ff ff 00 00 01 01 02 00 62 26 82 02 78 21 83 02 3f 00 a5 06 80 01 71 87 01 01 8a 01 05 8b 03 2f 06 0e c6 0c 90 01 60 83 01 01 83 01 02 83 01 0a
19:32:05.884       	00 00 49 5f 0a 00 00 00 14 00 00 00 14 00 00 00 ff ff 00 00 01 01 02 00 90 00
19:32:05.885       	00 00 49 5f 0d 00 00 00 14 00 00 00 14 00 00 00 ff ff 00 00 00 01 02 00 00 a4 00 04 02
19:32:05.885       	00 00 49 5f 09 00 00 00 14 00 00 00 14 00 00 00 ff ff 00 00 01 01 02 00 a4
19:32:05.886       	00 00 49 5f 0a 00 00 00 14 00 00 00 14 00 00 00 ff ff 00 00 00 01 02 00 7f ff
19:32:05.908       	00 00 49 5f 0a 00 00 00 14 00 00 00 14 00 00 00 ff ff 00 00 01 01 02 00 61 32
19:32:05.908       	00 00 49 5f 0d 00 00 00 14 00 00 00 14 00 00 00 ff ff 00 00 00 01 02 00 00 c0 00 00 32
19:32:05.909       	00 00 49 5f 09 00 00 00 14 00 00 00 14 00 00 00 ff ff 00 00 01 01 02 00 c0
19:32:05.911       	00 00 00 00 3a 00 00 00 14 00 00 00 14 00 00 00 ff ff 00 00 01 01 02 00 62 30 82 02 78 21 83 02 7f f1 84 10 a0 00 00 00 87 10 02 ff 33 ff 01 89 00 00 01 00 8a 01 05 8b 03 2f 06 0e c6 0c 90 01 60 83 01 01 83 01 81 83 01 0a
19:32:05.911       	00 00 49 5f 0a 00 00 00 14 00 00 00 14 00 00 00 ff ff 00 00 01 01 02 00 90 00
19:32:05.912       	00 00 49 5f 0d 00 00 00 14 00 00 00 14 00 00 00 ff ff 00 00 00 01 02 00 00 a4 00 04 02
19:32:05.913       	00 00 49 5f 09 00 00 00 14 00 00 00 14 00 00 00 ff ff 00 00 01 01 02 00 a4
19:32:05.913       	00 00 49 5f 0a 00 00 00 14 00 00 00 14 00 00 00 ff ff 00 00 00 01 02 00 6f 11
19:32:05.915       	00 00 49 5f 0a 00 00 00 14 00 00 00 14 00 00 00 ff ff 00 00 01 01 02 00 6a 82
19:32:05.916       	00 00 49 5f 0d 00 00 00 14 00 00 00 14 00 00 00 ff ff 00 00 00 01 02 00 00 a4 08 04 04
19:32:05.916       	00 00 49 5f 09 00 00 00 14 00 00 00 14 00 00 00 ff ff 00 00 01 01 02 00 a4
19:32:05.917       	00 00 49 5f 0c 00 00 00 14 00 00 00 14 00 00 00 ff ff 00 00 00 01 02 00 7f ff 6f 38
19:32:05.920       	00 00 49 5f 0a 00 00 00 14 00 00 00 14 00 00 00 ff ff 00 00 01 01 02 00 61 19
19:32:05.921       	00 00 49 5f 0d 00 00 00 14 00 00 00 14 00 00 00 ff ff 00 00 00 01 02 00 00 c0 00 00 19
19:32:05.921       	00 00 49 5f 09 00 00 00 14 00 00 00 14 00 00 00 ff ff 00 00 01 01 02 00 c0
19:32:05.923       	00 00 49 5f 21 00 00 00 14 00 00 00 14 00 00 00 ff ff 00 00 01 01 02 00 62 17 82 02 41 21 83 02 6f 38 8a 01 05 8b 03 6f 06 02 80 02 00 11 88 01 20
19:32:05.923       	00 00 49 5f 0a 00 00 00 14 00 00 00 14 00 00 00 ff ff 00 00 01 01 02 00 90 00
19:32:05.923       	00 00 49 5f 0d 00 00 00 14 00 00 00 14 00 00 00 ff ff 00 00 00 01 02 00 00 b0 00 00 11
19:32:05.936       	00 00 49 5f 09 00 00 00 14 00 00 00 14 00 00 00 ff ff 00 00 01 01 02 00 b0
19:32:05.937       	00 00 49 5f 19 00 00 00 14 00 00 00 14 00 00 00 ff ff 00 00 01 01 02 00 00 00 1c 0c 23 16 00 00 40 00 10 00 00 00 00 00 00
19:32:05.937       	00 00 49 5f 0a 00 00 00 14 00 00 00 14 00 00 00 ff ff 00 00 01 01 02 00 90 00
19:32:05.938       	00 00 49 5f 0d 00 00 00 14 00 00 00 14 00 00 00 ff ff 00 00 00 01 02 00 00 a4 08 04 06
19:32:05.939       	00 00 49 5f 09 00 00 00 14 00 00 00 14 00 00 00 ff ff 00 00 01 01 02 00 a4
19:32:05.940       	00 00 49 5f 0e 00 00 00 14 00 00 00 14 00 00 00 ff ff 00 00 00 01 02 00 7f 10 5f 3a 4f 30
19:32:05.941       	00 00 49 5f 0a 00 00 00 14 00 00 00 14 00 00 00 ff ff 00 00 01 01 02 00 6a 82
19:32:05.941       	00 00 49 5f 0d 00 00 00 14 00 00 00 14 00 00 00 ff ff 00 00 00 01 02 00 00 a4 00 04 02
19:32:05.942       	00 00 49 5f 09 00 00 00 14 00 00 00 14 00 00 00 ff ff 00 00 01 01 02 00 a4
19:32:05.942       	00 00 49 5f 0a 00 00 00 14 00 00 00 14 00 00 00 ff ff 00 00 00 01 02 00 3f 00
19:32:05.944       	00 00 49 5f 0a 00 00 00 14 00 00 00 14 00 00 00 ff ff 00 00 01 01 02 00 61 28
19:32:05.944       	00 00 49 5f 0d 00 00 00 14 00 00 00 14 00 00 00 ff ff 00 00 00 01 02 00 00 c0 00 00 28
19:32:05.945       	00 00 49 5f 09 00 00 00 14 00 00 00 14 00 00 00 ff ff 00 00 01 01 02 00 c0
19:32:05.947       	00 00 57 3c 30 00 00 00 14 00 00 00 14 00 00 00 ff ff 00 00 01 01 02 00 62 26 82 02 78 21 83 02 3f 00 a5 06 80 01 71 87 01 01 8a 01 05 8b 03 2f 06 0e c6 0c 90 01 60 83 01 01 83 01 02 83 01 0a
19:32:05.947       	00 00 49 5f 0a 00 00 00 14 00 00 00 14 00 00 00 ff ff 00 00 01 01 02 00 90 00
19:32:05.947       	00 00 49 5f 0d 00 00 00 14 00 00 00 14 00 00 00 ff ff 00 00 00 01 02 00 00 a4 00 04 02
19:32:05.948       	00 00 49 5f 09 00 00 00 14 00 00 00 14 00 00 00 ff ff 00 00 01 01 02 00 a4
19:32:05.948       	00 00 49 5f 0a 00 00 00 14 00 00 00 14 00 00 00 ff ff 00 00 00 01 02 00 7f 10
19:32:05.949       	00 00 49 5f 0a 00 00 00 14 00 00 00 14 00 00 00 ff ff 00 00 01 01 02 00 6a 82
19:32:05.977       	00 00 49 5f 0d 00 00 00 14 00 00 00 14 00 00 00 ff ff 00 00 00 01 02 00 00 a4 08 04 02
19:32:05.977       	00 00 49 5f 09 00 00 00 14 00 00 00 14 00 00 00 ff ff 00 00 01 01 02 00 a4
19:32:05.978       	00 00 49 5f 0a 00 00 00 14 00 00 00 14 00 00 00 ff ff 00 00 00 01 02 00 7f ff
19:32:05.999       	00 00 49 5f 0a 00 00 00 14 00 00 00 14 00 00 00 ff ff 00 00 01 01 02 00 61 32
19:32:06.000       	00 00 49 5f 0d 00 00 00 14 00 00 00 14 00 00 00 ff ff 00 00 00 01 02 00 00 c0 00 00 32
19:32:06.001       	00 00 49 5f 09 00 00 00 14 00 00 00 14 00 00 00 ff ff 00 00 01 01 02 00 c0
19:32:06.003       	00 00 00 00 3a 00 00 00 14 00 00 00 14 00 00 00 ff ff 00 00 01 01 02 00 62 30 82 02 78 21 83 02 7f f1 84 10 a0 00 00 00 87 10 02 ff 33 ff 01 89 00 00 01 00 8a 01 05 8b 03 2f 06 0e c6 0c 90 01 60 83 01 01 83 01 81 83 01 0a
19:32:06.003       	00 00 49 5f 0a 00 00 00 14 00 00 00 14 00 00 00 ff ff 00 00 01 01 02 00 90 00
19:32:06.004       	00 00 49 5f 0d 00 00 00 14 00 00 00 14 00 00 00 ff ff 00 00 00 01 02 00 00 88 00 81 22
19:32:06.005       	00 00 49 5f 0a 00 00 00 14 00 00 00 14 00 00 00 ff ff 00 00 01 01 02 00 69 85
19:32:06.006       	00 00 49 5f 0d 00 00 00 14 00 00 00 14 00 00 00 ff ff 00 00 00 01 02 00 00 a4 08 04 06
19:32:06.006       	00 00 49 5f 09 00 00 00 14 00 00 00 14 00 00 00 ff ff 00 00 01 01 02 00 a4
19:32:06.007       	00 00 49 5f 0e 00 00 00 14 00 00 00 14 00 00 00 ff ff 00 00 00 01 02 00 7f 10 5f 3a 4f 30
19:32:06.008       	00 00 49 5f 0a 00 00 00 14 00 00 00 14 00 00 00 ff ff 00 00 01 01 02 00 6a 82
19:32:06.009       	00 00 49 5f 0d 00 00 00 14 00 00 00 14 00 00 00 ff ff 00 00 00 01 02 00 00 a4 00 04 02
19:32:06.009       	00 00 49 5f 09 00 00 00 14 00 00 00 14 00 00 00 ff ff 00 00 01 01 02 00 a4
19:32:06.010       	00 00 49 5f 0a 00 00 00 14 00 00 00 14 00 00 00 ff ff 00 00 00 01 02 00 3f 00
19:32:06.011       	00 00 49 5f 0a 00 00 00 14 00 00 00 14 00 00 00 ff ff 00 00 01 01 02 00 61 28
19:32:06.011       	00 00 49 5f 0d 00 00 00 14 00 00 00 14 00 00 00 ff ff 00 00 00 01 02 00 00 c0 00 00 28
19:32:06.012       	00 00 49 5f 09 00 00 00 14 00 00 00 14 00 00 00 ff ff 00 00 01 01 02 00 c0
19:32:06.014       	00 00 00 00 30 00 00 00 14 00 00 00 14 00 00 00 ff ff 00 00 01 01 02 00 62 26 82 02 78 21 83 02 3f 00 a5 06 80 01 71 87 01 01 8a 01 05 8b 03 2f 06 0e c6 0c 90 01 60 83 01 01 83 01 02 83 01 0a
19:32:06.014       	00 00 49 5f 0a 00 00 00 14 00 00 00 14 00 00 00 ff ff 00 00 01 01 02 00 90 00
19:32:06.014       	00 00 49 5f 0d 00 00 00 14 00 00 00 14 00 00 00 ff ff 00 00 00 01 02 00 00 a4 00 04 02
19:32:06.015       	00 00 49 5f 09 00 00 00 14 00 00 00 14 00 00 00 ff ff 00 00 01 01 02 00 a4
19:32:06.016       	00 00 49 5f 0a 00 00 00 14 00 00 00 14 00 00 00 ff ff 00 00 00 01 02 00 7f 10
19:32:06.016       	00 00 49 5f 0a 00 00 00 14 00 00 00 14 00 00 00 ff ff 00 00 01 01 02 00 6a 82
19:32:06.029       	00 00 49 5f 0d 00 00 00 14 00 00 00 14 00 00 00 ff ff 00 00 00 01 02 00 00 a4 08 04 04
19:32:06.029       	00 00 49 5f 09 00 00 00 14 00 00 00 14 00 00 00 ff ff 00 00 01 01 02 00 a4
19:32:06.030       	00 00 49 5f 0c 00 00 00 14 00 00 00 14 00 00 00 ff ff 00 00 00 01 02 00 7f ff 6f c5
19:32:06.032       	00 00 49 5f 0a 00 00 00 14 00 00 00 14 00 00 00 ff ff 00 00 01 01 02 00 6a 82
19:32:06.032       	00 00 49 5f 0d 00 00 00 14 00 00 00 14 00 00 00 ff ff 00 00 00 01 02 00 00 a4 00 04 02
19:32:06.033       	00 00 49 5f 09 00 00 00 14 00 00 00 14 00 00 00 ff ff 00 00 01 01 02 00 a4
19:32:06.033       	00 00 49 5f 0a 00 00 00 14 00 00 00 14 00 00 00 ff ff 00 00 00 01 02 00 3f 00
19:32:06.035       	00 00 49 5f 0a 00 00 00 14 00 00 00 14 00 00 00 ff ff 00 00 01 01 02 00 61 28
19:32:06.035       	00 00 49 5f 0d 00 00 00 14 00 00 00 14 00 00 00 ff ff 00 00 00 01 02 00 00 c0 00 00 28
19:32:06.036       	00 00 49 5f 09 00 00 00 14 00 00 00 14 00 00 00 ff ff 00 00 01 01 02 00 c0
19:32:06.038       	00 00 00 00 30 00 00 00 14 00 00 00 14 00 00 00 ff ff 00 00 01 01 02 00 62 26 82 02 78 21 83 02 3f 00 a5 06 80 01 71 87 01 01 8a 01 05 8b 03 2f 06 0e c6 0c 90 01 60 83 01 01 83 01 02 83 01 0a
19:32:06.038       	00 00 49 5f 0a 00 00 00 14 00 00 00 14 00 00 00 ff ff 00 00 01 01 02 00 90 00
19:32:06.038       	00 00 49 5f 0d 00 00 00 14 00 00 00 14 00 00 00 ff ff 00 00 00 01 02 00 00 a4 00 04 02
19:32:06.039       	00 00 49 5f 09 00 00 00 14 00 00 00 14 00 00 00 ff ff 00 00 01 01 02 00 a4
19:32:06.039       	00 00 49 5f 0a 00 00 00 14 00 00 00 14 00 00 00 ff ff 00 00 00 01 02 00 7f ff
19:32:06.061       	00 00 49 5f 0a 00 00 00 14 00 00 00 14 00 00 00 ff ff 00 00 01 01 02 00 61 32
19:32:06.062       	00 00 49 5f 0d 00 00 00 14 00 00 00 14 00 00 00 ff ff 00 00 00 01 02 00 00 c0 00 00 32
19:32:06.062       	00 00 49 5f 09 00 00 00 14 00 00 00 14 00 00 00 ff ff 00 00 01 01 02 00 c0
19:32:06.065       	00 00 00 00 3a 00 00 00 14 00 00 00 14 00 00 00 ff ff 00 00 01 01 02 00 62 30 82 02 78 21 83 02 7f f1 84 10 a0 00 00 00 87 10 02 ff 33 ff 01 89 00 00 01 00 8a 01 05 8b 03 2f 06 0e c6 0c 90 01 60 83 01 01 83 01 81 83 01 0a
19:32:06.065       	00 00 49 5f 0a 00 00 00 14 00 00 00 14 00 00 00 ff ff 00 00 01 01 02 00 90 00
19:32:06.065       	00 00 49 5f 0d 00 00 00 14 00 00 00 14 00 00 00 ff ff 00 00 00 01 02 00 00 a4 00 04 02
19:32:06.066       	00 00 49 5f 09 00 00 00 14 00 00 00 14 00 00 00 ff ff 00 00 01 01 02 00 a4
19:32:06.068       	00 00 49 5f 0a 00 00 00 14 00 00 00 14 00 00 00 ff ff 00 00 00 01 02 00 6f c5
19:32:06.069       	00 00 49 5f 0a 00 00 00 14 00 00 00 14 00 00 00 ff ff 00 00 01 01 02 00 6a 82
19:32:06.094       	00 00 49 5f 0d 00 00 00 14 00 00 00 14 00 00 00 ff ff 00 00 00 01 02 00 00 a4 08 04 04
19:32:06.095       	00 00 49 5f 09 00 00 00 14 00 00 00 14 00 00 00 ff ff 00 00 01 01 02 00 a4
19:32:06.095       	00 00 49 5f 0c 00 00 00 14 00 00 00 14 00 00 00 ff ff 00 00 00 01 02 00 7f ff 6f 14
19:32:06.097       	00 00 49 5f 0a 00 00 00 14 00 00 00 14 00 00 00 ff ff 00 00 01 01 02 00 6a 82
19:32:06.098       	00 00 49 5f 0d 00 00 00 14 00 00 00 14 00 00 00 ff ff 00 00 00 01 02 00 00 a4 00 04 02
19:32:06.098       	00 00 49 5f 09 00 00 00 14 00 00 00 14 00 00 00 ff ff 00 00 01 01 02 00 a4
19:32:06.099       	00 00 49 5f 0a 00 00 00 14 00 00 00 14 00 00 00 ff ff 00 00 00 01 02 00 3f 00
19:32:06.100       	00 00 49 5f 0a 00 00 00 14 00 00 00 14 00 00 00 ff ff 00 00 01 01 02 00 61 28
19:32:06.100       	00 00 49 5f 0d 00 00 00 14 00 00 00 14 00 00 00 ff ff 00 00 00 01 02 00 00 c0 00 00 28
19:32:06.101       	00 00 49 5f 09 00 00 00 14 00 00 00 14 00 00 00 ff ff 00 00 01 01 02 00 c0
19:32:06.103       	00 00 ad 50 30 00 00 00 14 00 00 00 14 00 00 00 ff ff 00 00 01 01 02 00 62 26 82 02 78 21 83 02 3f 00 a5 06 80 01 71 87 01 01 8a 01 05 8b 03 2f 06 0e c6 0c 90 01 60 83 01 01 83 01 02 83 01 0a
19:32:06.103       	00 00 49 5f 0a 00 00 00 14 00 00 00 14 00 00 00 ff ff 00 00 01 01 02 00 90 00
19:32:06.104       	00 00 49 5f 0d 00 00 00 14 00 00 00 14 00 00 00 ff ff 00 00 00 01 02 00 00 a4 00 04 02
19:32:06.104       	00 00 49 5f 09 00 00 00 14 00 00 00 14 00 00 00 ff ff 00 00 01 01 02 00 a4
19:32:06.105       	00 00 49 5f 0a 00 00 00 14 00 00 00 14 00 00 00 ff ff 00 00 00 01 02 00 7f ff
19:32:06.127       	00 00 49 5f 0a 00 00 00 14 00 00 00 14 00 00 00 ff ff 00 00 01 01 02 00 61 32
19:32:06.127       	00 00 49 5f 0d 00 00 00 14 00 00 00 14 00 00 00 ff ff 00 00 00 01 02 00 00 c0 00 00 32
19:32:06.128       	00 00 49 5f 09 00 00 00 14 00 00 00 14 00 00 00 ff ff 00 00 01 01 02 00 c0
19:32:06.130       	00 00 38 51 3a 00 00 00 14 00 00 00 14 00 00 00 ff ff 00 00 01 01 02 00 62 30 82 02 78 21 83 02 7f f1 84 10 a0 00 00 00 87 10 02 ff 33 ff 01 89 00 00 01 00 8a 01 05 8b 03 2f 06 0e c6 0c 90 01 60 83 01 01 83 01 81 83 01 0a
19:32:06.130       	00 00 49 5f 0a 00 00 00 14 00 00 00 14 00 00 00 ff ff 00 00 01 01 02 00 90 00
19:32:06.133       	00 00 49 5f 0d 00 00 00 14 00 00 00 14 00 00 00 ff ff 00 00 00 01 02 00 00 a4 00 04 02
19:32:06.134       	00 00 49 5f 09 00 00 00 14 00 00 00 14 00 00 00 ff ff 00 00 01 01 02 00 a4
19:32:06.134       	00 00 49 5f 0a 00 00 00 14 00 00 00 14 00 00 00 ff ff 00 00 00 01 02 00 6f 14
19:32:06.136       	00 00 49 5f 0a 00 00 00 14 00 00 00 14 00 00 00 ff ff 00 00 01 01 02 00 6a 82
19:32:06.144       	00 00 49 5f 0d 00 00 00 14 00 00 00 14 00 00 00 ff ff 00 00 00 01 02 00 00 a4 08 04 04
19:32:06.144       	00 00 49 5f 09 00 00 00 14 00 00 00 14 00 00 00 ff ff 00 00 01 01 02 00 a4
19:32:06.145       	00 00 49 5f 0c 00 00 00 14 00 00 00 14 00 00 00 ff ff 00 00 00 01 02 00 7f ff 6f 18
19:32:06.147       	00 00 49 5f 0a 00 00 00 14 00 00 00 14 00 00 00 ff ff 00 00 01 01 02 00 6a 82
19:32:06.147       	00 00 49 5f 0d 00 00 00 14 00 00 00 14 00 00 00 ff ff 00 00 00 01 02 00 00 a4 00 04 02
19:32:06.148       	00 00 49 5f 09 00 00 00 14 00 00 00 14 00 00 00 ff ff 00 00 01 01 02 00 a4
19:32:06.148       	00 00 49 5f 0a 00 00 00 14 00 00 00 14 00 00 00 ff ff 00 00 00 01 02 00 3f 00
19:32:06.149       	00 00 49 5f 0a 00 00 00 14 00 00 00 14 00 00 00 ff ff 00 00 01 01 02 00 61 28
19:32:06.150       	00 00 49 5f 0d 00 00 00 14 00 00 00 14 00 00 00 ff ff 00 00 00 01 02 00 00 c0 00 00 28
19:32:06.150       	00 00 49 5f 09 00 00 00 14 00 00 00 14 00 00 00 ff ff 00 00 01 01 02 00 c0
19:32:06.152       	00 00 00 00 30 00 00 00 14 00 00 00 14 00 00 00 ff ff 00 00 01 01 02 00 62 26 82 02 78 21 83 02 3f 00 a5 06 80 01 71 87 01 01 8a 01 05 8b 03 2f 06 0e c6 0c 90 01 60 83 01 01 83 01 02 83 01 0a
19:32:06.152       	00 00 49 5f 0a 00 00 00 14 00 00 00 14 00 00 00 ff ff 00 00 01 01 02 00 90 00
19:32:06.153       	00 00 49 5f 0d 00 00 00 14 00 00 00 14 00 00 00 ff ff 00 00 00 01 02 00 00 a4 00 04 02
19:32:06.153       	00 00 49 5f 09 00 00 00 14 00 00 00 14 00 00 00 ff ff 00 00 01 01 02 00 a4
19:32:06.154       	00 00 49 5f 0a 00 00 00 14 00 00 00 14 00 00 00 ff ff 00 00 00 01 02 00 7f ff
19:32:06.176       	00 00 49 5f 0a 00 00 00 14 00 00 00 14 00 00 00 ff ff 00 00 01 01 02 00 61 32
19:32:06.176       	00 00 49 5f 0d 00 00 00 14 00 00 00 14 00 00 00 ff ff 00 00 00 01 02 00 00 c0 00 00 32
19:32:06.177       	00 00 49 5f 09 00 00 00 14 00 00 00 14 00 00 00 ff ff 00 00 01 01 02 00 c0
19:32:06.179       	00 00 00 00 3a 00 00 00 14 00 00 00 14 00 00 00 ff ff 00 00 01 01 02 00 62 30 82 02 78 21 83 02 7f f1 84 10 a0 00 00 00 87 10 02 ff 33 ff 01 89 00 00 01 00 8a 01 05 8b 03 2f 06 0e c6 0c 90 01 60 83 01 01 83 01 81 83 01 0a
19:32:06.179       	00 00 49 5f 0a 00 00 00 14 00 00 00 14 00 00 00 ff ff 00 00 01 01 02 00 90 00
19:32:06.180       	00 00 49 5f 0d 00 00 00 14 00 00 00 14 00 00 00 ff ff 00 00 00 01 02 00 00 a4 00 04 02
19:32:06.180       	00 00 49 5f 09 00 00 00 14 00 00 00 14 00 00 00 ff ff 00 00 01 01 02 00 a4
19:32:06.181       	00 00 49 5f 0a 00 00 00 14 00 00 00 14 00 00 00 ff ff 00 00 00 01 02 00 6f 18
19:32:06.183       	00 00 49 5f 0a 00 00 00 14 00 00 00 14 00 00 00 ff ff 00 00 01 01 02 00 6a 82
19:32:06.187       	00 00 49 5f 0d 00 00 00 14 00 00 00 14 00 00 00 ff ff 00 00 00 01 02 00 00 a4 08 04 04
19:32:06.188       	00 00 49 5f 09 00 00 00 14 00 00 00 14 00 00 00 ff ff 00 00 01 01 02 00 a4
19:32:06.188       	00 00 49 5f 0c 00 00 00 14 00 00 00 14 00 00 00 ff ff 00 00 00 01 02 00 7f ff 6f cd
19:32:06.190       	00 00 49 5f 0a 00 00 00 14 00 00 00 14 00 00 00 ff ff 00 00 01 01 02 00 6a 82
19:32:06.191       	00 00 49 5f 0d 00 00 00 14 00 00 00 14 00 00 00 ff ff 00 00 00 01 02 00 00 a4 00 04 02
19:32:06.191       	00 00 49 5f 09 00 00 00 14 00 00 00 14 00 00 00 ff ff 00 00 01 01 02 00 a4
19:32:06.192       	00 00 49 5f 0a 00 00 00 14 00 00 00 14 00 00 00 ff ff 00 00 00 01 02 00 3f 00
19:32:06.193       	00 00 49 5f 0a 00 00 00 14 00 00 00 14 00 00 00 ff ff 00 00 01 01 02 00 61 28
19:32:06.193       	00 00 49 5f 0d 00 00 00 14 00 00 00 14 00 00 00 ff ff 00 00 00 01 02 00 00 c0 00 00 28
19:32:06.194       	00 00 49 5f 09 00 00 00 14 00 00 00 14 00 00 00 ff ff 00 00 01 01 02 00 c0
19:32:06.196       	00 00 97 5b 30 00 00 00 14 00 00 00 14 00 00 00 ff ff 00 00 01 01 02 00 62 26 82 02 78 21 83 02 3f 00 a5 06 80 01 71 87 01 01 8a 01 05 8b 03 2f 06 0e c6 0c 90 01 60 83 01 01 83 01 02 83 01 0a
19:32:06.196       	00 00 49 5f 0a 00 00 00 14 00 00 00 14 00 00 00 ff ff 00 00 01 01 02 00 90 00
19:32:06.197       	00 00 49 5f 0d 00 00 00 14 00 00 00 14 00 00 00 ff ff 00 00 00 01 02 00 00 a4 00 04 02
19:32:06.197       	00 00 49 5f 09 00 00 00 14 00 00 00 14 00 00 00 ff ff 00 00 01 01 02 00 a4
19:32:06.198       	00 00 49 5f 0a 00 00 00 14 00 00 00 14 00 00 00 ff ff 00 00 00 01 02 00 7f ff
19:32:06.220       	00 00 49 5f 0a 00 00 00 14 00 00 00 14 00 00 00 ff ff 00 00 01 01 02 00 61 32
19:32:06.220       	00 00 49 5f 0d 00 00 00 14 00 00 00 14 00 00 00 ff ff 00 00 00 01 02 00 00 c0 00 00 32
19:32:06.221       	00 00 49 5f 09 00 00 00 14 00 00 00 14 00 00 00 ff ff 00 00 01 01 02 00 c0
19:32:06.223       	00 00 00 00 3a 00 00 00 14 00 00 00 14 00 00 00 ff ff 00 00 01 01 02 00 62 30 82 02 78 21 83 02 7f f1 84 10 a0 00 00 00 87 10 02 ff 33 ff 01 89 00 00 01 00 8a 01 05 8b 03 2f 06 0e c6 0c 90 01 60 83 01 01 83 01 81 83 01 0a
19:32:06.223       	00 00 49 5f 0a 00 00 00 14 00 00 00 14 00 00 00 ff ff 00 00 01 01 02 00 90 00
19:32:06.224       	00 00 49 5f 0d 00 00 00 14 00 00 00 14 00 00 00 ff ff 00 00 00 01 02 00 00 a4 00 04 02
19:32:06.224       	00 00 49 5f 09 00 00 00 14 00 00 00 14 00 00 00 ff ff 00 00 01 01 02 00 a4
19:32:06.225       	00 00 49 5f 0a 00 00 00 14 00 00 00 14 00 00 00 ff ff 00 00 00 01 02 00 6f cd
19:32:06.227       	00 00 49 5f 0a 00 00 00 14 00 00 00 14 00 00 00 ff ff 00 00 01 01 02 00 6a 82
19:32:06.246       	00 00 49 5f 0d 00 00 00 14 00 00 00 14 00 00 00 ff ff 00 00 00 01 02 00 00 a4 08 04 04
19:32:06.246       	00 00 49 5f 09 00 00 00 14 00 00 00 14 00 00 00 ff ff 00 00 01 01 02 00 a4
19:32:06.247       	00 00 49 5f 0c 00 00 00 14 00 00 00 14 00 00 00 ff ff 00 00 00 01 02 00 7f ff 6f d9
19:32:06.250       	00 00 49 5f 0a 00 00 00 14 00 00 00 14 00 00 00 ff ff 00 00 01 01 02 00 61 19
19:32:06.250       	00 00 49 5f 0d 00 00 00 14 00 00 00 14 00 00 00 ff ff 00 00 00 01 02 00 00 c0 00 00 19
19:32:06.251       	00 00 49 5f 09 00 00 00 14 00 00 00 14 00 00 00 ff ff 00 00 01 01 02 00 c0
19:32:06.252       	00 00 49 5f 21 00 00 00 14 00 00 00 14 00 00 00 ff ff 00 00 01 01 02 00 62 17 82 02 41 21 83 02 6f d9 8a 01 05 8b 03 6f 06 02 80 02 00 0f 88 01 e8
19:32:06.252       	00 00 49 5f 0a 00 00 00 14 00 00 00 14 00 00 00 ff ff 00 00 01 01 02 00 90 00
19:32:06.255       	00 00 49 5f 0d 00 00 00 14 00 00 00 14 00 00 00 ff ff 00 00 00 01 02 00 00 a4 08 04 04
19:32:06.255       	00 00 49 5f 09 00 00 00 14 00 00 00 14 00 00 00 ff ff 00 00 01 01 02 00 a4
19:32:06.256       	00 00 49 5f 0c 00 00 00 14 00 00 00 14 00 00 00 ff ff 00 00 00 01 02 00 7f ff 6f 40
19:32:06.258       	00 00 49 5f 0a 00 00 00 14 00 00 00 14 00 00 00 ff ff 00 00 01 01 02 00 6a 82
19:32:06.258       	00 00 49 5f 0d 00 00 00 14 00 00 00 14 00 00 00 ff ff 00 00 00 01 02 00 00 a4 00 04 02
19:32:06.259       	00 00 49 5f 09 00 00 00 14 00 00 00 14 00 00 00 ff ff 00 00 01 01 02 00 a4
19:32:06.259       	00 00 49 5f 0a 00 00 00 14 00 00 00 14 00 00 00 ff ff 00 00 00 01 02 00 3f 00
19:32:06.260       	00 00 49 5f 0a 00 00 00 14 00 00 00 14 00 00 00 ff ff 00 00 01 01 02 00 61 28
19:32:06.261       	00 00 49 5f 0d 00 00 00 14 00 00 00 14 00 00 00 ff ff 00 00 00 01 02 00 00 c0 00 00 28
19:32:06.261       	00 00 49 5f 09 00 00 00 14 00 00 00 14 00 00 00 ff ff 00 00 01 01 02 00 c0
19:32:06.263       	00 00 00 00 30 00 00 00 14 00 00 00 14 00 00 00 ff ff 00 00 01 01 02 00 62 26 82 02 78 21 83 02 3f 00 a5 06 80 01 71 87 01 01 8a 01 05 8b 03 2f 06 0e c6 0c 90 01 60 83 01 01 83 01 02 83 01 0a
19:32:06.263       	00 00 49 5f 0a 00 00 00 14 00 00 00 14 00 00 00 ff ff 00 00 01 01 02 00 90 00
19:32:06.264       	00 00 49 5f 0d 00 00 00 14 00 00 00 14 00 00 00 ff ff 00 00 00 01 02 00 00 a4 00 04 02
19:32:06.265       	00 00 49 5f 09 00 00 00 14 00 00 00 14 00 00 00 ff ff 00 00 01 01 02 00 a4
19:32:06.265       	00 00 49 5f 0a 00 00 00 14 00 00 00 14 00 00 00 ff ff 00 00 00 01 02 00 7f ff
19:32:06.287       	00 00 49 5f 0a 00 00 00 14 00 00 00 14 00 00 00 ff ff 00 00 01 01 02 00 61 32
19:32:06.288       	00 00 49 5f 0d 00 00 00 14 00 00 00 14 00 00 00 ff ff 00 00 00 01 02 00 00 c0 00 00 32
19:32:06.288       	00 00 49 5f 09 00 00 00 14 00 00 00 14 00 00 00 ff ff 00 00 01 01 02 00 c0
19:32:06.291       	00 00 00 00 3a 00 00 00 14 00 00 00 14 00 00 00 ff ff 00 00 01 01 02 00 62 30 82 02 78 21 83 02 7f f1 84 10 a0 00 00 00 87 10 02 ff 33 ff 01 89 00 00 01 00 8a 01 05 8b 03 2f 06 0e c6 0c 90 01 60 83 01 01 83 01 81 83 01 0a
19:32:06.291       	00 00 49 5f 0a 00 00 00 14 00 00 00 14 00 00 00 ff ff 00 00 01 01 02 00 90 00
19:32:06.291       	00 00 49 5f 0d 00 00 00 14 00 00 00 14 00 00 00 ff ff 00 00 00 01 02 00 00 a4 00 04 02
19:32:06.292       	00 00 49 5f 09 00 00 00 14 00 00 00 14 00 00 00 ff ff 00 00 01 01 02 00 a4
19:32:06.292       	00 00 49 5f 0a 00 00 00 14 00 00 00 14 00 00 00 ff ff 00 00 00 01 02 00 6f 40
19:32:06.294       	00 00 49 5f 0a 00 00 00 14 00 00 00 14 00 00 00 ff ff 00 00 01 01 02 00 6a 82
19:32:06.311       	00 00 00 00 0d 00 00 00 14 00 00 00 14 00 00 00 ff ff 00 00 00 01 02 00 00 a4 08 04 04
19:32:06.312       	00 00 49 5f 09 00 00 00 14 00 00 00 14 00 00 00 ff ff 00 00 01 01 02 00 a4
19:32:06.312       	00 00 49 5f 0c 00 00 00 14 00 00 00 14 00 00 00 ff ff 00 00 00 01 02 00 7f ff 6f d9
19:32:06.315       	00 00 49 5f 0a 00 00 00 14 00 00 00 14 00 00 00 ff ff 00 00 01 01 02 00 61 19
19:32:06.315       	00 00 49 5f 0d 00 00 00 14 00 00 00 14 00 00 00 ff ff 00 00 00 01 02 00 00 c0 00 00 19
19:32:06.316       	00 00 49 5f 09 00 00 00 14 00 00 00 14 00 00 00 ff ff 00 00 01 01 02 00 c0
19:32:06.317       	00 00 49 5f 21 00 00 00 14 00 00 00 14 00 00 00 ff ff 00 00 01 01 02 00 62 17 82 02 41 21 83 02 6f d9 8a 01 05 8b 03 6f 06 02 80 02 00 0f 88 01 e8
19:32:06.317       	00 00 49 5f 0a 00 00 00 14 00 00 00 14 00 00 00 ff ff 00 00 01 01 02 00 90 00
19:32:06.318       	00 00 49 5f 0d 00 00 00 14 00 00 00 14 00 00 00 ff ff 00 00 00 01 02 00 00 b0 00 00 0f
19:32:06.330       	00 00 49 5f 09 00 00 00 14 00 00 00 14 00 00 00 ff ff 00 00 01 01 02 00 b0
19:32:06.331       	00 00 49 5f 17 00 00 00 14 00 00 00 14 00 00 00 ff ff 00 00 01 01 02 00 54 f4 00 ff ff ff ff ff ff ff ff ff ff ff ff
19:32:06.331       	00 00 49 5f 0a 00 00 00 14 00 00 00 14 00 00 00 ff ff 00 00 01 01 02 00 90 00
19:32:06.360       	00 00 49 5f 0d 00 00 00 14 00 00 00 14 00 00 00 ff ff 00 00 00 01 02 00 00 a4 08 04 04
19:32:06.361       	00 00 49 5f 09 00 00 00 14 00 00 00 14 00 00 00 ff ff 00 00 01 01 02 00 a4
19:32:06.361       	00 00 49 5f 0c 00 00 00 14 00 00 00 14 00 00 00 ff ff 00 00 00 01 02 00 7f ff 6f 05
19:32:06.363       	00 00 49 5f 0a 00 00 00 14 00 00 00 14 00 00 00 ff ff 00 00 01 01 02 00 6a 82
19:32:06.364       	00 00 49 5f 0d 00 00 00 14 00 00 00 14 00 00 00 ff ff 00 00 00 01 02 00 00 a4 00 04 02
19:32:06.364       	00 00 49 5f 09 00 00 00 14 00 00 00 14 00 00 00 ff ff 00 00 01 01 02 00 a4
19:32:06.365       	00 00 49 5f 0a 00 00 00 14 00 00 00 14 00 00 00 ff ff 00 00 00 01 02 00 3f 00
19:32:06.366       	00 00 49 5f 0a 00 00 00 14 00 00 00 14 00 00 00 ff ff 00 00 01 01 02 00 61 28
19:32:06.366       	00 00 49 5f 0d 00 00 00 14 00 00 00 14 00 00 00 ff ff 00 00 00 01 02 00 00 c0 00 00 28
19:32:06.367       	00 00 49 5f 09 00 00 00 14 00 00 00 14 00 00 00 ff ff 00 00 01 01 02 00 c0
19:32:06.369       	00 00 00 00 30 00 00 00 14 00 00 00 14 00 00 00 ff ff 00 00 01 01 02 00 62 26 82 02 78 21 83 02 3f 00 a5 06 80 01 71 87 01 01 8a 01 05 8b 03 2f 06 0e c6 0c 90 01 60 83 01 01 83 01 02 83 01 0a
19:32:06.369       	00 00 49 5f 0a 00 00 00 14 00 00 00 14 00 00 00 ff ff 00 00 01 01 02 00 90 00
19:32:06.369       	00 00 49 5f 0d 00 00 00 14 00 00 00 14 00 00 00 ff ff 00 00 00 01 02 00 00 a4 00 04 02
19:32:06.370       	00 00 49 5f 09 00 00 00 14 00 00 00 14 00 00 00 ff ff 00 00 01 01 02 00 a4
19:32:06.370       	00 00 49 5f 0a 00 00 00 14 00 00 00 14 00 00 00 ff ff 00 00 00 01 02 00 7f ff
19:32:06.392       	00 00 49 5f 0a 00 00 00 14 00 00 00 14 00 00 00 ff ff 00 00 01 01 02 00 61 32
19:32:06.393       	00 00 49 5f 0d 00 00 00 14 00 00 00 14 00 00 00 ff ff 00 00 00 01 02 00 00 c0 00 00 32
19:32:06.393       	00 00 49 5f 09 00 00 00 14 00 00 00 14 00 00 00 ff ff 00 00 01 01 02 00 c0
19:32:06.395       	00 00 00 00 3a 00 00 00 14 00 00 00 14 00 00 00 ff ff 00 00 01 01 02 00 62 30 82 02 78 21 83 02 7f f1 84 10 a0 00 00 00 87 10 02 ff 33 ff 01 89 00 00 01 00 8a 01 05 8b 03 2f 06 0e c6 0c 90 01 60 83 01 01 83 01 81 83 01 0a
19:32:06.396       	00 00 49 5f 0a 00 00 00 14 00 00 00 14 00 00 00 ff ff 00 00 01 01 02 00 90 00
19:32:06.396       	00 00 49 5f 0d 00 00 00 14 00 00 00 14 00 00 00 ff ff 00 00 00 01 02 00 00 a4 00 04 02
19:32:06.397       	00 00 49 5f 09 00 00 00 14 00 00 00 14 00 00 00 ff ff 00 00 01 01 02 00 a4
19:32:06.397       	00 00 49 5f 0a 00 00 00 14 00 00 00 14 00 00 00 ff ff 00 00 00 01 02 00 6f 05
19:32:06.399       	00 00 49 5f 0a 00 00 00 14 00 00 00 14 00 00 00 ff ff 00 00 01 01 02 00 6a 82
19:32:11.034       	00 00 49 5f 0d 00 00 00 65 00 00 00 65 00 00 00 ff ff 00 00 00 01 02 00 80 7c 00 01 00
19:32:11.035       	00 00 49 5f 0a 00 00 00 65 00 00 00 65 00 00 00 ff ff 00 00 01 01 02 00 90 00
19:32:11.035       	00 00 49 5f 0d 00 00 00 65 00 00 00 65 00 00 00 ff ff 00 00 00 01 01 00 80 7c 01 01 00
19:32:11.042       	00 00 49 5f 0a 00 00 00 65 00 00 00 65 00 00 00 ff ff 00 00 01 01 01 00 6c 19
19:32:11.042       	00 00 49 5f 0d 00 00 00 65 00 00 00 65 00 00 00 ff ff 00 00 00 01 01 00 80 7c 01 01 19
19:32:11.043       	00 00 49 5f 09 00 00 00 65 00 00 00 65 00 00 00 ff ff 00 00 01 01 01 00 7c
19:32:11.044       	00 00 49 5f 21 00 00 00 65 00 00 00 65 00 00 00 ff ff 00 00 01 01 01 00 80 17 3b 9f 96 80 3f c7 83 80 31 e0 73 f6 21 13 67 56 07 58 e0 24 04 10 aa
19:32:11.044       	00 00 49 5f 0a 00 00 00 65 00 00 00 65 00 00 00 ff ff 00 00 01 01 01 00 90 00
19:32:11.045       	00 00 49 5f 0d 00 00 00 65 00 00 00 65 00 00 00 ff ff 00 00 00 01 01 00 00 a4 00 04 02
19:32:11.045       	00 00 49 5f 09 00 00 00 65 00 00 00 65 00 00 00 ff ff 00 00 01 01 01 00 a4
19:32:11.046       	00 00 49 5f 0a 00 00 00 65 00 00 00 65 00 00 00 ff ff 00 00 00 01 01 00 3f 00
19:32:11.051       	00 00 49 5f 0a 00 00 00 65 00 00 00 65 00 00 00 ff ff 00 00 01 01 01 00 61 2a
19:32:11.052       	00 00 49 5f 0d 00 00 00 65 00 00 00 65 00 00 00 ff ff 00 00 00 01 01 00 00 c0 00 00 2a
19:32:11.052       	00 00 49 5f 09 00 00 00 65 00 00 00 65 00 00 00 ff ff 00 00 01 01 01 00 c0
19:32:11.054       	00 00 00 00 32 00 00 00 65 00 00 00 65 00 00 00 ff ff 00 00 01 01 01 00 62 28 82 02 78 21 83 02 3f 00 a5 06 80 01 71 87 01 01 8a 01 05 ab 0b 80 01 87 a4 06 83 01 0a 95 01 08 c6 06 90 01 00 83 01 01
19:32:11.054       	00 00 49 5f 0a 00 00 00 65 00 00 00 65 00 00 00 ff ff 00 00 01 01 01 00 90 00
19:32:11.055       	00 00 49 5f 0d 00 00 00 65 00 00 00 65 00 00 00 ff ff 00 00 00 01 01 00 80 aa 00 00 08
19:32:11.055       	00 00 49 5f 09 00 00 00 65 00 00 00 65 00 00 00 ff ff 00 00 01 01 01 00 aa
19:32:11.056       	00 00 49 5f 10 00 00 00 65 00 00 00 65 00 00 00 ff ff 00 00 00 01 01 00 a9 06 82 01 01 83 01 07
19:32:11.058       	00 00 49 5f 0a 00 00 00 65 00 00 00 65 00 00 00 ff ff 00 00 01 01 01 00 90 00
19:32:11.059       	00 00 49 5f 0d 00 00 00 65 00 00 00 65 00 00 00 ff ff 00 00 00 01 01 00 00 a4 08 04 02
19:32:11.059       	00 00 49 5f 09 00 00 00 65 00 00 00 65 00 00 00 ff ff 00 00 01 01 01 00 a4
19:32:11.060       	00 00 49 5f 0a 00 00 00 65 00 00 00 65 00 00 00 ff ff 00 00 00 01 01 00 2f e2
19:32:11.062       	00 00 49 5f 0a 00 00 00 65 00 00 00 65 00 00 00 ff ff 00 00 01 01 01 00 6a 82
19:32:11.063       	00 00 49 5f 0d 00 00 00 65 00 00 00 65 00 00 00 ff ff 00 00 00 01 01 00 00 a4 00 04 02
19:32:11.063       	00 00 49 5f 09 00 00 00 65 00 00 00 65 00 00 00 ff ff 00 00 01 01 01 00 a4
19:32:11.064       	00 00 49 5f 0a 00 00 00 65 00 00 00 65 00 00 00 ff ff 00 00 00 01 01 00 3f 00
19:32:11.066       	00 00 49 5f 0a 00 00 00 65 00 00 00 65 00 00 00 ff ff 00 00 01 01 01 00 61 2a
19:32:11.067       	00 00 49 5f 0d 00 00 00 65 00 00 00 65 00 00 00 ff ff 00 00 00 01 01 00 00 c0 00 00 2a
19:32:11.067       	00 00 49 5f 09 00 00 00 65 00 00 00 65 00 00 00 ff ff 00 00 01 01 01 00 c0
19:32:11.069       	00 00 00 00 32 00 00 00 65 00 00 00 65 00 00 00 ff ff 00 00 01 01 01 00 62 28 82 02 78 21 83 02 3f 00 a5 06 80 01 71 87 01 01 8a 01 05 ab 0b 80 01 87 a4 06 83 01 0a 95 01 08 c6 06 90 01 00 83 01 01
19:32:11.069       	00 00 49 5f 0a 00 00 00 65 00 00 00 65 00 00 00 ff ff 00 00 01 01 01 00 90 00
19:32:11.070       	00 00 49 5f 0d 00 00 00 65 00 00 00 65 00 00 00 ff ff 00 00 00 01 01 00 00 a4 00 04 02
19:32:11.070       	00 00 49 5f 09 00 00 00 65 00 00 00 65 00 00 00 ff ff 00 00 01 01 01 00 a4
19:32:11.071       	00 00 49 5f 0a 00 00 00 65 00 00 00 65 00 00 00 ff ff 00 00 00 01 01 00 2f e2
19:32:11.073       	00 00 49 5f 0a 00 00 00 65 00 00 00 65 00 00 00 ff ff 00 00 01 01 01 00 6a 82
19:32:11.074       	00 00 49 5f 0d 00 00 00 65 00 00 00 65 00 00 00 ff ff 00 00 00 01 01 00 00 a4 00 04 02
19:32:11.075       	00 00 49 5f 09 00 00 00 65 00 00 00 65 00 00 00 ff ff 00 00 01 01 01 00 a4
19:32:11.075       	00 00 49 5f 0a 00 00 00 65 00 00 00 65 00 00 00 ff ff 00 00 00 01 01 00 3f 00
19:32:11.077       	00 00 49 5f 0a 00 00 00 65 00 00 00 65 00 00 00 ff ff 00 00 01 01 01 00 61 2a
19:32:11.078       	00 00 49 5f 0d 00 00 00 65 00 00 00 65 00 00 00 ff ff 00 00 00 01 01 00 00 c0 00 00 2a
19:32:11.078       	00 00 49 5f 09 00 00 00 65 00 00 00 65 00 00 00 ff ff 00 00 01 01 01 00 c0
19:32:11.080       	00 00 00 00 32 00 00 00 65 00 00 00 65 00 00 00 ff ff 00 00 01 01 01 00 62 28 82 02 78 21 83 02 3f 00 a5 06 80 01 71 87 01 01 8a 01 05 ab 0b 80 01 87 a4 06 83 01 0a 95 01 08 c6 06 90 01 00 83 01 01
19:32:11.081       	00 00 49 5f 0a 00 00 00 65 00 00 00 65 00 00 00 ff ff 00 00 01 01 01 00 90 00
19:32:11.081       	00 00 49 5f 0d 00 00 00 65 00 00 00 65 00 00 00 ff ff 00 00 00 01 01 00 00 b0 82 00 0a
19:32:11.084       	00 00 49 5f 0a 00 00 00 65 00 00 00 65 00 00 00 ff ff 00 00 01 01 01 00 6a 82
19:32:11.084       	00 00 49 5f 0d 00 00 00 65 00 00 00 65 00 00 00 ff ff 00 00 00 01 01 00 00 b0 82 00 0a
19:32:11.087       	00 00 49 5f 0a 00 00 00 65 00 00 00 65 00 00 00 ff ff 00 00 01 01 01 00 6a 82
19:32:11.088       	00 00 49 5f 0d 00 00 00 65 00 00 00 65 00 00 00 ff ff 00 00 00 01 01 00 00 a4 08 04 02
19:32:11.088       	00 00 49 5f 09 00 00 00 65 00 00 00 65 00 00 00 ff ff 00 00 01 01 01 00 a4
19:32:11.089       	00 00 49 5f 0a 00 00 00 65 00 00 00 65 00 00 00 ff ff 00 00 00 01 01 00 2f 05
19:32:11.091       	00 00 49 5f 0a 00 00 00 65 00 00 00 65 00 00 00 ff ff 00 00 01 01 01 00 6a 82
19:32:11.092       	00 00 49 5f 0d 00 00 00 65 00 00 00 65 00 00 00 ff ff 00 00 00 01 01 00 00 a4 00 04 02
19:32:11.092       	00 00 49 5f 09 00 00 00 65 00 00 00 65 00 00 00 ff ff 00 00 01 01 01 00 a4
19:32:11.093       	00 00 49 5f 0a 00 00 00 65 00 00 00 65 00 00 00 ff ff 00 00 00 01 01 00 3f 00
19:32:11.095       	00 00 49 5f 0a 00 00 00 65 00 00 00 65 00 00 00 ff ff 00 00 01 01 01 00 61 2a
19:32:11.096       	00 00 49 5f 0d 00 00 00 65 00 00 00 65 00 00 00 ff ff 00 00 00 01 01 00 00 c0 00 00 2a
19:32:11.096       	00 00 49 5f 09 00 00 00 65 00 00 00 65 00 00 00 ff ff 00 00 01 01 01 00 c0
19:32:11.098       	00 00 00 00 32 00 00 00 65 00 00 00 65 00 00 00 ff ff 00 00 01 01 01 00 62 28 82 02 78 21 83 02 3f 00 a5 06 80 01 71 87 01 01 8a 01 05 ab 0b 80 01 87 a4 06 83 01 0a 95 01 08 c6 06 90 01 00 83 01 01
19:32:11.098       	00 00 49 5f 0a 00 00 00 65 00 00 00 65 00 00 00 ff ff 00 00 01 01 01 00 90 00
19:32:11.099       	00 00 49 5f 0d 00 00 00 65 00 00 00 65 00 00 00 ff ff 00 00 00 01 01 00 00 a4 00 04 02
19:32:11.099       	00 00 49 5f 09 00 00 00 65 00 00 00 65 00 00 00 ff ff 00 00 01 01 01 00 a4
19:32:11.100       	00 00 49 5f 0a 00 00 00 65 00 00 00 65 00 00 00 ff ff 00 00 00 01 01 00 2f 05
19:32:11.102       	00 00 49 5f 0a 00 00 00 65 00 00 00 65 00 00 00 ff ff 00 00 01 01 01 00 6a 82
19:32:11.103       	00 00 49 5f 0d 00 00 00 65 00 00 00 65 00 00 00 ff ff 00 00 00 01 01 00 80 10 00 00 1e
19:32:11.103       	00 00 49 5f 09 00 00 00 65 00 00 00 65 00 00 00 ff ff 00 00 01 01 01 00 10
19:32:11.104       	00 00 49 5f 26 00 00 00 65 00 00 00 65 00 00 00 ff ff 00 00 00 01 01 00 ff ff ff ff 5f dd 00 df ff 03 02 1f e2 00 00 00 c3 c9 00 00 00 00 40 00 50 00 00 00 00 08
19:32:11.134       	00 00 49 5f 0a 00 00 00 65 00 00 00 65 00 00 00 ff ff 00 00 01 01 01 00 91 0f
19:32:11.135       	00 00 49 5f 0d 00 00 00 65 00 00 00 65 00 00 00 ff ff 00 00 00 01 01 00 00 a4 08 04 02
19:32:11.135       	00 00 49 5f 09 00 00 00 65 00 00 00 65 00 00 00 ff ff 00 00 01 01 01 00 a4
19:32:11.136       	00 00 49 5f 0a 00 00 00 65 00 00 00 65 00 00 00 ff ff 00 00 00 01 01 00 2f 00
19:32:11.137       	00 00 49 5f 0a 00 00 00 65 00 00 00 65 00 00 00 ff ff 00 00 01 01 01 00 6a 82
19:32:11.137       	00 00 49 5f 0d 00 00 00 65 00 00 00 65 00 00 00 ff ff 00 00 00 01 01 00 00 a4 00 04 02
19:32:11.138       	00 00 49 5f 09 00 00 00 65 00 00 00 65 00 00 00 ff ff 00 00 01 01 01 00 a4
19:32:11.138       	00 00 49 5f 0a 00 00 00 65 00 00 00 65 00 00 00 ff ff 00 00 00 01 01 00 3f 00
19:32:11.139       	00 00 49 5f 0a 00 00 00 65 00 00 00 65 00 00 00 ff ff 00 00 01 01 01 00 61 2a
19:32:11.139       	00 00 49 5f 0d 00 00 00 65 00 00 00 65 00 00 00 ff ff 00 00 00 01 01 00 00 c0 00 00 2a
19:32:11.140       	00 00 49 5f 09 00 00 00 65 00 00 00 65 00 00 00 ff ff 00 00 01 01 01 00 c0
19:32:11.142       	00 00 59 d4 32 00 00 00 65 00 00 00 65 00 00 00 ff ff 00 00 01 01 01 00 62 28 82 02 78 21 83 02 3f 00 a5 06 80 01 71 87 01 01 8a 01 05 ab 0b 80 01 87 a4 06 83 01 0a 95 01 08 c6 06 90 01 00 83 01 01
19:32:11.142       	00 00 49 5f 0a 00 00 00 65 00 00 00 65 00 00 00 ff ff 00 00 01 01 01 00 91 0f
19:32:11.143       	00 00 49 5f 0d 00 00 00 65 00 00 00 65 00 00 00 ff ff 00 00 00 01 01 00 00 a4 00 04 02
19:32:11.143       	00 00 49 5f 09 00 00 00 65 00 00 00 65 00 00 00 ff ff 00 00 01 01 01 00 a4
19:32:11.144       	00 00 49 5f 0a 00 00 00 65 00 00 00 65 00 00 00 ff ff 00 00 00 01 01 00 2f 00
19:32:11.144       	00 00 49 5f 0a 00 00 00 65 00 00 00 65 00 00 00 ff ff 00 00 01 01 01 00 6a 82
19:32:11.145       	00 00 49 5f 0d 00 00 00 65 00 00 00 65 00 00 00 ff ff 00 00 00 01 01 00 80 7c 01 01 00
19:32:11.152       	00 00 49 5f 0a 00 00 00 65 00 00 00 65 00 00 00 ff ff 00 00 01 01 01 00 6c 19
19:32:11.152       	00 00 49 5f 0d 00 00 00 65 00 00 00 65 00 00 00 ff ff 00 00 00 01 01 00 80 7c 01 01 19
19:32:11.153       	00 00 49 5f 09 00 00 00 65 00 00 00 65 00 00 00 ff ff 00 00 01 01 01 00 7c
19:32:11.154       	00 00 49 5f 21 00 00 00 65 00 00 00 65 00 00 00 ff ff 00 00 01 01 01 00 80 17 3b 9f 96 80 3f c7 83 80 31 e0 73 f6 21 13 67 56 07 58 e0 24 04 10 aa
19:32:11.154       	00 00 49 5f 0a 00 00 00 65 00 00 00 65 00 00 00 ff ff 00 00 01 01 01 00 90 00
19:32:11.155       	00 00 49 5f 0d 00 00 00 65 00 00 00 65 00 00 00 ff ff 00 00 00 01 01 00 00 a4 00 04 02
19:32:11.155       	00 00 49 5f 09 00 00 00 65 00 00 00 65 00 00 00 ff ff 00 00 01 01 01 00 a4
19:32:11.156       	00 00 49 5f 0a 00 00 00 65 00 00 00 65 00 00 00 ff ff 00 00 00 01 01 00 3f 00
19:32:11.161       	00 00 49 5f 0a 00 00 00 65 00 00 00 65 00 00 00 ff ff 00 00 01 01 01 00 61 2a
19:32:11.162       	00 00 49 5f 0d 00 00 00 65 00 00 00 65 00 00 00 ff ff 00 00 00 01 01 00 00 c0 00 00 2a
19:32:11.162       	00 00 49 5f 09 00 00 00 65 00 00 00 65 00 00 00 ff ff 00 00 01 01 01 00 c0
19:32:11.164       	00 00 59 d4 32 00 00 00 65 00 00 00 65 00 00 00 ff ff 00 00 01 01 01 00 62 28 82 02 78 21 83 02 3f 00 a5 06 80 01 71 87 01 01 8a 01 05 ab 0b 80 01 87 a4 06 83 01 0a 95 01 08 c6 06 90 01 00 83 01 01
19:32:11.164       	00 00 49 5f 0a 00 00 00 65 00 00 00 65 00 00 00 ff ff 00 00 01 01 01 00 90 00
19:32:11.165       	00 00 49 5f 0d 00 00 00 65 00 00 00 65 00 00 00 ff ff 00 00 00 01 01 00 80 aa 00 00 08
19:32:11.166       	00 00 49 5f 09 00 00 00 65 00 00 00 65 00 00 00 ff ff 00 00 01 01 01 00 aa
19:32:11.166       	00 00 49 5f 10 00 00 00 65 00 00 00 65 00 00 00 ff ff 00 00 00 01 01 00 a9 06 82 01 01 83 01 07
19:32:11.169       	00 00 49 5f 0a 00 00 00 65 00 00 00 65 00 00 00 ff ff 00 00 01 01 01 00 90 00
19:32:11.169       	00 00 49 5f 0d 00 00 00 65 00 00 00 65 00 00 00 ff ff 00 00 00 01 01 00 00 a4 08 04 02
19:32:11.170       	00 00 49 5f 09 00 00 00 65 00 00 00 65 00 00 00 ff ff 00 00 01 01 01 00 a4
19:32:11.170       	00 00 49 5f 0a 00 00 00 65 00 00 00 65 00 00 00 ff ff 00 00 00 01 01 00 2f e2
19:32:11.173       	00 00 49 5f 0a 00 00 00 65 00 00 00 65 00 00 00 ff ff 00 00 01 01 01 00 6a 82
19:32:11.173       	00 00 49 5f 0d 00 00 00 65 00 00 00 65 00 00 00 ff ff 00 00 00 01 01 00 00 a4 00 04 02
19:32:11.174       	00 00 49 5f 09 00 00 00 65 00 00 00 65 00 00 00 ff ff 00 00 01 01 01 00 a4
19:32:11.174       	00 00 49 5f 0a 00 00 00 65 00 00 00 65 00 00 00 ff ff 00 00 00 01 01 00 3f 00
19:32:11.177       	00 00 49 5f 0a 00 00 00 65 00 00 00 65 00 00 00 ff ff 00 00 01 01 01 00 61 2a
19:32:11.177       	00 00 49 5f 0d 00 00 00 65 00 00 00 65 00 00 00 ff ff 00 00 00 01 01 00 00 c0 00 00 2a
19:32:11.178       	00 00 49 5f 09 00 00 00 65 00 00 00 65 00 00 00 ff ff 00 00 01 01 01 00 c0
19:32:11.180       	00 00 59 d4 32 00 00 00 65 00 00 00 65 00 00 00 ff ff 00 00 01 01 01 00 62 28 82 02 78 21 83 02 3f 00 a5 06 80 01 71 87 01 01 8a 01 05 ab 0b 80 01 87 a4 06 83 01 0a 95 01 08 c6 06 90 01 00 83 01 01
19:32:11.180       	00 00 49 5f 0a 00 00 00 65 00 00 00 65 00 00 00 ff ff 00 00 01 01 01 00 90 00
19:32:11.180       	00 00 49 5f 0d 00 00 00 65 00 00 00 65 00 00 00 ff ff 00 00 00 01 01 00 00 a4 00 04 02
19:32:11.181       	00 00 49 5f 09 00 00 00 65 00 00 00 65 00 00 00 ff ff 00 00 01 01 01 00 a4
19:32:11.182       	00 00 49 5f 0a 00 00 00 65 00 00 00 65 00 00 00 ff ff 00 00 00 01 01 00 2f e2
19:32:11.184       	00 00 49 5f 0a 00 00 00 65 00 00 00 65 00 00 00 ff ff 00 00 01 01 01 00 6a 82
19:32:11.185       	00 00 49 5f 0d 00 00 00 65 00 00 00 65 00 00 00 ff ff 00 00 00 01 01 00 00 a4 00 04 02
19:32:11.185       	00 00 49 5f 09 00 00 00 65 00 00 00 65 00 00 00 ff ff 00 00 01 01 01 00 a4
19:32:11.186       	00 00 49 5f 0a 00 00 00 65 00 00 00 65 00 00 00 ff ff 00 00 00 01 01 00 3f 00
19:32:11.188       	00 00 49 5f 0a 00 00 00 65 00 00 00 65 00 00 00 ff ff 00 00 01 01 01 00 61 2a
19:32:11.188       	00 00 49 5f 0d 00 00 00 65 00 00 00 65 00 00 00 ff ff 00 00 00 01 01 00 00 c0 00 00 2a
19:32:11.189       	00 00 49 5f 09 00 00 00 65 00 00 00 65 00 00 00 ff ff 00 00 01 01 01 00 c0
19:32:11.191       	00 00 59 d4 32 00 00 00 65 00 00 00 65 00 00 00 ff ff 00 00 01 01 01 00 62 28 82 02 78 21 83 02 3f 00 a5 06 80 01 71 87 01 01 8a 01 05 ab 0b 80 01 87 a4 06 83 01 0a 95 01 08 c6 06 90 01 00 83 01 01
19:32:11.191       	00 00 49 5f 0a 00 00 00 65 00 00 00 65 00 00 00 ff ff 00 00 01 01 01 00 90 00
19:32:11.192       	00 00 49 5f 0d 00 00 00 65 00 00 00 65 00 00 00 ff ff 00 00 00 01 01 00 00 b0 82 00 0a
19:32:11.194       	00 00 49 5f 0a 00 00 00 65 00 00 00 65 00 00 00 ff ff 00 00 01 01 01 00 6a 82
19:32:11.195       	00 00 49 5f 0d 00 00 00 65 00 00 00 65 00 00 00 ff ff 00 00 00 01 01 00 00 b0 82 00 0a
19:32:11.198       	00 00 49 5f 0a 00 00 00 65 00 00 00 65 00 00 00 ff ff 00 00 01 01 01 00 6a 82
19:32:11.198       	00 00 49 5f 0d 00 00 00 65 00 00 00 65 00 00 00 ff ff 00 00 00 01 01 00 00 a4 08 04 02
19:32:11.199       	00 00 49 5f 09 00 00 00 65 00 00 00 65 00 00 00 ff ff 00 00 01 01 01 00 a4
19:32:11.199       	00 00 49 5f 0a 00 00 00 65 00 00 00 65 00 00 00 ff ff 00 00 00 01 01 00 2f 05
19:32:11.202       	00 00 49 5f 0a 00 00 00 65 00 00 00 65 00 00 00 ff ff 00 00 01 01 01 00 6a 82
19:32:11.202       	00 00 49 5f 0d 00 00 00 65 00 00 00 65 00 00 00 ff ff 00 00 00 01 01 00 00 a4 00 04 02
19:32:11.203       	00 00 49 5f 09 00 00 00 65 00 00 00 65 00 00 00 ff ff 00 00 01 01 01 00 a4
19:32:11.203       	00 00 49 5f 0a 00 00 00 65 00 00 00 65 00 00 00 ff ff 00 00 00 01 01 00 3f 00
19:32:11.206       	00 00 49 5f 0a 00 00 00 65 00 00 00 65 00 00 00 ff ff 00 00 01 01 01 00 61 2a
19:32:11.206       	00 00 49 5f 0d 00 00 00 65 00 00 00 65 00 00 00 ff ff 00 00 00 01 01 00 00 c0 00 00 2a
19:32:11.207       	00 00 49 5f 09 00 00 00 65 00 00 00 65 00 00 00 ff ff 00 00 01 01 01 00 c0
19:32:11.209       	00 00 59 d4 32 00 00 00 65 00 00 00 65 00 00 00 ff ff 00 00 01 01 01 00 62 28 82 02 78 21 83 02 3f 00 a5 06 80 01 71 87 01 01 8a 01 05 ab 0b 80 01 87 a4 06 83 01 0a 95 01 08 c6 06 90 01 00 83 01 01
19:32:11.209       	00 00 49 5f 0a 00 00 00 65 00 00 00 65 00 00 00 ff ff 00 00 01 01 01 00 90 00
19:32:11.209       	00 00 49 5f 0d 00 00 00 65 00 00 00 65 00 00 00 ff ff 00 00 00 01 01 00 00 a4 00 04 02
19:32:11.210       	00 00 49 5f 09 00 00 00 65 00 00 00 65 00 00 00 ff ff 00 00 01 01 01 00 a4
19:32:11.210       	00 00 49 5f 0a 00 00 00 65 00 00 00 65 00 00 00 ff ff 00 00 00 01 01 00 2f 05
19:32:11.213       	00 00 49 5f 0a 00 00 00 65 00 00 00 65 00 00 00 ff ff 00 00 01 01 01 00 6a 82
19:32:11.214       	00 00 49 5f 0d 00 00 00 65 00 00 00 65 00 00 00 ff ff 00 00 00 01 01 00 80 10 00 00 1e
19:32:11.214       	00 00 49 5f 09 00 00 00 65 00 00 00 65 00 00 00 ff ff 00 00 01 01 01 00 10
19:32:11.215       	00 00 49 5f 26 00 00 00 65 00 00 00 65 00 00 00 ff ff 00 00 00 01 01 00 ff ff ff ff 5f dd 00 df ff 03 02 1f e2 00 00 00 c3 c9 00 00 00 00 40 00 50 00 00 00 00 08
19:32:11.237       	00 00 49 5f 0a 00 00 00 65 00 00 00 65 00 00 00 ff ff 00 00 01 01 01 00 91 0f
19:32:11.238       	00 00 49 5f 0d 00 00 00 65 00 00 00 65 00 00 00 ff ff 00 00 00 01 01 00 00 a4 08 04 02
19:32:11.239       	00 00 49 5f 09 00 00 00 65 00 00 00 65 00 00 00 ff ff 00 00 01 01 01 00 a4
19:32:11.239       	00 00 49 5f 0a 00 00 00 65 00 00 00 65 00 00 00 ff ff 00 00 00 01 01 00 2f 00
19:32:11.240       	00 00 49 5f 0a 00 00 00 65 00 00 00 65 00 00 00 ff ff 00 00 01 01 01 00 6a 82
19:32:11.240       	00 00 49 5f 0d 00 00 00 65 00 00 00 65 00 00 00 ff ff 00 00 00 01 01 00 00 a4 00 04 02
19:32:11.241       	00 00 49 5f 09 00 00 00 65 00 00 00 65 00 00 00 ff ff 00 00 01 01 01 00 a4
19:32:11.242       	00 00 49 5f 0a 00 00 00 65 00 00 00 65 00 00 00 ff ff 00 00 00 01 01 00 3f 00
19:32:11.242       	00 00 49 5f 0a 00 00 00 65 00 00 00 65 00 00 00 ff ff 00 00 01 01 01 00 61 2a
19:32:11.243       	00 00 49 5f 0d 00 00 00 65 00 00 00 65 00 00 00 ff ff 00 00 00 01 01 00 00 c0 00 00 2a
19:32:11.243       	00 00 49 5f 09 00 00 00 65 00 00 00 65 00 00 00 ff ff 00 00 01 01 01 00 c0
19:32:11.245       	00 00 59 d4 32 00 00 00 65 00 00 00 65 00 00 00 ff ff 00 00 01 01 01 00 62 28 82 02 78 21 83 02 3f 00 a5 06 80 01 71 87 01 01 8a 01 05 ab 0b 80 01 87 a4 06 83 01 0a 95 01 08 c6 06 90 01 00 83 01 01
19:32:11.245       	00 00 49 5f 0a 00 00 00 65 00 00 00 65 00 00 00 ff ff 00 00 01 01 01 00 91 0f
19:32:11.246       	00 00 49 5f 0d 00 00 00 65 00 00 00 65 00 00 00 ff ff 00 00 00 01 01 00 00 a4 00 04 02
19:32:11.246       	00 00 49 5f 09 00 00 00 65 00 00 00 65 00 00 00 ff ff 00 00 01 01 01 00 a4
19:32:11.247       	00 00 49 5f 0a 00 00 00 65 00 00 00 65 00 00 00 ff ff 00 00 00 01 01 00 2f 00
19:32:11.248       	00 00 49 5f 0a 00 00 00 65 00 00 00 65 00 00 00 ff ff 00 00 01 01 01 00 6a 82
19:32:11.248       	00 00 49 5f 0d 00 00 00 65 00 00 00 65 00 00 00 ff ff 00 00 00 01 01 00 80 7c 01 01 00
19:32:11.255       	00 00 49 5f 0a 00 00 00 65 00 00 00 65 00 00 00 ff ff 00 00 01 01 01 00 6c 19
19:32:11.256       	00 00 49 5f 0d 00 00 00 65 00 00 00 65 00 00 00 ff ff 00 00 00 01 01 00 80 7c 01 01 19
19:32:11.256       	00 00 49 5f 09 00 00 00 65 00 00 00 65 00 00 00 ff ff 00 00 01 01 01 00 7c
19:32:11.257       	00 00 49 5f 21 00 00 00 65 00 00 00 65 00 00 00 ff ff 00 00 01 01 01 00 80 17 3b 9f 96 80 3f c7 83 80 31 e0 73 f6 21 13 67 56 07 58 e0 24 04 10 aa
19:32:11.257       	00 00 49 5f 0a 00 00 00 65 00 00 00 65 00 00 00 ff ff 00 00 01 01 01 00 90 00
19:32:11.258       	00 00 49 5f 0d 00 00 00 65 00 00 00 65 00 00 00 ff ff 00 00 00 01 01 00 00 a4 00 04 02
19:32:11.259       	00 00 49 5f 09 00 00 00 65 00 00 00 65 00 00 00 ff ff 00 00 01 01 01 00 a4
19:32:11.259       	00 00 49 5f 0a 00 00 00 65 00 00 00 65 00 00 00 ff ff 00 00 00 01 01 00 3f 00
19:32:11.264       	00 00 49 5f 0a 00 00 00 65 00 00 00 65 00 00 00 ff ff 00 00 01 01 01 00 61 2a
19:32:11.265       	00 00 49 5f 0d 00 00 00 65 00 00 00 65 00 00 00 ff ff 00 00 00 01 01 00 00 c0 00 00 2a
19:32:11.265       	00 00 49 5f 09 00 00 00 65 00 00 00 65 00 00 00 ff ff 00 00 01 01 01 00 c0
19:32:11.268       	00 00 59 d4 32 00 00 00 65 00 00 00 65 00 00 00 ff ff 00 00 01 01 01 00 62 28 82 02 78 21 83 02 3f 00 a5 06 80 01 71 87 01 01 8a 01 05 ab 0b 80 01 87 a4 06 83 01 0a 95 01 08 c6 06 90 01 00 83 01 01
19:32:11.268       	00 00 49 5f 0a 00 00 00 65 00 00 00 65 00 00 00 ff ff 00 00 01 01 01 00 90 00
19:32:11.268       	00 00 49 5f 0d 00 00 00 65 00 00 00 65 00 00 00 ff ff 00 00 00 01 01 00 80 aa 00 00 08
19:32:11.269       	00 00 49 5f 09 00 00 00 65 00 00 00 65 00 00 00 ff ff 00 00 01 01 01 00 aa
19:32:11.269       	00 00 49 5f 10 00 00 00 65 00 00 00 65 00 00 00 ff ff 00 00 00 01 01 00 a9 06 82 01 01 83 01 07
19:32:11.272       	00 00 49 5f 0a 00 00 00 65 00 00 00 65 00 00 00 ff ff 00 00 01 01 01 00 90 00
19:32:11.272       	00 00 49 5f 0d 00 00 00 65 00 00 00 65 00 00 00 ff ff 00 00 00 01 01 00 00 a4 08 04 02
19:32:11.273       	00 00 49 5f 09 00 00 00 65 00 00 00 65 00 00 00 ff ff 00 00 01 01 01 00 a4
19:32:11.273       	00 00 49 5f 0a 00 00 00 65 00 00 00 65 00 00 00 ff ff 00 00 00 01 01 00 2f e2
19:32:11.276       	00 00 49 5f 0a 00 00 00 65 00 00 00 65 00 00 00 ff ff 00 00 01 01 01 00 6a 82
19:32:11.277       	00 00 49 5f 0d 00 00 00 65 00 00 00 65 00 00 00 ff ff 00 00 00 01 01 00 00 a4 00 04 02
19:32:11.277       	00 00 49 5f 09 00 00 00 65 00 00 00 65 00 00 00 ff ff 00 00 01 01 01 00 a4
19:32:11.278       	00 00 49 5f 0a 00 00 00 65 00 00 00 65 00 00 00 ff ff 00 00 00 01 01 00 3f 00
19:32:11.280       	00 00 49 5f 0a 00 00 00 65 00 00 00 65 00 00 00 ff ff 00 00 01 01 01 00 61 2a
19:32:11.280       	00 00 49 5f 0d 00 00 00 65 00 00 00 65 00 00 00 ff ff 00 00 00 01 01 00 00 c0 00 00 2a
19:32:11.281       	00 00 49 5f 09 00 00 00 65 00 00 00 65 00 00 00 ff ff 00 00 01 01 01 00 c0
19:32:11.283       	00 00 59 d4 32 00 00 00 65 00 00 00 65 00 00 00 ff ff 00 00 01 01 01 00 62 28 82 02 78 21 83 02 3f 00 a5 06 80 01 71 87 01 01 8a 01 05 ab 0b 80 01 87 a4 06 83 01 0a 95 01 08 c6 06 90 01 00 83 01 01
19:32:11.283       	00 00 49 5f 0a 00 00 00 65 00 00 00 65 00 00 00 ff ff 00 00 01 01 01 00 90 00
19:32:11.284       	00 00 49 5f 0d 00 00 00 65 00 00 00 65 00 00 00 ff ff 00 00 00 01 01 00 00 a4 00 04 02
19:32:11.284       	00 00 49 5f 09 00 00 00 65 00 00 00 65 00 00 00 ff ff 00 00 01 01 01 00 a4
19:32:11.285       	00 00 49 5f 0a 00 00 00 65 00 00 00 65 00 00 00 ff ff 00 00 00 01 01 00 2f e2
19:32:11.287       	00 00 49 5f 0a 00 00 00 65 00 00 00 65 00 00 00 ff ff 00 00 01 01 01 00 6a 82
19:32:11.288       	00 00 49 5f 0d 00 00 00 65 00 00 00 65 00 00 00 ff ff 00 00 00 01 01 00 00 a4 00 04 02
19:32:11.288       	00 00 49 5f 09 00 00 00 65 00 00 00 65 00 00 00 ff ff 00 00 01 01 01 00 a4
19:32:11.289       	00 00 49 5f 0a 00 00 00 65 00 00 00 65 00 00 00 ff ff 00 00 00 01 01 00 3f 00
19:32:11.291       	00 00 49 5f 0a 00 00 00 65 00 00 00 65 00 00 00 ff ff 00 00 01 01 01 00 61 2a
19:32:11.292       	00 00 49 5f 0d 00 00 00 65 00 00 00 65 00 00 00 ff ff 00 00 00 01 01 00 00 c0 00 00 2a
19:32:11.292       	00 00 49 5f 09 00 00 00 65 00 00 00 65 00 00 00 ff ff 00 00 01 01 01 00 c0
19:32:11.294       	00 00 59 d4 32 00 00 00 65 00 00 00 65 00 00 00 ff ff 00 00 01 01 01 00 62 28 82 02 78 21 83 02 3f 00 a5 06 80 01 71 87 01 01 8a 01 05 ab 0b 80 01 87 a4 06 83 01 0a 95 01 08 c6 06 90 01 00 83 01 01
19:32:11.294       	00 00 49 5f 0a 00 00 00 65 00 00 00 65 00 00 00 ff ff 00 00 01 01 01 00 90 00
19:32:11.295       	00 00 49 5f 0d 00 00 00 65 00 00 00 65 00 00 00 ff ff 00 00 00 01 01 00 00 b0 82 00 0a
19:32:11.297       	00 00 49 5f 0a 00 00 00 65 00 00 00 65 00 00 00 ff ff 00 00 01 01 01 00 6a 82
19:32:11.298       	00 00 49 5f 0d 00 00 00 65 00 00 00 65 00 00 00 ff ff 00 00 00 01 01 00 00 b0 82 00 0a
19:32:11.301       	00 00 49 5f 0a 00 00 00 65 00 00 00 65 00 00 00 ff ff 00 00 01 01 01 00 6a 82
19:32:11.301       	00 00 49 5f 0d 00 00 00 65 00 00 00 65 00 00 00 ff ff 00 00 00 01 01 00 00 a4 08 04 02
19:32:11.302       	00 00 49 5f 09 00 00 00 65 00 00 00 65 00 00 00 ff ff 00 00 01 01 01 00 a4
19:32:11.302       	00 00 49 5f 0a 00 00 00 65 00 00 00 65 00 00 00 ff ff 00 00 00 01 01 00 2f 05
19:32:11.305       	00 00 49 5f 0a 00 00 00 65 00 00 00 65 00 00 00 ff ff 00 00 01 01 01 00 6a 82
19:32:11.305       	00 00 49 5f 0d 00 00 00 65 00 00 00 65 00 00 00 ff ff 00 00 00 01 01 00 00 a4 00 04 02
19:32:11.306       	00 00 49 5f 09 00 00 00 65 00 00 00 65 00 00 00 ff ff 00 00 01 01 01 00 a4
19:32:11.307       	00 00 49 5f 0a 00 00 00 65 00 00 00 65 00 00 00 ff ff 00 00 00 01 01 00 3f 00
19:32:11.309       	00 00 49 5f 0a 00 00 00 65 00 00 00 65 00 00 00 ff ff 00 00 01 01 01 00 61 2a
19:32:11.310       	00 00 49 5f 0d 00 00 00 65 00 00 00 65 00 00 00 ff ff 00 00 00 01 01 00 00 c0 00 00 2a
19:32:11.310       	00 00 49 5f 09 00 00 00 65 00 00 00 65 00 00 00 ff ff 00 00 01 01 01 00 c0
19:32:11.312       	00 00 59 d4 32 00 00 00 65 00 00 00 65 00 00 00 ff ff 00 00 01 01 01 00 62 28 82 02 78 21 83 02 3f 00 a5 06 80 01 71 87 01 01 8a 01 05 ab 0b 80 01 87 a4 06 83 01 0a 95 01 08 c6 06 90 01 00 83 01 01
19:32:11.312       	00 00 49 5f 0a 00 00 00 65 00 00 00 65 00 00 00 ff ff 00 00 01 01 01 00 90 00
19:32:11.313       	00 00 49 5f 0d 00 00 00 65 00 00 00 65 00 00 00 ff ff 00 00 00 01 01 00 00 a4 00 04 02
19:32:11.314       	00 00 49 5f 09 00 00 00 65 00 00 00 65 00 00 00 ff ff 00 00 01 01 01 00 a4
19:32:11.314       	00 00 49 5f 0a 00 00 00 65 00 00 00 65 00 00 00 ff ff 00 00 00 01 01 00 2f 05
19:32:11.316       	00 00 49 5f 0a 00 00 00 65 00 00 00 65 00 00 00 ff ff 00 00 01 01 01 00 6a 82
19:32:11.317       	00 00 49 5f 0d 00 00 00 65 00 00 00 65 00 00 00 ff ff 00 00 00 01 01 00 80 10 00 00 1e
19:32:11.318       	00 00 49 5f 09 00 00 00 65 00 00 00 65 00 00 00 ff ff 00 00 01 01 01 00 10
19:32:11.318       	00 00 49 5f 26 00 00 00 65 00 00 00 65 00 00 00 ff ff 00 00 00 01 01 00 ff ff ff ff 5f dd 00 df ff 03 02 1f e2 00 00 00 c3 c9 00 00 00 00 40 00 50 00 00 00 00 08
19:32:11.350       	00 00 49 5f 0a 00 00 00 65 00 00 00 65 00 00 00 ff ff 00 00 01 01 01 00 91 0f
19:32:11.350       	00 00 49 5f 0d 00 00 00 65 00 00 00 65 00 00 00 ff ff 00 00 00 01 01 00 00 a4 08 04 02
19:32:11.351       	00 00 49 5f 09 00 00 00 65 00 00 00 65 00 00 00 ff ff 00 00 01 01 01 00 a4
19:32:11.351       	00 00 49 5f 0a 00 00 00 65 00 00 00 65 00 00 00 ff ff 00 00 00 01 01 00 2f 00
19:32:11.352       	00 00 49 5f 0a 00 00 00 65 00 00 00 65 00 00 00 ff ff 00 00 01 01 01 00 6a 82
19:32:11.353       	00 00 49 5f 0d 00 00 00 65 00 00 00 65 00 00 00 ff ff 00 00 00 01 01 00 00 a4 00 04 02
19:32:11.353       	00 00 49 5f 09 00 00 00 65 00 00 00 65 00 00 00 ff ff 00 00 01 01 01 00 a4
19:32:11.354       	00 00 49 5f 0a 00 00 00 65 00 00 00 65 00 00 00 ff ff 00 00 00 01 01 00 3f 00
19:32:11.354       	00 00 49 5f 0a 00 00 00 65 00 00 00 65 00 00 00 ff ff 00 00 01 01 01 00 61 2a
19:32:11.355       	00 00 49 5f 0d 00 00 00 65 00 00 00 65 00 00 00 ff ff 00 00 00 01 01 00 00 c0 00 00 2a
19:32:11.355       	00 00 49 5f 09 00 00 00 65 00 00 00 65 00 00 00 ff ff 00 00 01 01 01 00 c0
19:32:11.358       	00 00 59 d4 32 00 00 00 65 00 00 00 65 00 00 00 ff ff 00 00 01 01 01 00 62 28 82 02 78 21 83 02 3f 00 a5 06 80 01 71 87 01 01 8a 01 05 ab 0b 80 01 87 a4 06 83 01 0a 95 01 08 c6 06 90 01 00 83 01 01
19:32:11.358       	00 00 49 5f 0a 00 00 00 65 00 00 00 65 00 00 00 ff ff 00 00 01 01 01 00 91 0f
19:32:11.358       	00 00 49 5f 0d 00 00 00 65 00 00 00 65 00 00 00 ff ff 00 00 00 01 01 00 00 a4 00 04 02
19:32:11.359       	00 00 49 5f 09 00 00 00 65 00 00 00 65 00 00 00 ff ff 00 00 01 01 01 00 a4
19:32:11.359       	00 00 49 5f 0a 00 00 00 65 00 00 00 65 00 00 00 ff ff 00 00 00 01 01 00 2f 00
19:32:11.360       	00 00 49 5f 0a 00 00 00 65 00 00 00 65 00 00 00 ff ff 00 00 01 01 01 00 6a 82
19:32:11.361       	00 00 49 5f 0d 00 00 00 65 00 00 00 65 00 00 00 ff ff 00 00 00 01 01 00 80 7c 01 01 00
19:32:11.368       	00 00 49 5f 0a 00 00 00 65 00 00 00 65 00 00 00 ff ff 00 00 01 01 01 00 6c 19
19:32:11.368       	00 00 49 5f 0d 00 00 00 65 00 00 00 65 00 00 00 ff ff 00 00 00 01 01 00 80 7c 01 01 19
19:32:11.369       	00 00 49 5f 09 00 00 00 65 00 00 00 65 00 00 00 ff ff 00 00 01 01 01 00 7c
19:32:11.370       	00 00 49 5f 21 00 00 00 65 00 00 00 65 00 00 00 ff ff 00 00 01 01 01 00 80 17 3b 9f 96 80 3f c7 83 80 31 e0 73 f6 21 13 67 56 07 58 e0 24 04 10 aa
19:32:11.370       	00 00 49 5f 0a 00 00 00 65 00 00 00 65 00 00 00 ff ff 00 00 01 01 01 00 90 00
19:32:11.371       	00 00 49 5f 0d 00 00 00 65 00 00 00 65 00 00 00 ff ff 00 00 00 01 01 00 00 a4 00 04 02
19:32:11.371       	00 00 49 5f 09 00 00 00 65 00 00 00 65 00 00 00 ff ff 00 00 01 01 01 00 a4
19:32:11.372       	00 00 49 5f 0a 00 00 00 65 00 00 00 65 00 00 00 ff ff 00 00 00 01 01 00 3f 00
19:32:11.377       	00 00 49 5f 0a 00 00 00 65 00 00 00 65 00 00 00 ff ff 00 00 01 01 01 00 61 2a
19:32:11.378       	00 00 49 5f 0d 00 00 00 65 00 00 00 65 00 00 00 ff ff 00 00 00 01 01 00 00 c0 00 00 2a
19:32:11.378       	00 00 49 5f 09 00 00 00 65 00 00 00 65 00 00 00 ff ff 00 00 01 01 01 00 c0
19:32:11.380       	00 00 59 d4 32 00 00 00 65 00 00 00 65 00 00 00 ff ff 00 00 01 01 01 00 62 28 82 02 78 21 83 02 3f 00 a5 06 80 01 71 87 01 01 8a 01 05 ab 0b 80 01 87 a4 06 83 01 0a 95 01 08 c6 06 90 01 00 83 01 01
19:32:11.380       	00 00 49 5f 0a 00 00 00 65 00 00 00 65 00 00 00 ff ff 00 00 01 01 01 00 90 00
19:32:11.381       	00 00 49 5f 0d 00 00 00 65 00 00 00 65 00 00 00 ff ff 00 00 00 01 01 00 80 aa 00 00 08
19:32:11.382       	00 00 49 5f 09 00 00 00 65 00 00 00 65 00 00 00 ff ff 00 00 01 01 01 00 aa
19:32:11.382       	00 00 49 5f 10 00 00 00 65 00 00 00 65 00 00 00 ff ff 00 00 00 01 01 00 a9 06 82 01 01 83 01 07
19:32:11.385       	00 00 49 5f 0a 00 00 00 65 00 00 00 65 00 00 00 ff ff 00 00 01 01 01 00 90 00
19:32:11.386       	00 00 49 5f 0d 00 00 00 65 00 00 00 65 00 00 00 ff ff 00 00 00 01 01 00 00 a4 08 04 02
19:32:11.386       	00 00 49 5f 09 00 00 00 65 00 00 00 65 00 00 00 ff ff 00 00 01 01 01 00 a4
19:32:11.387       	00 00 49 5f 0a 00 00 00 65 00 00 00 65 00 00 00 ff ff 00 00 00 01 01 00 2f e2
19:32:11.389       	00 00 49 5f 0a 00 00 00 65 00 00 00 65 00 00 00 ff ff 00 00 01 01 01 00 6a 82
19:32:11.390       	00 00 49 5f 0d 00 00 00 65 00 00 00 65 00 00 00 ff ff 00 00 00 01 01 00 00 a4 00 04 02
19:32:11.390       	00 00 49 5f 09 00 00 00 65 00 00 00 65 00 00 00 ff ff 00 00 01 01 01 00 a4
19:32:11.391       	00 00 49 5f 0a 00 00 00 65 00 00 00 65 00 00 00 ff ff 00 00 00 01 01 00 3f 00
19:32:11.393       	00 00 49 5f 0a 00 00 00 65 00 00 00 65 00 00 00 ff ff 00 00 01 01 01 00 61 2a
19:32:11.394       	00 00 49 5f 0d 00 00 00 65 00 00 00 65 00 00 00 ff ff 00 00 00 01 01 00 00 c0 00 00 2a
19:32:11.394       	00 00 49 5f 09 00 00 00 65 00 00 00 65 00 00 00 ff ff 00 00 01 01 01 00 c0
19:32:11.396       	00 00 59 d4 32 00 00 00 65 00 00 00 65 00 00 00 ff ff 00 00 01 01 01 00 62 28 82 02 78 21 83 02 3f 00 a5 06 80 01 71 87 01 01 8a 01 05 ab 0b 80 01 87 a4 06 83 01 0a 95 01 08 c6 06 90 01 00 83 01 01
19:32:11.396       	00 00 49 5f 0a 00 00 00 65 00 00 00 65 00 00 00 ff ff 00 00 01 01 01 00 90 00
19:32:11.397       	00 00 49 5f 0d 00 00 00 65 00 00 00 65 00 00 00 ff ff 00 00 00 01 01 00 00 a4 00 04 02
19:32:11.397       	00 00 49 5f 09 00 00 00 65 00 00 00 65 00 00 00 ff ff 00 00 01 01 01 00 a4
19:32:11.398       	00 00 49 5f 0a 00 00 00 65 00 00 00 65 00 00 00 ff ff 00 00 00 01 01 00 2f e2
19:32:11.400       	00 00 49 5f 0a 00 00 00 65 00 00 00 65 00 00 00 ff ff 00 00 01 01 01 00 6a 82
19:32:11.401       	00 00 49 5f 0d 00 00 00 65 00 00 00 65 00 00 00 ff ff 00 00 00 01 01 00 00 a4 00 04 02
19:32:11.402       	00 00 49 5f 09 00 00 00 65 00 00 00 65 00 00 00 ff ff 00 00 01 01 01 00 a4
19:32:11.402       	00 00 49 5f 0a 00 00 00 65 00 00 00 65 00 00 00 ff ff 00 00 00 01 01 00 3f 00
19:32:11.404       	00 00 49 5f 0a 00 00 00 65 00 00 00 65 00 00 00 ff ff 00 00 01 01 01 00 61 2a
19:32:11.405       	00 00 49 5f 0d 00 00 00 65 00 00 00 65 00 00 00 ff ff 00 00 00 01 01 00 00 c0 00 00 2a
19:32:11.405       	00 00 49 5f 09 00 00 00 65 00 00 00 65 00 00 00 ff ff 00 00 01 01 01 00 c0
19:32:11.407       	00 00 59 d4 32 00 00 00 65 00 00 00 65 00 00 00 ff ff 00 00 01 01 01 00 62 28 82 02 78 21 83 02 3f 00 a5 06 80 01 71 87 01 01 8a 01 05 ab 0b 80 01 87 a4 06 83 01 0a 95 01 08 c6 06 90 01 00 83 01 01
19:32:11.408       	00 00 49 5f 0a 00 00 00 65 00 00 00 65 00 00 00 ff ff 00 00 01 01 01 00 90 00
19:32:11.408       	00 00 49 5f 0d 00 00 00 65 00 00 00 65 00 00 00 ff ff 00 00 00 01 01 00 00 b0 82 00 0a
19:32:11.411       	00 00 49 5f 0a 00 00 00 65 00 00 00 65 00 00 00 ff ff 00 00 01 01 01 00 6a 82
19:32:11.412       	00 00 49 5f 0d 00 00 00 65 00 00 00 65 00 00 00 ff ff 00 00 00 01 01 00 00 b0 82 00 0a
19:32:11.414       	00 00 49 5f 0a 00 00 00 65 00 00 00 65 00 00 00 ff ff 00 00 01 01 01 00 6a 82
19:32:11.415       	00 00 49 5f 0d 00 00 00 65 00 00 00 65 00 00 00 ff ff 00 00 00 01 01 00 00 a4 08 04 02
19:32:11.415       	00 00 49 5f 09 00 00 00 65 00 00 00 65 00 00 00 ff ff 00 00 01 01 01 00 a4
19:32:11.416       	00 00 49 5f 0a 00 00 00 65 00 00 00 65 00 00 00 ff ff 00 00 00 01 01 00 2f 05
19:32:11.418       	00 00 49 5f 0a 00 00 00 65 00 00 00 65 00 00 00 ff ff 00 00 01 01 01 00 6a 82
19:32:11.419       	00 00 49 5f 0d 00 00 00 65 00 00 00 65 00 00 00 ff ff 00 00 00 01 01 00 00 a4 00 04 02
19:32:11.420       	00 00 49 5f 09 00 00 00 65 00 00 00 65 00 00 00 ff ff 00 00 01 01 01 00 a4
19:32:11.420       	00 00 49 5f 0a 00 00 00 65 00 00 00 65 00 00 00 ff ff 00 00 00 01 01 00 3f 00
19:32:11.422       	00 00 49 5f 0a 00 00 00 65 00 00 00 65 00 00 00 ff ff 00 00 01 01 01 00 61 2a
19:32:11.423       	00 00 49 5f 0d 00 00 00 65 00 00 00 65 00 00 00 ff ff 00 00 00 01 01 00 00 c0 00 00 2a
19:32:11.423       	00 00 49 5f 09 00 00 00 65 00 00 00 65 00 00 00 ff ff 00 00 01 01 01 00 c0
19:32:11.425       	00 00 59 d4 32 00 00 00 65 00 00 00 65 00 00 00 ff ff 00 00 01 01 01 00 62 28 82 02 78 21 83 02 3f 00 a5 06 80 01 71 87 01 01 8a 01 05 ab 0b 80 01 87 a4 06 83 01 0a 95 01 08 c6 06 90 01 00 83 01 01
19:32:11.425       	00 00 49 5f 0a 00 00 00 65 00 00 00 65 00 00 00 ff ff 00 00 01 01 01 00 90 00
19:32:11.426       	00 00 49 5f 0d 00 00 00 65 00 00 00 65 00 00 00 ff ff 00 00 00 01 01 00 00 a4 00 04 02
19:32:11.427       	00 00 49 5f 09 00 00 00 65 00 00 00 65 00 00 00 ff ff 00 00 01 01 01 00 a4
19:32:11.427       	00 00 49 5f 0a 00 00 00 65 00 00 00 65 00 00 00 ff ff 00 00 00 01 01 00 2f 05
19:32:11.430       	00 00 49 5f 0a 00 00 00 65 00 00 00 65 00 00 00 ff ff 00 00 01 01 01 00 6a 82
19:32:11.430       	00 00 49 5f 0d 00 00 00 65 00 00 00 65 00 00 00 ff ff 00 00 00 01 01 00 80 10 00 00 1e
19:32:11.431       	00 00 49 5f 09 00 00 00 65 00 00 00 65 00 00 00 ff ff 00 00 01 01 01 00 10
19:32:11.431       	00 00 49 5f 26 00 00 00 65 00 00 00 65 00 00 00 ff ff 00 00 00 01 01 00 ff ff ff ff 5f dd 00 df ff 03 02 1f e2 00 00 00 c3 c9 00 00 00 00 40 00 50 00 00 00 00 08
19:32:11.454       	00 00 49 5f 0a 00 00 00 65 00 00 00 65 00 00 00 ff ff 00 00 01 01 01 00 91 0f
19:32:11.455       	00 00 49 5f 0d 00 00 00 65 00 00 00 65 00 00 00 ff ff 00 00 00 01 01 00 00 a4 08 04 02
19:32:11.455       	00 00 49 5f 09 00 00 00 65 00 00 00 65 00 00 00 ff ff 00 00 01 01 01 00 a4
19:32:11.456       	00 00 49 5f 0a 00 00 00 65 00 00 00 65 00 00 00 ff ff 00 00 00 01 01 00 2f 00
19:32:11.457       	00 00 49 5f 0a 00 00 00 65 00 00 00 65 00 00 00 ff ff 00 00 01 01 01 00 6a 82
19:32:11.457       	00 00 49 5f 0d 00 00 00 65 00 00 00 65 00 00 00 ff ff 00 00 00 01 01 00 00 a4 00 04 02
19:32:11.458       	00 00 49 5f 09 00 00 00 65 00 00 00 65 00 00 00 ff ff 00 00 01 01 01 00 a4
19:32:11.458       	00 00 49 5f 0a 00 00 00 65 00 00 00 65 00 00 00 ff ff 00 00 00 01 01 00 3f 00
19:32:11.459       	00 00 49 5f 0a 00 00 00 65 00 00 00 65 00 00 00 ff ff 00 00 01 01 01 00 61 2a
19:32:11.459       	00 00 49 5f 0d 00 00 00 65 00 00 00 65 00 00 00 ff ff 00 00 00 01 01 00 00 c0 00 00 2a
19:32:11.460       	00 00 49 5f 09 00 00 00 65 00 00 00 65 00 00 00 ff ff 00 00 01 01 01 00 c0
19:32:11.462       	00 00 59 d4 32 00 00 00 65 00 00 00 65 00 00 00 ff ff 00 00 01 01 01 00 62 28 82 02 78 21 83 02 3f 00 a5 06 80 01 71 87 01 01 8a 01 05 ab 0b 80 01 87 a4 06 83 01 0a 95 01 08 c6 06 90 01 00 83 01 01
19:32:11.462       	00 00 49 5f 0a 00 00 00 65 00 00 00 65 00 00 00 ff ff 00 00 01 01 01 00 91 0f
19:32:11.463       	00 00 49 5f 0d 00 00 00 65 00 00 00 65 00 00 00 ff ff 00 00 00 01 01 00 00 a4 00 04 02
19:32:11.463       	00 00 49 5f 09 00 00 00 65 00 00 00 65 00 00 00 ff ff 00 00 01 01 01 00 a4
19:32:11.464       	00 00 49 5f 0a 00 00 00 65 00 00 00 65 00 00 00 ff ff 00 00 00 01 01 00 2f 00
19:32:11.464       	00 00 49 5f 0a 00 00 00 65 00 00 00 65 00 00 00 ff ff 00 00 01 01 01 00 6a 82
19:32:11.465       	00 00 49 5f 0d 00 00 00 65 00 00 00 65 00 00 00 ff ff 00 00 00 01 01 00 80 12 00 00 0f
19:32:11.466       	00 00 49 5f 09 00 00 00 65 00 00 00 65 00 00 00 ff ff 00 00 01 01 01 00 12
19:32:11.467       	00 00 49 5f 17 00 00 00 65 00 00 00 65 00 00 00 ff ff 00 00 01 01 01 00 d0 0d 81 03 01 03 00 82 02 81 82 84 02 01 1e
19:32:11.467       	00 00 49 5f 0a 00 00 00 65 00 00 00 65 00 00 00 ff ff 00 00 01 01 01 00 90 00
19:32:11.469       	00 00 49 5f 0d 00 00 00 65 00 00 00 65 00 00 00 ff ff 00 00 00 01 01 00 80 14 00 00 10
19:32:11.469       	00 00 49 5f 09 00 00 00 65 00 00 00 65 00 00 00 ff ff 00 00 01 01 01 00 14
19:32:11.470       	00 00 49 5f 18 00 00 00 65 00 00 00 65 00 00 00 ff ff 00 00 00 01 01 00 81 03 01 03 00 02 02 82 81 83 01 00 84 02 01 1e
19:32:11.481       	00 00 49 5f 0a 00 00 00 65 00 00 00 65 00 00 00 ff ff 00 00 01 01 01 00 90 00
19:32:11.482       	00 00 49 5f 0d 00 00 00 65 00 00 00 65 00 00 00 ff ff 00 00 00 01 01 00 80 7c 00 00 00
19:32:11.483       	00 00 49 5f 0a 00 00 00 65 00 00 00 65 00 00 00 ff ff 00 00 01 01 01 00 90 00
19:32:11.483       	00 00 49 5f 0d 00 00 00 65 00 00 00 65 00 00 00 ff ff 00 00 00 01 00 00 00 70 00 00 01
19:32:11.484       	00 00 49 5f 09 00 00 00 65 00 00 00 65 00 00 00 ff ff 00 00 01 01 00 00 70
19:32:11.484       	00 00 49 5f 09 00 00 00 65 00 00 00 65 00 00 00 ff ff 00 00 01 01 00 00 01
19:32:11.484       	00 00 49 5f 0a 00 00 00 65 00 00 00 65 00 00 00 ff ff 00 00 01 01 00 00 90 00
19:32:11.485       	00 00 49 5f 0d 00 00 00 65 00 00 00 65 00 00 00 ff ff 00 00 00 01 00 00 01 a4 04 00 10
19:32:11.485       	00 00 49 5f 09 00 00 00 65 00 00 00 65 00 00 00 ff ff 00 00 01 01 00 00 a4
19:32:11.486       	00 00 49 5f 18 00 00 00 65 00 00 00 65 00 00 00 ff ff 00 00 00 01 00 00 a0 00 00 05 59 10 10 ff ff ff ff 89 00 00 01 00
19:32:11.489       	00 00 49 5f 0a 00 00 00 65 00 00 00 65 00 00 00 ff ff 00 00 01 01 00 00 61 25
19:32:11.489       	00 00 00 00 0d 00 00 00 65 00 00 00 65 00 00 00 ff ff 00 00 00 01 00 00 01 c0 00 00 25
19:32:11.490       	00 00 49 5f 09 00 00 00 65 00 00 00 65 00 00 00 ff ff 00 00 01 01 00 00 c0
19:32:11.491       	00 00 00 00 2d 00 00 00 65 00 00 00 65 00 00 00 ff ff 00 00 01 01 00 00 6f 23 84 10 a0 00 00 05 59 10 10 ff ff ff ff 89 00 00 01 00 a5 04 9f 65 01 ff e0 09 82 03 02 03 00 03 02 05 20
19:32:11.492       	00 00 49 5f 0a 00 00 00 65 00 00 00 65 00 00 00 ff ff 00 00 01 01 00 00 90 00
19:32:11.680       	00 00 49 5f 0d 00 00 00 14 00 00 00 14 00 00 00 ff ff 00 00 00 01 00 00 80 7c 00 02 00
19:32:11.681       	00 00 49 5f 0a 00 00 00 14 00 00 00 14 00 00 00 ff ff 00 00 01 01 00 00 90 00
19:32:11.682       	00 00 49 5f 0d 00 00 00 14 00 00 00 14 00 00 00 ff ff 00 00 00 01 02 00 80 14 00 00 27
19:32:11.682       	00 00 49 5f 09 00 00 00 14 00 00 00 14 00 00 00 ff ff 00 00 01 01 02 00 14
19:32:11.683       	00 00 6c 1a 2f 00 00 00 14 00 00 00 14 00 00 00 ff ff 00 00 00 01 02 00 81 03 01 23 04 02 02 82 81 83 01 00 8d 19 04 e1 64 56 8e 3e 86 a3 2a 55 8a b4 8b 70 cd ff 5f a1 43 ce d4 67 32 26 77
19:32:11.701       	00 00 49 5f 0a 00 00 00 14 00 00 00 14 00 00 00 ff ff 00 00 01 01 02 00 91 35
19:32:11.701       	00 00 49 5f 0d 00 00 00 14 00 00 00 14 00 00 00 ff ff 00 00 00 01 02 00 80 12 00 00 35
19:32:11.702       	00 00 49 5f 09 00 00 00 14 00 00 00 14 00 00 00 ff ff 00 00 01 01 02 00 12
19:32:11.704       	00 00 00 00 3d 00 00 00 14 00 00 00 14 00 00 00 ff ff 00 00 01 01 02 00 d0 33 81 03 01 23 04 82 02 81 82 8d 11 04 56 65 72 69 66 79 42 69 6e 64 53 74 61 72 74 02 91 02 ff ff 97 11 04 bc a2 c6 aa ce 02 dc 93 1e a9 07 22 1f 0c 05 a9
19:32:11.705       	00 00 49 5f 0a 00 00 00 14 00 00 00 14 00 00 00 ff ff 00 00 01 01 02 00 90 00
19:32:11.766       	00 00 49 5f 0d 00 00 00 14 00 00 00 14 00 00 00 ff ff 00 00 00 01 02 00 80 14 00 00 27
19:32:11.766       	00 00 49 5f 09 00 00 00 14 00 00 00 14 00 00 00 ff ff 00 00 01 01 02 00 14
19:32:11.767       	00 00 4b 2c 2f 00 00 00 14 00 00 00 14 00 00 00 ff ff 00 00 00 01 02 00 81 03 01 23 04 02 02 82 81 83 01 00 8d 19 04 87 80 47 32 87 a6 64 56 3d b9 81 1d 58 21 a9 9c a3 f8 3d 00 18 1b 1d ac
19:32:11.784       	00 00 49 5f 0a 00 00 00 14 00 00 00 14 00 00 00 ff ff 00 00 01 01 02 00 91 35
19:32:11.785       	00 00 49 5f 0d 00 00 00 14 00 00 00 14 00 00 00 ff ff 00 00 00 01 02 00 80 12 00 00 35
19:32:11.786       	00 00 49 5f 09 00 00 00 14 00 00 00 14 00 00 00 ff ff 00 00 01 01 02 00 12
19:32:11.788       	00 00 00 00 3d 00 00 00 14 00 00 00 14 00 00 00 ff ff 00 00 01 01 02 00 d0 33 81 03 01 23 04 82 02 81 82 8d 11 04 56 65 72 69 66 79 42 69 6e 64 53 74 61 72 74 03 91 02 ff ff 97 11 04 7a 63 37 46 f6 3d 1d 58 b8 56 71 9b d0 ae bc d6
19:32:11.788       	00 00 49 5f 0a 00 00 00 14 00 00 00 14 00 00 00 ff ff 00 00 01 01 02 00 90 00
19:32:11.837       	00 00 49 5f 0d 00 00 00 14 00 00 00 14 00 00 00 ff ff 00 00 00 01 02 00 80 14 00 00 27
19:32:11.838       	00 00 49 5f 09 00 00 00 14 00 00 00 14 00 00 00 ff ff 00 00 01 01 02 00 14
19:32:11.839       	00 00 90 2e 2f 00 00 00 14 00 00 00 14 00 00 00 ff ff 00 00 00 01 02 00 81 03 01 23 04 02 02 82 81 83 01 00 8d 19 04 85 f2 b9 52 dc 0f e9 a8 6a 1d 67 15 32 31 1e 94 20 6c e5 2d 77 cd 79 5c
19:32:11.852       	00 00 49 5f 0a 00 00 00 14 00 00 00 14 00 00 00 ff ff 00 00 01 01 02 00 91 3b
19:32:11.852       	00 00 49 5f 0d 00 00 00 14 00 00 00 14 00 00 00 ff ff 00 00 00 01 02 00 80 12 00 00 3b
19:32:11.853       	00 00 49 5f 09 00 00 00 14 00 00 00 14 00 00 00 ff ff 00 00 01 01 02 00 12
19:32:11.856       	00 00 00 00 43 00 00 00 14 00 00 00 14 00 00 00 ff ff 00 00 01 01 02 00 d0 39 81 03 01 23 04 82 02 81 82 8d 0f 04 56 65 72 69 66 79 42 69 6e 64 45 6e 64 04 91 02 ff ff 97 19 04 29 3f 83 ff e9 2b e8 08 37 f2 84 23 56 37 b2 8a db 96 e5 fd bd 84 4b b6
19:32:11.856       	00 00 49 5f 0a 00 00 00 14 00 00 00 14 00 00 00 ff ff 00 00 01 01 02 00 90 00
19:32:11.943       	00 00 49 5f 0d 00 00 00 14 00 00 00 14 00 00 00 ff ff 00 00 00 01 02 00 80 14 00 00 10
19:32:11.944       	00 00 49 5f 09 00 00 00 14 00 00 00 14 00 00 00 ff ff 00 00 01 01 02 00 14
19:32:11.944       	00 00 49 5f 18 00 00 00 14 00 00 00 14 00 00 00 ff ff 00 00 00 01 02 00 81 03 01 23 04 02 02 82 81 83 01 00 8d 02 04 00
19:32:11.946       	00 00 49 5f 0a 00 00 00 14 00 00 00 14 00 00 00 ff ff 00 00 01 01 02 00 90 00
19:32:11.946       	00 00 49 5f 0d 00 00 00 14 00 00 00 14 00 00 00 ff ff 00 00 00 01 02 00 80 c2 00 00 0c
19:32:11.947       	00 00 49 5f 09 00 00 00 14 00 00 00 14 00 00 00 ff ff 00 00 01 01 02 00 c2
19:32:11.948       	00 00 49 5f 14 00 00 00 14 00 00 00 14 00 00 00 ff ff 00 00 00 01 02 00 d6 0a 19 01 03 82 02 82 81 1b 01 02
19:32:12.009       	00 00 49 5f 0a 00 00 00 14 00 00 00 14 00 00 00 ff ff 00 00 01 01 02 00 90 00
19:32:12.010       	00 00 49 5f 0d 00 00 00 14 00 00 00 14 00 00 00 ff ff 00 00 00 01 02 00 00 88 00 81 22
19:32:12.026       	00 00 49 5f 0a 00 00 00 14 00 00 00 14 00 00 00 ff ff 00 00 01 01 02 00 69 85
19:32:12.511       	00 00 49 5f 0d 00 00 00 65 00 00 00 65 00 00 00 ff ff 00 00 00 01 02 00 80 7c 00 00 00
19:32:12.513       	00 00 49 5f 0a 00 00 00 65 00 00 00 65 00 00 00 ff ff 00 00 01 01 02 00 90 00
19:32:12.513       	00 00 49 5f 0d 00 00 00 65 00 00 00 65 00 00 00 ff ff 00 00 00 01 00 00 81 e2 91 00 17
19:32:12.514       	00 00 49 5f 09 00 00 00 65 00 00 00 65 00 00 00 ff ff 00 00 01 01 00 00 e2
19:32:12.514       	00 00 49 5f 1f 00 00 00 65 00 00 00 65 00 00 00 ff ff 00 00 00 01 00 00 bf 31 14 a0 0c 5a 0a 98 58 22 54 82 00 02 66 42 76 81 01 00 82 01 01
19:32:12.516       	00 00 49 5f 0a 00 00 00 65 00 00 00 65 00 00 00 ff ff 00 00 01 01 00 00 61 06
19:32:12.517       	00 00 49 5f 0d 00 00 00 65 00 00 00 65 00 00 00 ff ff 00 00 00 01 00 00 01 c0 00 00 06
19:32:12.517       	00 00 49 5f 09 00 00 00 65 00 00 00 65 00 00 00 ff ff 00 00 01 01 00 00 c0
19:32:12.518       	00 00 49 5f 0e 00 00 00 65 00 00 00 65 00 00 00 ff ff 00 00 01 01 00 00 bf 31 03 80 01 05
19:32:12.518       	00 00 49 5f 0a 00 00 00 65 00 00 00 65 00 00 00 ff ff 00 00 01 01 00 00 90 00
19:32:12.525       	00 00 49 5f 0d 00 00 00 65 00 00 00 65 00 00 00 ff ff 00 00 00 01 00 00 00 70 80 01 00
19:32:12.526       	00 00 49 5f 0a 00 00 00 65 00 00 00 65 00 00 00 ff ff 00 00 01 01 00 00 90 00
19:32:13.544       	00 00 49 5f 0d 00 00 00 65 00 00 00 65 00 00 00 ff ff 00 00 00 01 00 00 80 7c 00 01 00
19:32:13.545       	00 00 49 5f 0a 00 00 00 65 00 00 00 65 00 00 00 ff ff 00 00 01 01 00 00 90 00
19:32:13.546       	00 00 49 5f 0d 00 00 00 65 00 00 00 65 00 00 00 ff ff 00 00 00 01 01 00 80 7c 01 01 00
19:32:17.982       	00 00 49 5f 0d 00 00 00 14 00 00 00 14 00 00 00 ff ff 00 00 00 01 01 00 80 7c 00 02 00
19:32:19.371       	00 00 49 5f 1e 00 00 00 14 00 00 00 14 00 00 00 ff ff 00 00 01 01 00 00 3b 9f 96 80 3f c7 83 80 31 e0 73 f6 21 13 67 56 07 58 e0 24 04 10
19:32:19.471       	00 00 49 5f 0d 00 00 00 14 00 00 00 14 00 00 00 ff ff 00 00 00 01 00 00 80 7c 04 00 09
19:32:19.547       	00 00 49 5f 09 00 00 00 14 00 00 00 14 00 00 00 ff ff 00 00 01 01 00 00 7c
19:32:19.547       	00 00 49 5f 11 00 00 00 14 00 00 00 14 00 00 00 ff ff 00 00 00 01 00 00 80 01 02 90 01 01 91 01 02
19:32:19.554       	00 00 49 5f 0a 00 00 00 14 00 00 00 14 00 00 00 ff ff 00 00 01 01 00 00 61 0a
19:32:19.555       	00 00 49 5f 0d 00 00 00 14 00 00 00 14 00 00 00 ff ff 00 00 00 01 00 00 00 c0 00 00 0a
19:32:19.555       	00 00 49 5f 09 00 00 00 14 00 00 00 14 00 00 00 ff ff 00 00 01 01 00 00 c0
19:32:19.556       	00 00 49 5f 12 00 00 00 14 00 00 00 14 00 00 00 ff ff 00 00 01 01 00 00 80 01 02 90 02 01 01 91 01 02
19:32:19.556       	00 00 49 5f 0a 00 00 00 14 00 00 00 14 00 00 00 ff ff 00 00 01 01 00 00 90 00
19:32:19.557       	00 00 49 5f 0d 00 00 00 14 00 00 00 14 00 00 00 ff ff 00 00 00 01 00 00 00 a4 00 04 02
19:32:19.557       	00 00 49 5f 09 00 00 00 14 00 00 00 14 00 00 00 ff ff 00 00 01 01 00 00 a4
19:32:19.558       	00 00 49 5f 0a 00 00 00 14 00 00 00 14 00 00 00 ff ff 00 00 00 01 00 00 3f 00
19:32:19.563       	00 00 49 5f 0a 00 00 00 14 00 00 00 14 00 00 00 ff ff 00 00 01 01 00 00 61 2a
19:32:19.564       	00 00 49 5f 0d 00 00 00 14 00 00 00 14 00 00 00 ff ff 00 00 00 01 00 00 00 c0 00 00 2a
19:32:19.564       	00 00 49 5f 09 00 00 00 14 00 00 00 14 00 00 00 ff ff 00 00 01 01 00 00 c0
19:32:19.566       	00 00 49 d4 32 00 00 00 14 00 00 00 14 00 00 00 ff ff 00 00 01 01 00 00 62 28 82 02 78 21 83 02 3f 00 a5 06 80 01 71 87 01 01 8a 01 05 ab 0b 80 01 87 a4 06 83 01 0a 95 01 08 c6 06 90 01 00 83 01 01
19:32:19.566       	00 00 49 5f 0a 00 00 00 14 00 00 00 14 00 00 00 ff ff 00 00 01 01 00 00 90 00
19:32:19.567       	00 00 49 5f 0d 00 00 00 14 00 00 00 14 00 00 00 ff ff 00 00 00 01 00 00 80 10 00 00 1e
19:32:19.567       	00 00 49 5f 09 00 00 00 14 00 00 00 14 00 00 00 ff ff 00 00 01 01 00 00 10
19:32:19.568       	00 00 49 5f 26 00 00 00 14 00 00 00 14 00 00 00 ff ff 00 00 00 01 00 00 00 00 80 00 00 00 00 00 00 00 00 00 00 00 00 00 00 00 00 00 00 00 00 00 00 00 00 00 00 00
19:32:19.591       	00 00 49 5f 0a 00 00 00 14 00 00 00 14 00 00 00 ff ff 00 00 01 01 00 00 90 00
19:32:19.591       	00 00 49 5f 0d 00 00 00 14 00 00 00 14 00 00 00 ff ff 00 00 00 01 00 00 80 7c 00 02 00
19:32:19.599       	00 00 49 5f 0a 00 00 00 14 00 00 00 14 00 00 00 ff ff 00 00 01 01 00 00 90 00
19:32:19.600       	00 00 49 5f 0d 00 00 00 14 00 00 00 14 00 00 00 ff ff 00 00 00 01 02 00 00 a4 00 04 02
19:32:19.600       	00 00 49 5f 09 00 00 00 14 00 00 00 14 00 00 00 ff ff 00 00 01 01 02 00 a4
19:32:19.601       	00 00 49 5f 0a 00 00 00 14 00 00 00 14 00 00 00 ff ff 00 00 00 01 02 00 3f 00
19:32:19.623       	00 00 49 5f 0a 00 00 00 14 00 00 00 14 00 00 00 ff ff 00 00 01 01 02 00 61 28
19:32:19.624       	00 00 49 5f 0d 00 00 00 14 00 00 00 14 00 00 00 ff ff 00 00 00 01 02 00 00 c0 00 00 28
19:32:19.624       	00 00 49 5f 09 00 00 00 14 00 00 00 14 00 00 00 ff ff 00 00 01 01 02 00 c0
19:32:19.626       	00 00 f6 10 30 00 00 00 14 00 00 00 14 00 00 00 ff ff 00 00 01 01 02 00 62 26 82 02 78 21 83 02 3f 00 a5 06 80 01 71 87 01 01 8a 01 05 8b 03 2f 06 0e c6 0c 90 01 60 83 01 01 83 01 02 83 01 0a
19:32:19.626       	00 00 49 5f 0a 00 00 00 14 00 00 00 14 00 00 00 ff ff 00 00 01 01 02 00 90 00
19:32:19.627       	00 00 49 5f 0d 00 00 00 14 00 00 00 14 00 00 00 ff ff 00 00 00 01 02 00 80 aa 00 00 08
19:32:19.627       	00 00 49 5f 09 00 00 00 14 00 00 00 14 00 00 00 ff ff 00 00 01 01 02 00 aa
19:32:19.628       	00 00 49 5f 10 00 00 00 14 00 00 00 14 00 00 00 ff ff 00 00 00 01 02 00 a9 06 82 01 01 83 01 07
19:32:19.633       	00 00 49 5f 0a 00 00 00 14 00 00 00 14 00 00 00 ff ff 00 00 01 01 02 00 90 00
19:32:19.634       	00 00 49 5f 0d 00 00 00 14 00 00 00 14 00 00 00 ff ff 00 00 00 01 02 00 00 a4 08 04 02
19:32:19.634       	00 00 49 5f 09 00 00 00 14 00 00 00 14 00 00 00 ff ff 00 00 01 01 02 00 a4
19:32:19.635       	00 00 49 5f 0a 00 00 00 14 00 00 00 14 00 00 00 ff ff 00 00 00 01 02 00 2f e2
19:32:19.636       	00 00 49 5f 0a 00 00 00 14 00 00 00 14 00 00 00 ff ff 00 00 01 01 02 00 61 18
19:32:19.636       	00 00 49 5f 0d 00 00 00 14 00 00 00 14 00 00 00 ff ff 00 00 00 01 02 00 00 c0 00 00 18
19:32:19.637       	00 00 49 5f 09 00 00 00 14 00 00 00 14 00 00 00 ff ff 00 00 01 01 02 00 c0
19:32:19.638       	00 00 49 5f 20 00 00 00 14 00 00 00 14 00 00 00 ff ff 00 00 01 01 02 00 62 16 82 02 41 21 83 02 2f e2 8a 01 05 8b 03 2f 06 0b 80 02 00 0a 88 00
19:32:19.638       	00 00 49 5f 0a 00 00 00 14 00 00 00 14 00 00 00 ff ff 00 00 01 01 02 00 90 00
19:32:19.639       	00 00 49 5f 0d 00 00 00 14 00 00 00 14 00 00 00 ff ff 00 00 00 01 02 00 00 b0 00 00 0a
19:32:19.640       	00 00 49 5f 09 00 00 00 14 00 00 00 14 00 00 00 ff ff 00 00 01 01 02 00 b0
19:32:19.640       	00 00 49 5f 12 00 00 00 14 00 00 00 14 00 00 00 ff ff 00 00 01 01 02 00 98 58 22 54 82 00 02 66 21 16
19:32:19.640       	00 00 49 5f 0a 00 00 00 14 00 00 00 14 00 00 00 ff ff 00 00 01 01 02 00 90 00
19:32:19.641       	00 00 49 5f 0d 00 00 00 14 00 00 00 14 00 00 00 ff ff 00 00 00 01 02 00 80 10 00 00 1e
19:32:19.641       	00 00 49 5f 09 00 00 00 14 00 00 00 14 00 00 00 ff ff 00 00 01 01 02 00 10
19:32:19.642       	00 00 49 5f 26 00 00 00 14 00 00 00 14 00 00 00 ff ff 00 00 00 01 02 00 ff ff ff ff 5f dd 00 df ff 03 02 1f e2 00 00 00 c3 c9 00 00 00 00 40 00 50 00 00 00 00 08
19:32:19.700       	00 00 49 5f 0a 00 00 00 14 00 00 00 14 00 00 00 ff ff 00 00 01 01 02 00 91 10
19:32:19.700       	00 00 49 5f 0d 00 00 00 14 00 00 00 14 00 00 00 ff ff 00 00 00 01 02 00 00 a4 04 04 10
19:32:19.701       	00 00 49 5f 09 00 00 00 14 00 00 00 14 00 00 00 ff ff 00 00 01 01 02 00 a4
19:32:19.701       	00 00 49 5f 18 00 00 00 14 00 00 00 14 00 00 00 ff ff 00 00 00 01 02 00 a0 00 00 00 87 10 02 ff 33 ff 01 89 00 00 01 00
19:32:19.726       	00 00 49 5f 0a 00 00 00 14 00 00 00 14 00 00 00 ff ff 00 00 01 01 02 00 61 32
19:32:19.727       	00 00 49 5f 0d 00 00 00 14 00 00 00 14 00 00 00 ff ff 00 00 00 01 02 00 00 c0 00 00 32
19:32:19.727       	00 00 49 5f 09 00 00 00 14 00 00 00 14 00 00 00 ff ff 00 00 01 01 02 00 c0
19:32:19.730       	00 00 f6 10 3a 00 00 00 14 00 00 00 14 00 00 00 ff ff 00 00 01 01 02 00 62 30 82 02 78 21 83 02 7f f1 84 10 a0 00 00 00 87 10 02 ff 33 ff 01 89 00 00 01 00 8a 01 05 8b 03 2f 06 0e c6 0c 90 01 60 83 01 01 83 01 81 83 01 0a
19:32:19.730       	00 00 49 5f 0a 00 00 00 14 00 00 00 14 00 00 00 ff ff 00 00 01 01 02 00 91 10
19:32:20.803       	00 00 49 5f 0d 00 00 00 14 00 00 00 14 00 00 00 ff ff 00 00 00 01 02 00 80 c2 00 00 0c
19:32:20.804       	00 00 49 5f 09 00 00 00 14 00 00 00 14 00 00 00 ff ff 00 00 01 01 02 00 c2
19:32:20.804       	00 00 49 5f 14 00 00 00 14 00 00 00 14 00 00 00 ff ff 00 00 00 01 02 00 d6 0a 19 01 03 82 02 82 81 1b 01 01
19:32:20.866       	00 00 49 5f 0a 00 00 00 14 00 00 00 14 00 00 00 ff ff 00 00 01 01 02 00 91 10
19:32:20.866       	00 00 49 5f 0d 00 00 00 14 00 00 00 14 00 00 00 ff ff 00 00 00 01 02 00 80 12 00 00 10
19:32:20.867       	00 00 49 5f 09 00 00 00 14 00 00 00 14 00 00 00 ff ff 00 00 01 01 02 00 12
19:32:20.868       	00 00 49 5f 18 00 00 00 14 00 00 00 14 00 00 00 ff ff 00 00 01 01 02 00 d0 0e 81 03 01 05 00 82 02 81 82 99 03 03 09 0a
19:32:20.868       	00 00 49 5f 0a 00 00 00 14 00 00 00 14 00 00 00 ff ff 00 00 01 01 02 00 90 00
19:32:20.870       	00 00 49 5f 0d 00 00 00 14 00 00 00 14 00 00 00 ff ff 00 00 00 01 02 00 80 14 00 00 0c
19:32:20.871       	00 00 49 5f 09 00 00 00 14 00 00 00 14 00 00 00 ff ff 00 00 01 01 02 00 14
19:32:20.871       	00 00 49 5f 14 00 00 00 14 00 00 00 14 00 00 00 ff ff 00 00 00 01 02 00 81 03 01 05 00 02 02 82 81 83 01 00
19:32:20.873       	00 00 49 5f 0a 00 00 00 14 00 00 00 14 00 00 00 ff ff 00 00 01 01 02 00 91 0f
19:32:20.874       	00 00 49 5f 0d 00 00 00 14 00 00 00 14 00 00 00 ff ff 00 00 00 01 02 00 80 12 00 00 0f
19:32:20.874       	00 00 49 5f 09 00 00 00 14 00 00 00 14 00 00 00 ff ff 00 00 01 01 02 00 12
19:32:20.875       	00 00 49 5f 17 00 00 00 14 00 00 00 14 00 00 00 ff ff 00 00 01 01 02 00 d0 0d 81 03 01 03 00 82 02 81 82 84 02 01 1e
19:32:20.875       	00 00 49 5f 0a 00 00 00 14 00 00 00 14 00 00 00 ff ff 00 00 01 01 02 00 90 00
19:32:20.886       	00 00 49 5f 0d 00 00 00 14 00 00 00 14 00 00 00 ff ff 00 00 00 01 02 00 80 14 00 00 10
19:32:20.887       	00 00 49 5f 09 00 00 00 14 00 00 00 14 00 00 00 ff ff 00 00 01 01 02 00 14
19:32:20.887       	00 00 49 5f 18 00 00 00 14 00 00 00 14 00 00 00 ff ff 00 00 00 01 02 00 81 03 01 03 00 02 02 82 81 83 01 00 84 02 01 1e
19:32:20.915       	00 00 00 00 0a 00 00 00 14 00 00 00 14 00 00 00 ff ff 00 00 01 01 02 00 91 35
19:32:20.916       	00 00 49 5f 0d 00 00 00 14 00 00 00 14 00 00 00 ff ff 00 00 00 01 02 00 80 12 00 00 35
19:32:20.916       	00 00 49 5f 09 00 00 00 14 00 00 00 14 00 00 00 ff ff 00 00 01 01 02 00 12
19:32:20.919       	00 00 00 00 3d 00 00 00 14 00 00 00 14 00 00 00 ff ff 00 00 01 01 02 00 d0 33 81 03 01 23 04 82 02 81 82 8d 11 04 56 65 72 69 66 79 42 69 6e 64 53 74 61 72 74 01 91 02 ff ff 97 11 04 bb 6b 11 d7 a8 26 79 3e d8 b2 2b 2d a1 1c 0a 17
19:32:20.919       	00 00 49 5f 0a 00 00 00 14 00 00 00 14 00 00 00 ff ff 00 00 01 01 02 00 90 00
19:32:20.955       	00 00 49 5f 0d 00 00 00 14 00 00 00 14 00 00 00 ff ff 00 00 00 01 02 00 80 14 00 00 27
19:32:20.956       	00 00 49 5f 09 00 00 00 14 00 00 00 14 00 00 00 ff ff 00 00 01 01 02 00 14
19:32:20.956       	00 00 7f bd 2f 00 00 00 14 00 00 00 14 00 00 00 ff ff 00 00 00 01 02 00 81 03 01 23 04 02 02 82 81 83 01 00 8d 19 04 5e 0a 3c a0 7a 3f bb 27 17 be ed 2a 80 2e b8 73 23 fb ad 42 60 c4 81 2b
19:32:20.981       	00 00 49 5f 0a 00 00 00 14 00 00 00 14 00 00 00 ff ff 00 00 01 01 02 00 91 3b
19:32:20.981       	00 00 49 5f 0d 00 00 00 14 00 00 00 14 00 00 00 ff ff 00 00 00 01 02 00 80 12 00 00 3b
19:32:20.982       	00 00 49 5f 09 00 00 00 14 00 00 00 14 00 00 00 ff ff 00 00 01 01 02 00 12
19:32:20.985       	00 00 00 00 43 00 00 00 14 00 00 00 14 00 00 00 ff ff 00 00 01 01 02 00 d0 39 81 03 01 23 04 82 02 81 82 8d 0f 04 56 65 72 69 66 79 42 69 6e 64 45 6e 64 02 91 02 ff ff 97 19 04 09 90 06 53 10 88 7d b7 9b 9c d7 f1 89 4b 19 39 f3 23 1e 0d ac b9 8b 57
19:32:20.985       	00 00 49 5f 0a 00 00 00 14 00 00 00 14 00 00 00 ff ff 00 00 01 01 02 00 90 00
19:32:21.059       	00 00 00 00 0d 00 00 00 14 00 00 00 14 00 00 00 ff ff 00 00 00 01 02 00 80 14 00 00 10
19:32:21.060       	00 00 49 5f 09 00 00 00 14 00 00 00 14 00 00 00 ff ff 00 00 01 01 02 00 14
19:32:21.060       	00 00 49 5f 18 00 00 00 14 00 00 00 14 00 00 00 ff ff 00 00 00 01 02 00 81 03 01 23 04 02 02 82 81 83 01 00 8d 02 04 00
19:32:21.071       	00 00 49 5f 0a 00 00 00 14 00 00 00 14 00 00 00 ff ff 00 00 01 01 02 00 90 00
19:32:31.074       	00 00 49 5f 0d 00 00 00 14 00 00 00 14 00 00 00 ff ff 00 00 00 01 02 00 00 a4 08 04 02
19:32:31.075       	00 00 49 5f 09 00 00 00 14 00 00 00 14 00 00 00 ff ff 00 00 01 01 02 00 a4
19:32:31.075       	00 00 49 5f 0a 00 00 00 14 00 00 00 14 00 00 00 ff ff 00 00 00 01 02 00 7f ff
19:32:31.097       	00 00 49 5f 0a 00 00 00 14 00 00 00 14 00 00 00 ff ff 00 00 01 01 02 00 61 32
19:32:31.098       	00 00 49 5f 0d 00 00 00 14 00 00 00 14 00 00 00 ff ff 00 00 00 01 02 00 00 c0 00 00 32
19:32:31.098       	00 00 49 5f 09 00 00 00 14 00 00 00 14 00 00 00 ff ff 00 00 01 01 02 00 c0
19:32:31.100       	00 00 70 cc 3a 00 00 00 14 00 00 00 14 00 00 00 ff ff 00 00 01 01 02 00 62 30 82 02 78 21 83 02 7f f1 84 10 a0 00 00 00 87 10 02 ff 33 ff 01 89 00 00 01 00 8a 01 05 8b 03 2f 06 0e c6 0c 90 01 60 83 01 01 83 01 81 83 01 0a
19:32:31.100       	00 00 49 5f 0a 00 00 00 14 00 00 00 14 00 00 00 ff ff 00 00 01 01 02 00 90 00
19:32:31.101       	00 00 49 5f 0d 00 00 00 14 00 00 00 14 00 00 00 ff ff 00 00 00 01 02 00 00 88 00 81 22
19:32:31.114       	00 00 49 5f 09 00 00 00 14 00 00 00 14 00 00 00 ff ff 00 00 01 01 02 00 88
19:32:31.115       	00 00 70 cc 2a 00 00 00 14 00 00 00 14 00 00 00 ff ff 00 00 00 01 02 00 10 8a 04 cb c9 76 35 8b 45 fa 20 26 33 81 c4 b2 bb 10 fb aa b6 1f d8 94 82 34 a4 33 00 7b ed 9f 59 d0
19:32:31.164       	00 00 49 5f 0a 00 00 00 14 00 00 00 14 00 00 00 ff ff 00 00 01 01 02 00 61 35
19:32:31.165       	00 00 49 5f 0d 00 00 00 14 00 00 00 14 00 00 00 ff ff 00 00 00 01 02 00 00 c0 00 00 35
19:32:31.165       	00 00 49 5f 09 00 00 00 14 00 00 00 14 00 00 00 ff ff 00 00 01 01 02 00 c0
19:32:31.168       	00 00 70 cc 3d 00 00 00 14 00 00 00 14 00 00 00 ff ff 00 00 01 01 02 00 db 08 04 2e 9b 94 80 6d 35 e1 10 e2 f9 53 6c bd bd bc 19 88 ff ee 80 88 32 6d 8e 10 4e f2 29 f9 28 73 4f 6d a4 fc 35 3b 72 9f d9 9f 08 80 08 a1 2e 6f 63 47 65
19:32:31.168       	00 00 49 5f 0a 00 00 00 14 00 00 00 14 00 00 00 ff ff 00 00 01 01 02 00 90 00
19:32:31.707       	00 00 49 5f 0d 00 00 00 14 00 00 00 14 00 00 00 ff ff 00 00 00 01 02 00 80 7c 00 00 00
19:32:31.710       	00 00 49 5f 0a 00 00 00 14 00 00 00 14 00 00 00 ff ff 00 00 01 01 02 00 90 00
19:32:31.711       	00 00 49 5f 0d 00 00 00 14 00 00 00 14 00 00 00 ff ff 00 00 00 01 00 00 00 70 00 00 01
19:32:31.711       	00 00 49 5f 09 00 00 00 14 00 00 00 14 00 00 00 ff ff 00 00 01 01 00 00 70
19:32:31.712       	00 00 49 5f 09 00 00 00 14 00 00 00 14 00 00 00 ff ff 00 00 01 01 00 00 01
19:32:31.712       	00 00 49 5f 0a 00 00 00 14 00 00 00 14 00 00 00 ff ff 00 00 01 01 00 00 90 00
19:32:31.712       	00 00 49 5f 0d 00 00 00 14 00 00 00 14 00 00 00 ff ff 00 00 00 01 00 00 01 a4 04 00 10
19:32:31.713       	00 00 49 5f 09 00 00 00 14 00 00 00 14 00 00 00 ff ff 00 00 01 01 00 00 a4
19:32:31.713       	00 00 49 5f 18 00 00 00 14 00 00 00 14 00 00 00 ff ff 00 00 00 01 00 00 a0 00 00 05 59 10 10 ff ff ff ff 89 00 00 01 00
19:32:31.716       	00 00 49 5f 0a 00 00 00 14 00 00 00 14 00 00 00 ff ff 00 00 01 01 00 00 61 25
19:32:31.717       	00 00 49 5f 0d 00 00 00 14 00 00 00 14 00 00 00 ff ff 00 00 00 01 00 00 01 c0 00 00 25
19:32:31.717       	00 00 49 5f 09 00 00 00 14 00 00 00 14 00 00 00 ff ff 00 00 01 01 00 00 c0
19:32:31.719       	00 00 00 00 2d 00 00 00 14 00 00 00 14 00 00 00 ff ff 00 00 01 01 00 00 6f 23 84 10 a0 00 00 05 59 10 10 ff ff ff ff 89 00 00 01 00 a5 04 9f 65 01 ff e0 09 82 03 02 03 00 03 02 05 20
19:32:31.719       	00 00 49 5f 0a 00 00 00 14 00 00 00 14 00 00 00 ff ff 00 00 01 01 00 00 90 00
19:32:31.723       	00 00 49 5f 0d 00 00 00 14 00 00 00 14 00 00 00 ff ff 00 00 00 01 00 00 81 e2 91 00 14
19:32:31.724       	00 00 49 5f 09 00 00 00 14 00 00 00 14 00 00 00 ff ff 00 00 01 01 00 00 e2
19:32:31.724       	00 00 49 5f 1c 00 00 00 14 00 00 00 14 00 00 00 ff ff 00 00 00 01 00 00 bf 32 11 a0 0c 5a 0a 98 58 22 54 82 00 02 66 21 16 81 01 00
19:32:31.972       	00 00 49 5f 0a 00 00 00 14 00 00 00 14 00 00 00 ff ff 00 00 01 01 00 00 61 06
19:32:31.973       	00 00 49 5f 0d 00 00 00 14 00 00 00 14 00 00 00 ff ff 00 00 00 01 00 00 01 c0 00 00 06
19:32:31.973       	00 00 49 5f 09 00 00 00 14 00 00 00 14 00 00 00 ff ff 00 00 01 01 00 00 c0
19:32:31.973       	00 00 49 5f 0e 00 00 00 14 00 00 00 14 00 00 00 ff ff 00 00 01 01 00 00 bf 32 03 80 01 00
19:32:31.974       	00 00 49 5f 0a 00 00 00 14 00 00 00 14 00 00 00 ff ff 00 00 01 01 00 00 90 00
19:32:31.983       	00 00 49 5f 0d 00 00 00 14 00 00 00 14 00 00 00 ff ff 00 00 00 01 00 00 00 70 80 01 00
19:32:31.984       	00 00 49 5f 0a 00 00 00 14 00 00 00 14 00 00 00 ff ff 00 00 01 01 00 00 90 00
19:32:33.178       	00 00 49 5f 1e 00 00 00 14 00 00 00 14 00 00 00 ff ff 00 00 01 01 00 00 3b 9f 96 80 3f c7 83 80 31 e0 73 f6 21 13 67 56 07 58 e0 24 04 10
19:32:33.278       	00 00 49 5f 0d 00 00 00 14 00 00 00 14 00 00 00 ff ff 00 00 00 01 00 00 80 7c 04 00 09
19:32:33.342       	00 00 49 5f 09 00 00 00 14 00 00 00 14 00 00 00 ff ff 00 00 01 01 00 00 7c
19:32:33.343       	00 00 49 5f 11 00 00 00 14 00 00 00 14 00 00 00 ff ff 00 00 00 01 00 00 80 01 02 90 01 01 91 01 02
19:32:33.348       	00 00 49 5f 0a 00 00 00 14 00 00 00 14 00 00 00 ff ff 00 00 01 01 00 00 61 0a
19:32:33.349       	00 00 49 5f 0d 00 00 00 14 00 00 00 14 00 00 00 ff ff 00 00 00 01 00 00 00 c0 00 00 0a
19:32:33.349       	00 00 49 5f 09 00 00 00 14 00 00 00 14 00 00 00 ff ff 00 00 01 01 00 00 c0
19:32:33.349       	00 00 49 5f 12 00 00 00 14 00 00 00 14 00 00 00 ff ff 00 00 01 01 00 00 80 01 02 90 02 01 01 91 01 02
19:32:33.349       	00 00 49 5f 0a 00 00 00 14 00 00 00 14 00 00 00 ff ff 00 00 01 01 00 00 90 00
19:32:33.350       	00 00 49 5f 0d 00 00 00 14 00 00 00 14 00 00 00 ff ff 00 00 00 01 00 00 00 a4 00 04 02
19:32:33.351       	00 00 49 5f 09 00 00 00 14 00 00 00 14 00 00 00 ff ff 00 00 01 01 00 00 a4
19:32:33.351       	00 00 49 5f 0a 00 00 00 14 00 00 00 14 00 00 00 ff ff 00 00 00 01 00 00 3f 00
19:32:33.355       	00 00 49 5f 0a 00 00 00 14 00 00 00 14 00 00 00 ff ff 00 00 01 01 00 00 61 2a
19:32:33.356       	00 00 49 5f 0d 00 00 00 14 00 00 00 14 00 00 00 ff ff 00 00 00 01 00 00 00 c0 00 00 2a
19:32:33.356       	00 00 49 5f 09 00 00 00 14 00 00 00 14 00 00 00 ff ff 00 00 01 01 00 00 c0
19:32:33.358       	00 00 46 dd 32 00 00 00 14 00 00 00 14 00 00 00 ff ff 00 00 01 01 00 00 62 28 82 02 78 21 83 02 3f 00 a5 06 80 01 71 87 01 01 8a 01 05 ab 0b 80 01 87 a4 06 83 01 0a 95 01 08 c6 06 90 01 00 83 01 01
19:32:33.358       	00 00 49 5f 0a 00 00 00 14 00 00 00 14 00 00 00 ff ff 00 00 01 01 00 00 90 00
19:32:33.359       	00 00 49 5f 0d 00 00 00 14 00 00 00 14 00 00 00 ff ff 00 00 00 01 00 00 80 10 00 00 1e
19:32:33.360       	00 00 49 5f 09 00 00 00 14 00 00 00 14 00 00 00 ff ff 00 00 01 01 00 00 10
19:32:33.360       	00 00 49 5f 26 00 00 00 14 00 00 00 14 00 00 00 ff ff 00 00 00 01 00 00 00 00 80 00 00 00 00 00 00 00 00 00 00 00 00 00 00 00 00 00 00 00 00 00 00 00 00 00 00 00
19:32:33.457       	00 00 49 5f 0a 00 00 00 14 00 00 00 14 00 00 00 ff ff 00 00 01 01 00 00 90 00
19:32:33.458       	00 00 49 5f 0d 00 00 00 14 00 00 00 14 00 00 00 ff ff 00 00 00 01 00 00 80 7c 00 02 00
19:32:33.459       	00 00 49 5f 0a 00 00 00 14 00 00 00 14 00 00 00 ff ff 00 00 01 01 00 00 90 00
19:32:33.459       	00 00 49 5f 0d 00 00 00 14 00 00 00 14 00 00 00 ff ff 00 00 00 01 02 00 00 a4 00 04 02
19:32:33.460       	00 00 49 5f 09 00 00 00 14 00 00 00 14 00 00 00 ff ff 00 00 01 01 02 00 a4
19:32:33.461       	00 00 49 5f 0a 00 00 00 14 00 00 00 14 00 00 00 ff ff 00 00 00 01 02 00 3f 00
19:32:33.461       	00 00 49 5f 0a 00 00 00 14 00 00 00 14 00 00 00 ff ff 00 00 01 01 02 00 61 2a
19:32:33.462       	00 00 49 5f 0d 00 00 00 14 00 00 00 14 00 00 00 ff ff 00 00 00 01 02 00 00 c0 00 00 2a
19:32:33.462       	00 00 49 5f 09 00 00 00 14 00 00 00 14 00 00 00 ff ff 00 00 01 01 02 00 c0
19:32:33.464       	00 00 46 dd 32 00 00 00 14 00 00 00 14 00 00 00 ff ff 00 00 01 01 02 00 62 28 82 02 78 21 83 02 3f 00 a5 06 80 01 71 87 01 01 8a 01 05 ab 0b 80 01 87 a4 06 83 01 0a 95 01 08 c6 06 90 01 00 83 01 01
19:32:33.464       	00 00 49 5f 0a 00 00 00 14 00 00 00 14 00 00 00 ff ff 00 00 01 01 02 00 90 00
19:32:33.465       	00 00 49 5f 0d 00 00 00 14 00 00 00 14 00 00 00 ff ff 00 00 00 01 02 00 80 aa 00 00 08
19:32:33.465       	00 00 49 5f 09 00 00 00 14 00 00 00 14 00 00 00 ff ff 00 00 01 01 02 00 aa
19:32:33.466       	00 00 49 5f 10 00 00 00 14 00 00 00 14 00 00 00 ff ff 00 00 00 01 02 00 a9 06 82 01 01 83 01 07
19:32:33.471       	00 00 49 5f 0a 00 00 00 14 00 00 00 14 00 00 00 ff ff 00 00 01 01 02 00 90 00
19:32:33.472       	00 00 49 5f 0d 00 00 00 14 00 00 00 14 00 00 00 ff ff 00 00 00 01 02 00 00 a4 08 04 02
19:32:33.472       	00 00 49 5f 09 00 00 00 14 00 00 00 14 00 00 00 ff ff 00 00 01 01 02 00 a4
19:32:33.473       	00 00 49 5f 0a 00 00 00 14 00 00 00 14 00 00 00 ff ff 00 00 00 01 02 00 2f e2
19:32:33.473       	00 00 49 5f 0a 00 00 00 14 00 00 00 14 00 00 00 ff ff 00 00 01 01 02 00 6a 82
19:32:33.474       	00 00 49 5f 0d 00 00 00 14 00 00 00 14 00 00 00 ff ff 00 00 00 01 02 00 00 a4 00 04 02
19:32:33.474       	00 00 49 5f 09 00 00 00 14 00 00 00 14 00 00 00 ff ff 00 00 01 01 02 00 a4
19:32:33.475       	00 00 49 5f 0a 00 00 00 14 00 00 00 14 00 00 00 ff ff 00 00 00 01 02 00 3f 00
19:32:33.475       	00 00 49 5f 0a 00 00 00 14 00 00 00 14 00 00 00 ff ff 00 00 01 01 02 00 61 2a
19:32:33.476       	00 00 49 5f 0d 00 00 00 14 00 00 00 14 00 00 00 ff ff 00 00 00 01 02 00 00 c0 00 00 2a
19:32:33.476       	00 00 49 5f 09 00 00 00 14 00 00 00 14 00 00 00 ff ff 00 00 01 01 02 00 c0
19:32:33.478       	00 00 46 dd 32 00 00 00 14 00 00 00 14 00 00 00 ff ff 00 00 01 01 02 00 62 28 82 02 78 21 83 02 3f 00 a5 06 80 01 71 87 01 01 8a 01 05 ab 0b 80 01 87 a4 06 83 01 0a 95 01 08 c6 06 90 01 00 83 01 01
19:32:33.479       	00 00 49 5f 0a 00 00 00 14 00 00 00 14 00 00 00 ff ff 00 00 01 01 02 00 90 00
19:32:33.479       	00 00 49 5f 0d 00 00 00 14 00 00 00 14 00 00 00 ff ff 00 00 00 01 02 00 00 a4 00 04 02
19:32:33.480       	00 00 49 5f 09 00 00 00 14 00 00 00 14 00 00 00 ff ff 00 00 01 01 02 00 a4
19:32:33.480       	00 00 49 5f 0a 00 00 00 14 00 00 00 14 00 00 00 ff ff 00 00 00 01 02 00 2f e2
19:32:33.481       	00 00 49 5f 0a 00 00 00 14 00 00 00 14 00 00 00 ff ff 00 00 01 01 02 00 6a 82
19:32:33.482       	00 00 49 5f 0d 00 00 00 14 00 00 00 14 00 00 00 ff ff 00 00 00 01 02 00 00 a4 00 04 02
19:32:33.482       	00 00 49 5f 09 00 00 00 14 00 00 00 14 00 00 00 ff ff 00 00 01 01 02 00 a4
19:32:33.483       	00 00 49 5f 0a 00 00 00 14 00 00 00 14 00 00 00 ff ff 00 00 00 01 02 00 3f 00
19:32:33.483       	00 00 49 5f 0a 00 00 00 14 00 00 00 14 00 00 00 ff ff 00 00 01 01 02 00 61 2a
19:32:33.484       	00 00 49 5f 0d 00 00 00 14 00 00 00 14 00 00 00 ff ff 00 00 00 01 02 00 00 c0 00 00 2a
19:32:33.484       	00 00 49 5f 09 00 00 00 14 00 00 00 14 00 00 00 ff ff 00 00 01 01 02 00 c0
19:32:33.486       	00 00 46 dd 32 00 00 00 14 00 00 00 14 00 00 00 ff ff 00 00 01 01 02 00 62 28 82 02 78 21 83 02 3f 00 a5 06 80 01 71 87 01 01 8a 01 05 ab 0b 80 01 87 a4 06 83 01 0a 95 01 08 c6 06 90 01 00 83 01 01
19:32:33.486       	00 00 49 5f 0a 00 00 00 14 00 00 00 14 00 00 00 ff ff 00 00 01 01 02 00 90 00
19:32:33.487       	00 00 49 5f 0d 00 00 00 14 00 00 00 14 00 00 00 ff ff 00 00 00 01 02 00 00 b0 82 00 0a
19:32:33.488       	00 00 49 5f 0a 00 00 00 14 00 00 00 14 00 00 00 ff ff 00 00 01 01 02 00 6a 82
19:32:33.488       	00 00 49 5f 0d 00 00 00 14 00 00 00 14 00 00 00 ff ff 00 00 00 01 02 00 00 b0 82 00 0a
19:32:33.489       	00 00 49 5f 0a 00 00 00 14 00 00 00 14 00 00 00 ff ff 00 00 01 01 02 00 6a 82
19:32:33.490       	00 00 49 5f 0d 00 00 00 14 00 00 00 14 00 00 00 ff ff 00 00 00 01 02 00 00 a4 08 04 02
19:32:33.490       	00 00 49 5f 09 00 00 00 14 00 00 00 14 00 00 00 ff ff 00 00 01 01 02 00 a4
19:32:33.491       	00 00 49 5f 0a 00 00 00 14 00 00 00 14 00 00 00 ff ff 00 00 00 01 02 00 2f 05
19:32:33.492       	00 00 49 5f 0a 00 00 00 14 00 00 00 14 00 00 00 ff ff 00 00 01 01 02 00 6a 82
19:32:33.492       	00 00 49 5f 0d 00 00 00 14 00 00 00 14 00 00 00 ff ff 00 00 00 01 02 00 00 a4 00 04 02
19:32:33.493       	00 00 49 5f 09 00 00 00 14 00 00 00 14 00 00 00 ff ff 00 00 01 01 02 00 a4
19:32:33.493       	00 00 49 5f 0a 00 00 00 14 00 00 00 14 00 00 00 ff ff 00 00 00 01 02 00 3f 00
19:32:33.494       	00 00 49 5f 0a 00 00 00 14 00 00 00 14 00 00 00 ff ff 00 00 01 01 02 00 61 2a
19:32:33.494       	00 00 49 5f 0d 00 00 00 14 00 00 00 14 00 00 00 ff ff 00 00 00 01 02 00 00 c0 00 00 2a
19:32:33.495       	00 00 49 5f 09 00 00 00 14 00 00 00 14 00 00 00 ff ff 00 00 01 01 02 00 c0
19:32:33.497       	00 00 46 dd 32 00 00 00 14 00 00 00 14 00 00 00 ff ff 00 00 01 01 02 00 62 28 82 02 78 21 83 02 3f 00 a5 06 80 01 71 87 01 01 8a 01 05 ab 0b 80 01 87 a4 06 83 01 0a 95 01 08 c6 06 90 01 00 83 01 01
19:32:33.497       	00 00 49 5f 0a 00 00 00 14 00 00 00 14 00 00 00 ff ff 00 00 01 01 02 00 90 00
19:32:33.498       	00 00 49 5f 0d 00 00 00 14 00 00 00 14 00 00 00 ff ff 00 00 00 01 02 00 00 a4 00 04 02
19:32:33.498       	00 00 49 5f 09 00 00 00 14 00 00 00 14 00 00 00 ff ff 00 00 01 01 02 00 a4
19:32:33.499       	00 00 49 5f 0a 00 00 00 14 00 00 00 14 00 00 00 ff ff 00 00 00 01 02 00 2f 05
19:32:33.499       	00 00 49 5f 0a 00 00 00 14 00 00 00 14 00 00 00 ff ff 00 00 01 01 02 00 6a 82
19:32:33.500       	00 00 49 5f 0d 00 00 00 14 00 00 00 14 00 00 00 ff ff 00 00 00 01 02 00 80 10 00 00 1e
19:32:33.500       	00 00 49 5f 09 00 00 00 14 00 00 00 14 00 00 00 ff ff 00 00 01 01 02 00 10
19:32:33.501       	00 00 49 5f 26 00 00 00 14 00 00 00 14 00 00 00 ff ff 00 00 00 01 02 00 ff ff ff ff 5f dd 00 df ff 03 02 1f e2 00 00 00 c3 c9 00 00 00 00 40 00 50 00 00 00 00 08
19:32:33.607       	00 00 49 5f 0a 00 00 00 14 00 00 00 14 00 00 00 ff ff 00 00 01 01 02 00 91 0f
19:32:33.608       	00 00 49 5f 0d 00 00 00 14 00 00 00 14 00 00 00 ff ff 00 00 00 01 02 00 00 a4 08 04 02
19:32:33.608       	00 00 49 5f 09 00 00 00 14 00 00 00 14 00 00 00 ff ff 00 00 01 01 02 00 a4
19:32:33.609       	00 00 49 5f 0a 00 00 00 14 00 00 00 14 00 00 00 ff ff 00 00 00 01 02 00 2f 00
19:32:33.610       	00 00 49 5f 0a 00 00 00 14 00 00 00 14 00 00 00 ff ff 00 00 01 01 02 00 6a 82
19:32:33.610       	00 00 49 5f 0d 00 00 00 14 00 00 00 14 00 00 00 ff ff 00 00 00 01 02 00 00 a4 00 04 02
19:32:33.611       	00 00 49 5f 09 00 00 00 14 00 00 00 14 00 00 00 ff ff 00 00 01 01 02 00 a4
19:32:33.611       	00 00 49 5f 0a 00 00 00 14 00 00 00 14 00 00 00 ff ff 00 00 00 01 02 00 3f 00
19:32:33.612       	00 00 49 5f 0a 00 00 00 14 00 00 00 14 00 00 00 ff ff 00 00 01 01 02 00 61 2a
19:32:33.612       	00 00 49 5f 0d 00 00 00 14 00 00 00 14 00 00 00 ff ff 00 00 00 01 02 00 00 c0 00 00 2a
19:32:33.613       	00 00 49 5f 09 00 00 00 14 00 00 00 14 00 00 00 ff ff 00 00 01 01 02 00 c0
19:32:33.615       	00 00 46 dd 32 00 00 00 14 00 00 00 14 00 00 00 ff ff 00 00 01 01 02 00 62 28 82 02 78 21 83 02 3f 00 a5 06 80 01 71 87 01 01 8a 01 05 ab 0b 80 01 87 a4 06 83 01 0a 95 01 08 c6 06 90 01 00 83 01 01
19:32:33.615       	00 00 49 5f 0a 00 00 00 14 00 00 00 14 00 00 00 ff ff 00 00 01 01 02 00 91 0f
19:32:33.616       	00 00 49 5f 0d 00 00 00 14 00 00 00 14 00 00 00 ff ff 00 00 00 01 02 00 00 a4 00 04 02
19:32:33.616       	00 00 49 5f 09 00 00 00 14 00 00 00 14 00 00 00 ff ff 00 00 01 01 02 00 a4
19:32:33.617       	00 00 49 5f 0a 00 00 00 14 00 00 00 14 00 00 00 ff ff 00 00 00 01 02 00 2f 00
19:32:33.617       	00 00 49 5f 0a 00 00 00 14 00 00 00 14 00 00 00 ff ff 00 00 01 01 02 00 6a 82
19:32:33.726       	00 00 49 5f 1e 00 00 00 14 00 00 00 14 00 00 00 ff ff 00 00 01 01 00 00 3b 9f 96 80 3f c7 83 80 31 e0 73 f6 21 13 67 56 07 58 e0 24 04 10
19:32:33.832       	00 00 49 5f 0d 00 00 00 14 00 00 00 14 00 00 00 ff ff 00 00 00 01 00 00 80 7c 04 00 09
19:32:33.896       	00 00 49 5f 09 00 00 00 14 00 00 00 14 00 00 00 ff ff 00 00 01 01 00 00 7c
19:32:33.897       	00 00 49 5f 11 00 00 00 14 00 00 00 14 00 00 00 ff ff 00 00 00 01 00 00 80 01 02 90 01 01 91 01 02
19:32:33.902       	00 00 49 5f 0a 00 00 00 14 00 00 00 14 00 00 00 ff ff 00 00 01 01 00 00 61 0a
19:32:33.903       	00 00 49 5f 0d 00 00 00 14 00 00 00 14 00 00 00 ff ff 00 00 00 01 00 00 00 c0 00 00 0a
19:32:33.903       	00 00 49 5f 09 00 00 00 14 00 00 00 14 00 00 00 ff ff 00 00 01 01 00 00 c0
19:32:33.903       	00 00 49 5f 12 00 00 00 14 00 00 00 14 00 00 00 ff ff 00 00 01 01 00 00 80 01 02 90 02 01 01 91 01 02
19:32:33.904       	00 00 49 5f 0a 00 00 00 14 00 00 00 14 00 00 00 ff ff 00 00 01 01 00 00 90 00
19:32:33.904       	00 00 49 5f 0d 00 00 00 14 00 00 00 14 00 00 00 ff ff 00 00 00 01 00 00 00 a4 00 04 02
19:32:33.905       	00 00 49 5f 09 00 00 00 14 00 00 00 14 00 00 00 ff ff 00 00 01 01 00 00 a4
19:32:33.905       	00 00 49 5f 0a 00 00 00 14 00 00 00 14 00 00 00 ff ff 00 00 00 01 00 00 3f 00
19:32:33.909       	00 00 49 5f 0a 00 00 00 14 00 00 00 14 00 00 00 ff ff 00 00 01 01 00 00 61 2a
19:32:33.910       	00 00 49 5f 0d 00 00 00 14 00 00 00 14 00 00 00 ff ff 00 00 00 01 00 00 00 c0 00 00 2a
19:32:33.910       	00 00 49 5f 09 00 00 00 14 00 00 00 14 00 00 00 ff ff 00 00 01 01 00 00 c0
19:32:33.912       	00 00 a8 ff 32 00 00 00 14 00 00 00 14 00 00 00 ff ff 00 00 01 01 00 00 62 28 82 02 78 21 83 02 3f 00 a5 06 80 01 71 87 01 01 8a 01 05 ab 0b 80 01 87 a4 06 83 01 0a 95 01 08 c6 06 90 01 00 83 01 01
19:32:33.912       	00 00 49 5f 0a 00 00 00 14 00 00 00 14 00 00 00 ff ff 00 00 01 01 00 00 90 00
19:32:33.913       	00 00 49 5f 0d 00 00 00 14 00 00 00 14 00 00 00 ff ff 00 00 00 01 00 00 80 aa 00 00 08
19:32:33.914       	00 00 49 5f 09 00 00 00 14 00 00 00 14 00 00 00 ff ff 00 00 01 01 00 00 aa
19:32:33.914       	00 00 49 5f 10 00 00 00 14 00 00 00 14 00 00 00 ff ff 00 00 00 01 00 00 a9 06 82 01 01 83 01 07
19:32:33.919       	00 00 49 5f 0a 00 00 00 14 00 00 00 14 00 00 00 ff ff 00 00 01 01 00 00 90 00
19:32:33.920       	00 00 49 5f 0d 00 00 00 14 00 00 00 14 00 00 00 ff ff 00 00 00 01 00 00 80 10 00 00 1e
19:32:33.920       	00 00 49 5f 09 00 00 00 14 00 00 00 14 00 00 00 ff ff 00 00 01 01 00 00 10
19:32:33.921       	00 00 49 5f 26 00 00 00 14 00 00 00 14 00 00 00 ff ff 00 00 00 01 00 00 00 00 80 00 00 00 00 00 00 00 00 00 00 00 00 00 00 00 00 00 00 00 00 00 00 00 00 00 00 00
19:32:34.018       	00 00 49 5f 0a 00 00 00 14 00 00 00 14 00 00 00 ff ff 00 00 01 01 00 00 90 00
19:32:34.019       	00 00 49 5f 0d 00 00 00 14 00 00 00 14 00 00 00 ff ff 00 00 00 01 00 00 80 7c 00 02 00
19:32:34.020       	00 00 49 5f 0a 00 00 00 14 00 00 00 14 00 00 00 ff ff 00 00 01 01 00 00 90 00
19:32:34.020       	00 00 49 5f 0d 00 00 00 14 00 00 00 14 00 00 00 ff ff 00 00 00 01 02 00 00 a4 00 04 02
19:32:34.021       	00 00 49 5f 09 00 00 00 14 00 00 00 14 00 00 00 ff ff 00 00 01 01 02 00 a4
19:32:34.021       	00 00 49 5f 0a 00 00 00 14 00 00 00 14 00 00 00 ff ff 00 00 00 01 02 00 3f 00
19:32:34.022       	00 00 49 5f 0a 00 00 00 14 00 00 00 14 00 00 00 ff ff 00 00 01 01 02 00 61 2a
19:32:34.022       	00 00 49 5f 0d 00 00 00 14 00 00 00 14 00 00 00 ff ff 00 00 00 01 02 00 00 c0 00 00 2a
19:32:34.023       	00 00 49 5f 09 00 00 00 14 00 00 00 14 00 00 00 ff ff 00 00 01 01 02 00 c0
19:32:34.025       	00 00 a8 ff 32 00 00 00 14 00 00 00 14 00 00 00 ff ff 00 00 01 01 02 00 62 28 82 02 78 21 83 02 3f 00 a5 06 80 01 71 87 01 01 8a 01 05 ab 0b 80 01 87 a4 06 83 01 0a 95 01 08 c6 06 90 01 00 83 01 01
19:32:34.025       	00 00 49 5f 0a 00 00 00 14 00 00 00 14 00 00 00 ff ff 00 00 01 01 02 00 90 00
19:32:34.025       	00 00 49 5f 0d 00 00 00 14 00 00 00 14 00 00 00 ff ff 00 00 00 01 02 00 80 aa 00 00 08
19:32:34.026       	00 00 49 5f 09 00 00 00 14 00 00 00 14 00 00 00 ff ff 00 00 01 01 02 00 aa
19:32:34.027       	00 00 49 5f 10 00 00 00 14 00 00 00 14 00 00 00 ff ff 00 00 00 01 02 00 a9 06 82 01 01 83 01 07
19:32:34.032       	00 00 49 5f 0a 00 00 00 14 00 00 00 14 00 00 00 ff ff 00 00 01 01 02 00 90 00
19:32:34.032       	00 00 49 5f 0d 00 00 00 14 00 00 00 14 00 00 00 ff ff 00 00 00 01 02 00 00 a4 08 04 02
19:32:34.033       	00 00 49 5f 09 00 00 00 14 00 00 00 14 00 00 00 ff ff 00 00 01 01 02 00 a4
19:32:34.033       	00 00 49 5f 0a 00 00 00 14 00 00 00 14 00 00 00 ff ff 00 00 00 01 02 00 2f e2
19:32:34.034       	00 00 49 5f 0a 00 00 00 14 00 00 00 14 00 00 00 ff ff 00 00 01 01 02 00 6a 82
19:32:34.035       	00 00 49 5f 0d 00 00 00 14 00 00 00 14 00 00 00 ff ff 00 00 00 01 02 00 00 a4 00 04 02
19:32:34.035       	00 00 49 5f 09 00 00 00 14 00 00 00 14 00 00 00 ff ff 00 00 01 01 02 00 a4
19:32:34.036       	00 00 49 5f 0a 00 00 00 14 00 00 00 14 00 00 00 ff ff 00 00 00 01 02 00 3f 00
19:32:34.036       	00 00 49 5f 0a 00 00 00 14 00 00 00 14 00 00 00 ff ff 00 00 01 01 02 00 61 2a
19:32:34.037       	00 00 49 5f 0d 00 00 00 14 00 00 00 14 00 00 00 ff ff 00 00 00 01 02 00 00 c0 00 00 2a
19:32:34.037       	00 00 49 5f 09 00 00 00 14 00 00 00 14 00 00 00 ff ff 00 00 01 01 02 00 c0
19:32:34.039       	00 00 a8 ff 32 00 00 00 14 00 00 00 14 00 00 00 ff ff 00 00 01 01 02 00 62 28 82 02 78 21 83 02 3f 00 a5 06 80 01 71 87 01 01 8a 01 05 ab 0b 80 01 87 a4 06 83 01 0a 95 01 08 c6 06 90 01 00 83 01 01
19:32:34.039       	00 00 49 5f 0a 00 00 00 14 00 00 00 14 00 00 00 ff ff 00 00 01 01 02 00 90 00
19:32:34.040       	00 00 49 5f 0d 00 00 00 14 00 00 00 14 00 00 00 ff ff 00 00 00 01 02 00 00 a4 00 04 02
19:32:34.040       	00 00 49 5f 09 00 00 00 14 00 00 00 14 00 00 00 ff ff 00 00 01 01 02 00 a4
19:32:34.041       	00 00 49 5f 0a 00 00 00 14 00 00 00 14 00 00 00 ff ff 00 00 00 01 02 00 2f e2
19:32:34.042       	00 00 49 5f 0a 00 00 00 14 00 00 00 14 00 00 00 ff ff 00 00 01 01 02 00 6a 82
19:32:34.042       	00 00 49 5f 0d 00 00 00 14 00 00 00 14 00 00 00 ff ff 00 00 00 01 02 00 00 a4 00 04 02
19:32:34.043       	00 00 49 5f 09 00 00 00 14 00 00 00 14 00 00 00 ff ff 00 00 01 01 02 00 a4
19:32:34.043       	00 00 49 5f 0a 00 00 00 14 00 00 00 14 00 00 00 ff ff 00 00 00 01 02 00 3f 00
19:32:34.044       	00 00 49 5f 0a 00 00 00 14 00 00 00 14 00 00 00 ff ff 00 00 01 01 02 00 61 2a
19:32:34.044       	00 00 49 5f 0d 00 00 00 14 00 00 00 14 00 00 00 ff ff 00 00 00 01 02 00 00 c0 00 00 2a
19:32:34.045       	00 00 49 5f 09 00 00 00 14 00 00 00 14 00 00 00 ff ff 00 00 01 01 02 00 c0
19:32:34.047       	00 00 a8 ff 32 00 00 00 14 00 00 00 14 00 00 00 ff ff 00 00 01 01 02 00 62 28 82 02 78 21 83 02 3f 00 a5 06 80 01 71 87 01 01 8a 01 05 ab 0b 80 01 87 a4 06 83 01 0a 95 01 08 c6 06 90 01 00 83 01 01
19:32:34.047       	00 00 49 5f 0a 00 00 00 14 00 00 00 14 00 00 00 ff ff 00 00 01 01 02 00 90 00
19:32:34.048       	00 00 49 5f 0d 00 00 00 14 00 00 00 14 00 00 00 ff ff 00 00 00 01 02 00 00 b0 82 00 0a
19:32:34.048       	00 00 49 5f 0a 00 00 00 14 00 00 00 14 00 00 00 ff ff 00 00 01 01 02 00 6a 82
19:32:34.049       	00 00 49 5f 0d 00 00 00 14 00 00 00 14 00 00 00 ff ff 00 00 00 01 02 00 00 b0 82 00 0a
19:32:34.050       	00 00 49 5f 0a 00 00 00 14 00 00 00 14 00 00 00 ff ff 00 00 01 01 02 00 6a 82
19:32:34.051       	00 00 49 5f 0d 00 00 00 14 00 00 00 14 00 00 00 ff ff 00 00 00 01 02 00 00 a4 08 04 02
19:32:34.051       	00 00 49 5f 09 00 00 00 14 00 00 00 14 00 00 00 ff ff 00 00 01 01 02 00 a4
19:32:34.052       	00 00 49 5f 0a 00 00 00 14 00 00 00 14 00 00 00 ff ff 00 00 00 01 02 00 2f 05
19:32:34.052       	00 00 49 5f 0a 00 00 00 14 00 00 00 14 00 00 00 ff ff 00 00 01 01 02 00 6a 82
19:32:34.053       	00 00 49 5f 0d 00 00 00 14 00 00 00 14 00 00 00 ff ff 00 00 00 01 02 00 00 a4 00 04 02
19:32:34.053       	00 00 49 5f 09 00 00 00 14 00 00 00 14 00 00 00 ff ff 00 00 01 01 02 00 a4
19:32:34.054       	00 00 49 5f 0a 00 00 00 14 00 00 00 14 00 00 00 ff ff 00 00 00 01 02 00 3f 00
19:32:34.054       	00 00 49 5f 0a 00 00 00 14 00 00 00 14 00 00 00 ff ff 00 00 01 01 02 00 61 2a
19:32:34.055       	00 00 49 5f 0d 00 00 00 14 00 00 00 14 00 00 00 ff ff 00 00 00 01 02 00 00 c0 00 00 2a
19:32:34.055       	00 00 49 5f 09 00 00 00 14 00 00 00 14 00 00 00 ff ff 00 00 01 01 02 00 c0
19:32:34.058       	00 00 a8 ff 32 00 00 00 14 00 00 00 14 00 00 00 ff ff 00 00 01 01 02 00 62 28 82 02 78 21 83 02 3f 00 a5 06 80 01 71 87 01 01 8a 01 05 ab 0b 80 01 87 a4 06 83 01 0a 95 01 08 c6 06 90 01 00 83 01 01
19:32:34.058       	00 00 49 5f 0a 00 00 00 14 00 00 00 14 00 00 00 ff ff 00 00 01 01 02 00 90 00
19:32:34.058       	00 00 49 5f 0d 00 00 00 14 00 00 00 14 00 00 00 ff ff 00 00 00 01 02 00 00 a4 00 04 02
19:32:34.059       	00 00 49 5f 09 00 00 00 14 00 00 00 14 00 00 00 ff ff 00 00 01 01 02 00 a4
19:32:34.059       	00 00 49 5f 0a 00 00 00 14 00 00 00 14 00 00 00 ff ff 00 00 00 01 02 00 2f 05
19:32:34.060       	00 00 49 5f 0a 00 00 00 14 00 00 00 14 00 00 00 ff ff 00 00 01 01 02 00 6a 82
19:32:34.061       	00 00 49 5f 0d 00 00 00 14 00 00 00 14 00 00 00 ff ff 00 00 00 01 02 00 80 10 00 00 1e
19:32:34.061       	00 00 49 5f 09 00 00 00 14 00 00 00 14 00 00 00 ff ff 00 00 01 01 02 00 10
19:32:34.062       	00 00 49 5f 26 00 00 00 14 00 00 00 14 00 00 00 ff ff 00 00 00 01 02 00 ff ff ff ff 5f dd 00 df ff 03 02 1f e2 00 00 00 c3 c9 00 00 00 00 40 00 50 00 00 00 00 08
19:32:34.168       	00 00 49 5f 0a 00 00 00 14 00 00 00 14 00 00 00 ff ff 00 00 01 01 02 00 91 0f
19:32:34.169       	00 00 49 5f 0d 00 00 00 14 00 00 00 14 00 00 00 ff ff 00 00 00 01 02 00 00 a4 08 04 02
19:32:34.169       	00 00 49 5f 09 00 00 00 14 00 00 00 14 00 00 00 ff ff 00 00 01 01 02 00 a4
19:32:34.170       	00 00 49 5f 0a 00 00 00 14 00 00 00 14 00 00 00 ff ff 00 00 00 01 02 00 2f 00
19:32:34.170       	00 00 49 5f 0a 00 00 00 14 00 00 00 14 00 00 00 ff ff 00 00 01 01 02 00 6a 82
19:32:34.171       	00 00 49 5f 0d 00 00 00 14 00 00 00 14 00 00 00 ff ff 00 00 00 01 02 00 00 a4 00 04 02
19:32:34.172       	00 00 49 5f 09 00 00 00 14 00 00 00 14 00 00 00 ff ff 00 00 01 01 02 00 a4
19:32:34.172       	00 00 49 5f 0a 00 00 00 14 00 00 00 14 00 00 00 ff ff 00 00 00 01 02 00 3f 00
19:32:34.173       	00 00 49 5f 0a 00 00 00 14 00 00 00 14 00 00 00 ff ff 00 00 01 01 02 00 61 2a
19:32:34.173       	00 00 49 5f 0d 00 00 00 14 00 00 00 14 00 00 00 ff ff 00 00 00 01 02 00 00 c0 00 00 2a
19:32:34.174       	00 00 49 5f 09 00 00 00 14 00 00 00 14 00 00 00 ff ff 00 00 01 01 02 00 c0
19:32:34.176       	00 00 a8 ff 32 00 00 00 14 00 00 00 14 00 00 00 ff ff 00 00 01 01 02 00 62 28 82 02 78 21 83 02 3f 00 a5 06 80 01 71 87 01 01 8a 01 05 ab 0b 80 01 87 a4 06 83 01 0a 95 01 08 c6 06 90 01 00 83 01 01
19:32:34.176       	00 00 49 5f 0a 00 00 00 14 00 00 00 14 00 00 00 ff ff 00 00 01 01 02 00 91 0f
19:32:34.176       	00 00 49 5f 0d 00 00 00 14 00 00 00 14 00 00 00 ff ff 00 00 00 01 02 00 00 a4 00 04 02
19:32:34.177       	00 00 49 5f 09 00 00 00 14 00 00 00 14 00 00 00 ff ff 00 00 01 01 02 00 a4
19:32:34.177       	00 00 49 5f 0a 00 00 00 14 00 00 00 14 00 00 00 ff ff 00 00 00 01 02 00 2f 00
19:32:34.178       	00 00 49 5f 0a 00 00 00 14 00 00 00 14 00 00 00 ff ff 00 00 01 01 02 00 6a 82
19:32:34.289       	00 00 49 5f 1e 00 00 00 14 00 00 00 14 00 00 00 ff ff 00 00 01 01 00 00 3b 9f 96 80 3f c7 83 80 31 e0 73 f6 21 13 67 56 07 58 e0 24 04 10
19:32:34.396       	00 00 49 5f 0d 00 00 00 14 00 00 00 14 00 00 00 ff ff 00 00 00 01 00 00 80 7c 04 00 09
19:32:34.460       	00 00 49 5f 09 00 00 00 14 00 00 00 14 00 00 00 ff ff 00 00 01 01 00 00 7c
19:32:34.461       	00 00 49 5f 11 00 00 00 14 00 00 00 14 00 00 00 ff ff 00 00 00 01 00 00 80 01 02 90 01 01 91 01 02
19:32:34.466       	00 00 49 5f 0a 00 00 00 14 00 00 00 14 00 00 00 ff ff 00 00 01 01 00 00 61 0a
19:32:34.466       	00 00 49 5f 0d 00 00 00 14 00 00 00 14 00 00 00 ff ff 00 00 00 01 00 00 00 c0 00 00 0a
19:32:34.467       	00 00 49 5f 09 00 00 00 14 00 00 00 14 00 00 00 ff ff 00 00 01 01 00 00 c0
19:32:34.467       	00 00 49 5f 12 00 00 00 14 00 00 00 14 00 00 00 ff ff 00 00 01 01 00 00 80 01 02 90 02 01 01 91 01 02
19:32:34.467       	00 00 49 5f 0a 00 00 00 14 00 00 00 14 00 00 00 ff ff 00 00 01 01 00 00 90 00
19:32:34.468       	00 00 49 5f 0d 00 00 00 14 00 00 00 14 00 00 00 ff ff 00 00 00 01 00 00 00 a4 00 04 02
19:32:34.469       	00 00 49 5f 09 00 00 00 14 00 00 00 14 00 00 00 ff ff 00 00 01 01 00 00 a4
19:32:34.469       	00 00 49 5f 0a 00 00 00 14 00 00 00 14 00 00 00 ff ff 00 00 00 01 00 00 3f 00
19:32:34.473       	00 00 49 5f 0a 00 00 00 14 00 00 00 14 00 00 00 ff ff 00 00 01 01 00 00 61 2a
19:32:34.474       	00 00 49 5f 0d 00 00 00 14 00 00 00 14 00 00 00 ff ff 00 00 00 01 00 00 00 c0 00 00 2a
19:32:34.474       	00 00 49 5f 09 00 00 00 14 00 00 00 14 00 00 00 ff ff 00 00 01 01 00 00 c0
19:32:34.476       	00 00 a8 ff 32 00 00 00 14 00 00 00 14 00 00 00 ff ff 00 00 01 01 00 00 62 28 82 02 78 21 83 02 3f 00 a5 06 80 01 71 87 01 01 8a 01 05 ab 0b 80 01 87 a4 06 83 01 0a 95 01 08 c6 06 90 01 00 83 01 01
19:32:34.476       	00 00 49 5f 0a 00 00 00 14 00 00 00 14 00 00 00 ff ff 00 00 01 01 00 00 90 00
19:32:34.477       	00 00 49 5f 0d 00 00 00 14 00 00 00 14 00 00 00 ff ff 00 00 00 01 00 00 80 aa 00 00 08
19:32:34.477       	00 00 49 5f 09 00 00 00 14 00 00 00 14 00 00 00 ff ff 00 00 01 01 00 00 aa
19:32:34.478       	00 00 49 5f 10 00 00 00 14 00 00 00 14 00 00 00 ff ff 00 00 00 01 00 00 a9 06 82 01 01 83 01 07
19:32:34.483       	00 00 49 5f 0a 00 00 00 14 00 00 00 14 00 00 00 ff ff 00 00 01 01 00 00 90 00
19:32:34.484       	00 00 49 5f 0d 00 00 00 14 00 00 00 14 00 00 00 ff ff 00 00 00 01 00 00 80 10 00 00 1e
19:32:34.484       	00 00 49 5f 09 00 00 00 14 00 00 00 14 00 00 00 ff ff 00 00 01 01 00 00 10
19:32:34.485       	00 00 49 5f 26 00 00 00 14 00 00 00 14 00 00 00 ff ff 00 00 00 01 00 00 00 00 80 00 00 00 00 00 00 00 00 00 00 00 00 00 00 00 00 00 00 00 00 00 00 00 00 00 00 00
19:32:34.582       	00 00 49 5f 0a 00 00 00 14 00 00 00 14 00 00 00 ff ff 00 00 01 01 00 00 90 00
19:32:34.582       	00 00 49 5f 0d 00 00 00 14 00 00 00 14 00 00 00 ff ff 00 00 00 01 00 00 80 7c 00 02 00
19:32:34.583       	00 00 49 5f 0a 00 00 00 14 00 00 00 14 00 00 00 ff ff 00 00 01 01 00 00 90 00
19:32:34.584       	00 00 49 5f 0d 00 00 00 14 00 00 00 14 00 00 00 ff ff 00 00 00 01 02 00 00 a4 00 04 02
19:32:34.585       	00 00 49 5f 09 00 00 00 14 00 00 00 14 00 00 00 ff ff 00 00 01 01 02 00 a4
19:32:34.585       	00 00 49 5f 0a 00 00 00 14 00 00 00 14 00 00 00 ff ff 00 00 00 01 02 00 3f 00
19:32:34.586       	00 00 49 5f 0a 00 00 00 14 00 00 00 14 00 00 00 ff ff 00 00 01 01 02 00 61 2a
19:32:34.586       	00 00 49 5f 0d 00 00 00 14 00 00 00 14 00 00 00 ff ff 00 00 00 01 02 00 00 c0 00 00 2a
19:32:34.586       	00 00 49 5f 09 00 00 00 14 00 00 00 14 00 00 00 ff ff 00 00 01 01 02 00 c0
19:32:34.589       	00 00 0b 00 32 00 00 00 14 00 00 00 14 00 00 00 ff ff 00 00 01 01 02 00 62 28 82 02 78 21 83 02 3f 00 a5 06 80 01 71 87 01 01 8a 01 05 ab 0b 80 01 87 a4 06 83 01 0a 95 01 08 c6 06 90 01 00 83 01 01
19:32:34.589       	00 00 49 5f 0a 00 00 00 14 00 00 00 14 00 00 00 ff ff 00 00 01 01 02 00 90 00
19:32:34.590       	00 00 49 5f 0d 00 00 00 14 00 00 00 14 00 00 00 ff ff 00 00 00 01 02 00 80 aa 00 00 08
19:32:34.590       	00 00 49 5f 09 00 00 00 14 00 00 00 14 00 00 00 ff ff 00 00 01 01 02 00 aa
19:32:34.591       	00 00 49 5f 10 00 00 00 14 00 00 00 14 00 00 00 ff ff 00 00 00 01 02 00 a9 06 82 01 01 83 01 07
19:32:34.596       	00 00 49 5f 0a 00 00 00 14 00 00 00 14 00 00 00 ff ff 00 00 01 01 02 00 90 00
19:32:34.596       	00 00 49 5f 0d 00 00 00 14 00 00 00 14 00 00 00 ff ff 00 00 00 01 02 00 00 a4 08 04 02
19:32:34.597       	00 00 49 5f 09 00 00 00 14 00 00 00 14 00 00 00 ff ff 00 00 01 01 02 00 a4
19:32:34.597       	00 00 49 5f 0a 00 00 00 14 00 00 00 14 00 00 00 ff ff 00 00 00 01 02 00 2f e2
19:32:34.598       	00 00 49 5f 0a 00 00 00 14 00 00 00 14 00 00 00 ff ff 00 00 01 01 02 00 6a 82
19:32:34.599       	00 00 49 5f 0d 00 00 00 14 00 00 00 14 00 00 00 ff ff 00 00 00 01 02 00 00 a4 00 04 02
19:32:34.599       	00 00 49 5f 09 00 00 00 14 00 00 00 14 00 00 00 ff ff 00 00 01 01 02 00 a4
19:32:34.600       	00 00 49 5f 0a 00 00 00 14 00 00 00 14 00 00 00 ff ff 00 00 00 01 02 00 3f 00
19:32:34.600       	00 00 49 5f 0a 00 00 00 14 00 00 00 14 00 00 00 ff ff 00 00 01 01 02 00 61 2a
19:32:34.601       	00 00 49 5f 0d 00 00 00 14 00 00 00 14 00 00 00 ff ff 00 00 00 01 02 00 00 c0 00 00 2a
19:32:34.601       	00 00 49 5f 09 00 00 00 14 00 00 00 14 00 00 00 ff ff 00 00 01 01 02 00 c0
19:32:34.603       	00 00 0b 00 32 00 00 00 14 00 00 00 14 00 00 00 ff ff 00 00 01 01 02 00 62 28 82 02 78 21 83 02 3f 00 a5 06 80 01 71 87 01 01 8a 01 05 ab 0b 80 01 87 a4 06 83 01 0a 95 01 08 c6 06 90 01 00 83 01 01
19:32:34.603       	00 00 49 5f 0a 00 00 00 14 00 00 00 14 00 00 00 ff ff 00 00 01 01 02 00 90 00
19:32:34.604       	00 00 49 5f 0d 00 00 00 14 00 00 00 14 00 00 00 ff ff 00 00 00 01 02 00 00 a4 00 04 02
19:32:34.605       	00 00 49 5f 09 00 00 00 14 00 00 00 14 00 00 00 ff ff 00 00 01 01 02 00 a4
19:32:34.605       	00 00 49 5f 0a 00 00 00 14 00 00 00 14 00 00 00 ff ff 00 00 00 01 02 00 2f e2
19:32:34.606       	00 00 49 5f 0a 00 00 00 14 00 00 00 14 00 00 00 ff ff 00 00 01 01 02 00 6a 82
19:32:34.606       	00 00 49 5f 0d 00 00 00 14 00 00 00 14 00 00 00 ff ff 00 00 00 01 02 00 00 a4 00 04 02
19:32:34.607       	00 00 49 5f 09 00 00 00 14 00 00 00 14 00 00 00 ff ff 00 00 01 01 02 00 a4
19:32:34.608       	00 00 49 5f 0a 00 00 00 14 00 00 00 14 00 00 00 ff ff 00 00 00 01 02 00 3f 00
19:32:34.608       	00 00 49 5f 0a 00 00 00 14 00 00 00 14 00 00 00 ff ff 00 00 01 01 02 00 61 2a
19:32:34.609       	00 00 49 5f 0d 00 00 00 14 00 00 00 14 00 00 00 ff ff 00 00 00 01 02 00 00 c0 00 00 2a
19:32:34.609       	00 00 49 5f 09 00 00 00 14 00 00 00 14 00 00 00 ff ff 00 00 01 01 02 00 c0
19:32:34.611       	00 00 0b 00 32 00 00 00 14 00 00 00 14 00 00 00 ff ff 00 00 01 01 02 00 62 28 82 02 78 21 83 02 3f 00 a5 06 80 01 71 87 01 01 8a 01 05 ab 0b 80 01 87 a4 06 83 01 0a 95 01 08 c6 06 90 01 00 83 01 01
19:32:34.611       	00 00 49 5f 0a 00 00 00 14 00 00 00 14 00 00 00 ff ff 00 00 01 01 02 00 90 00
19:32:34.612       	00 00 49 5f 0d 00 00 00 14 00 00 00 14 00 00 00 ff ff 00 00 00 01 02 00 00 b0 82 00 0a
19:32:34.613       	00 00 49 5f 0a 00 00 00 14 00 00 00 14 00 00 00 ff ff 00 00 01 01 02 00 6a 82
19:32:34.613       	00 00 49 5f 0d 00 00 00 14 00 00 00 14 00 00 00 ff ff 00 00 00 01 02 00 00 b0 82 00 0a
19:32:34.614       	00 00 49 5f 0a 00 00 00 14 00 00 00 14 00 00 00 ff ff 00 00 01 01 02 00 6a 82
19:32:34.615       	00 00 49 5f 0d 00 00 00 14 00 00 00 14 00 00 00 ff ff 00 00 00 01 02 00 00 a4 08 04 02
19:32:34.615       	00 00 49 5f 09 00 00 00 14 00 00 00 14 00 00 00 ff ff 00 00 01 01 02 00 a4
19:32:34.616       	00 00 49 5f 0a 00 00 00 14 00 00 00 14 00 00 00 ff ff 00 00 00 01 02 00 2f 05
19:32:34.617       	00 00 49 5f 0a 00 00 00 14 00 00 00 14 00 00 00 ff ff 00 00 01 01 02 00 6a 82
19:32:34.617       	00 00 49 5f 0d 00 00 00 14 00 00 00 14 00 00 00 ff ff 00 00 00 01 02 00 00 a4 00 04 02
19:32:34.618       	00 00 49 5f 09 00 00 00 14 00 00 00 14 00 00 00 ff ff 00 00 01 01 02 00 a4
19:32:34.618       	00 00 49 5f 0a 00 00 00 14 00 00 00 14 00 00 00 ff ff 00 00 00 01 02 00 3f 00
19:32:34.619       	00 00 49 5f 0a 00 00 00 14 00 00 00 14 00 00 00 ff ff 00 00 01 01 02 00 61 2a
19:32:34.619       	00 00 49 5f 0d 00 00 00 14 00 00 00 14 00 00 00 ff ff 00 00 00 01 02 00 00 c0 00 00 2a
19:32:34.620       	00 00 49 5f 09 00 00 00 14 00 00 00 14 00 00 00 ff ff 00 00 01 01 02 00 c0
19:32:34.622       	00 00 0b 00 32 00 00 00 14 00 00 00 14 00 00 00 ff ff 00 00 01 01 02 00 62 28 82 02 78 21 83 02 3f 00 a5 06 80 01 71 87 01 01 8a 01 05 ab 0b 80 01 87 a4 06 83 01 0a 95 01 08 c6 06 90 01 00 83 01 01
19:32:34.622       	00 00 49 5f 0a 00 00 00 14 00 00 00 14 00 00 00 ff ff 00 00 01 01 02 00 90 00
19:32:34.622       	00 00 49 5f 0d 00 00 00 14 00 00 00 14 00 00 00 ff ff 00 00 00 01 02 00 00 a4 00 04 02
19:32:34.623       	00 00 49 5f 09 00 00 00 14 00 00 00 14 00 00 00 ff ff 00 00 01 01 02 00 a4
19:32:34.623       	00 00 49 5f 0a 00 00 00 14 00 00 00 14 00 00 00 ff ff 00 00 00 01 02 00 2f 05
19:32:34.624       	00 00 49 5f 0a 00 00 00 14 00 00 00 14 00 00 00 ff ff 00 00 01 01 02 00 6a 82
19:32:34.625       	00 00 49 5f 0d 00 00 00 14 00 00 00 14 00 00 00 ff ff 00 00 00 01 02 00 80 10 00 00 1e
19:32:34.625       	00 00 49 5f 09 00 00 00 14 00 00 00 14 00 00 00 ff ff 00 00 01 01 02 00 10
19:32:34.626       	00 00 49 5f 26 00 00 00 14 00 00 00 14 00 00 00 ff ff 00 00 00 01 02 00 ff ff ff ff 5f dd 00 df ff 03 02 1f e2 00 00 00 c3 c9 00 00 00 00 40 00 50 00 00 00 00 08
19:32:34.731       	00 00 49 5f 0a 00 00 00 14 00 00 00 14 00 00 00 ff ff 00 00 01 01 02 00 91 0f
19:32:34.732       	00 00 49 5f 0d 00 00 00 14 00 00 00 14 00 00 00 ff ff 00 00 00 01 02 00 00 a4 08 04 02
19:32:34.732       	00 00 49 5f 09 00 00 00 14 00 00 00 14 00 00 00 ff ff 00 00 01 01 02 00 a4
19:32:34.733       	00 00 49 5f 0a 00 00 00 14 00 00 00 14 00 00 00 ff ff 00 00 00 01 02 00 2f 00
19:32:34.733       	00 00 49 5f 0a 00 00 00 14 00 00 00 14 00 00 00 ff ff 00 00 01 01 02 00 6a 82
19:32:34.734       	00 00 49 5f 0d 00 00 00 14 00 00 00 14 00 00 00 ff ff 00 00 00 01 02 00 00 a4 00 04 02
19:32:34.735       	00 00 49 5f 09 00 00 00 14 00 00 00 14 00 00 00 ff ff 00 00 01 01 02 00 a4
19:32:34.735       	00 00 49 5f 0a 00 00 00 14 00 00 00 14 00 00 00 ff ff 00 00 00 01 02 00 3f 00
19:32:34.736       	00 00 49 5f 0a 00 00 00 14 00 00 00 14 00 00 00 ff ff 00 00 01 01 02 00 61 2a
19:32:34.736       	00 00 49 5f 0d 00 00 00 14 00 00 00 14 00 00 00 ff ff 00 00 00 01 02 00 00 c0 00 00 2a
19:32:34.737       	00 00 49 5f 09 00 00 00 14 00 00 00 14 00 00 00 ff ff 00 00 01 01 02 00 c0
19:32:34.739       	00 00 0b 00 32 00 00 00 14 00 00 00 14 00 00 00 ff ff 00 00 01 01 02 00 62 28 82 02 78 21 83 02 3f 00 a5 06 80 01 71 87 01 01 8a 01 05 ab 0b 80 01 87 a4 06 83 01 0a 95 01 08 c6 06 90 01 00 83 01 01
19:32:34.739       	00 00 49 5f 0a 00 00 00 14 00 00 00 14 00 00 00 ff ff 00 00 01 01 02 00 91 0f
19:32:34.739       	00 00 49 5f 0d 00 00 00 14 00 00 00 14 00 00 00 ff ff 00 00 00 01 02 00 00 a4 00 04 02
19:32:34.740       	00 00 49 5f 09 00 00 00 14 00 00 00 14 00 00 00 ff ff 00 00 01 01 02 00 a4
19:32:34.741       	00 00 49 5f 0a 00 00 00 14 00 00 00 14 00 00 00 ff ff 00 00 00 01 02 00 2f 00
19:32:34.741       	00 00 49 5f 0a 00 00 00 14 00 00 00 14 00 00 00 ff ff 00 00 01 01 02 00 6a 82
19:32:34.843       	00 00 49 5f 1e 00 00 00 14 00 00 00 14 00 00 00 ff ff 00 00 01 01 00 00 3b 9f 96 80 3f c7 83 80 31 e0 73 f6 21 13 67 56 07 58 e0 24 04 10
19:32:34.950       	00 00 49 5f 0d 00 00 00 14 00 00 00 14 00 00 00 ff ff 00 00 00 01 00 00 80 7c 04 00 09
19:32:35.015       	00 00 49 5f 09 00 00 00 14 00 00 00 14 00 00 00 ff ff 00 00 01 01 00 00 7c
19:32:35.016       	00 00 49 5f 11 00 00 00 14 00 00 00 14 00 00 00 ff ff 00 00 00 01 00 00 80 01 02 90 01 01 91 01 02
19:32:35.021       	00 00 49 5f 0a 00 00 00 14 00 00 00 14 00 00 00 ff ff 00 00 01 01 00 00 61 0a
19:32:35.022       	00 00 49 5f 0d 00 00 00 14 00 00 00 14 00 00 00 ff ff 00 00 00 01 00 00 00 c0 00 00 0a
19:32:35.022       	00 00 49 5f 09 00 00 00 14 00 00 00 14 00 00 00 ff ff 00 00 01 01 00 00 c0
19:32:35.023       	00 00 49 5f 12 00 00 00 14 00 00 00 14 00 00 00 ff ff 00 00 01 01 00 00 80 01 02 90 02 01 01 91 01 02
19:32:35.023       	00 00 49 5f 0a 00 00 00 14 00 00 00 14 00 00 00 ff ff 00 00 01 01 00 00 90 00
19:32:35.023       	00 00 49 5f 0d 00 00 00 14 00 00 00 14 00 00 00 ff ff 00 00 00 01 00 00 00 a4 00 04 02
19:32:35.024       	00 00 49 5f 09 00 00 00 14 00 00 00 14 00 00 00 ff ff 00 00 01 01 00 00 a4
19:32:35.024       	00 00 49 5f 0a 00 00 00 14 00 00 00 14 00 00 00 ff ff 00 00 00 01 00 00 3f 00
19:32:35.028       	00 00 49 5f 0a 00 00 00 14 00 00 00 14 00 00 00 ff ff 00 00 01 01 00 00 61 2a
19:32:35.029       	00 00 49 5f 0d 00 00 00 14 00 00 00 14 00 00 00 ff ff 00 00 00 01 00 00 00 c0 00 00 2a
19:32:35.029       	00 00 49 5f 09 00 00 00 14 00 00 00 14 00 00 00 ff ff 00 00 01 01 00 00 c0
19:32:35.031       	00 00 0b 00 32 00 00 00 14 00 00 00 14 00 00 00 ff ff 00 00 01 01 00 00 62 28 82 02 78 21 83 02 3f 00 a5 06 80 01 71 87 01 01 8a 01 05 ab 0b 80 01 87 a4 06 83 01 0a 95 01 08 c6 06 90 01 00 83 01 01
19:32:35.032       	00 00 49 5f 0a 00 00 00 14 00 00 00 14 00 00 00 ff ff 00 00 01 01 00 00 90 00
19:32:35.032       	00 00 49 5f 0d 00 00 00 14 00 00 00 14 00 00 00 ff ff 00 00 00 01 00 00 80 aa 00 00 08
19:32:35.033       	00 00 49 5f 09 00 00 00 14 00 00 00 14 00 00 00 ff ff 00 00 01 01 00 00 aa
19:32:35.033       	00 00 49 5f 10 00 00 00 14 00 00 00 14 00 00 00 ff ff 00 00 00 01 00 00 a9 06 82 01 01 83 01 07
19:32:35.038       	00 00 49 5f 0a 00 00 00 14 00 00 00 14 00 00 00 ff ff 00 00 01 01 00 00 90 00
19:32:35.039       	00 00 49 5f 0d 00 00 00 14 00 00 00 14 00 00 00 ff ff 00 00 00 01 00 00 80 10 00 00 1e
19:32:35.039       	00 00 49 5f 09 00 00 00 14 00 00 00 14 00 00 00 ff ff 00 00 01 01 00 00 10
19:32:35.040       	00 00 49 5f 26 00 00 00 14 00 00 00 14 00 00 00 ff ff 00 00 00 01 00 00 00 00 80 00 00 00 00 00 00 00 00 00 00 00 00 00 00 00 00 00 00 00 00 00 00 00 00 00 00 00
19:32:35.137       	00 00 49 5f 0a 00 00 00 14 00 00 00 14 00 00 00 ff ff 00 00 01 01 00 00 90 00
19:32:35.138       	00 00 49 5f 0d 00 00 00 14 00 00 00 14 00 00 00 ff ff 00 00 00 01 00 00 80 7c 00 02 00
19:32:35.139       	00 00 49 5f 0a 00 00 00 14 00 00 00 14 00 00 00 ff ff 00 00 01 01 00 00 90 00
19:32:35.139       	00 00 49 5f 0d 00 00 00 14 00 00 00 14 00 00 00 ff ff 00 00 00 01 02 00 00 a4 00 04 02
19:32:35.140       	00 00 49 5f 09 00 00 00 14 00 00 00 14 00 00 00 ff ff 00 00 01 01 02 00 a4
19:32:35.140       	00 00 49 5f 0a 00 00 00 14 00 00 00 14 00 00 00 ff ff 00 00 00 01 02 00 3f 00
19:32:35.141       	00 00 49 5f 0a 00 00 00 14 00 00 00 14 00 00 00 ff ff 00 00 01 01 02 00 61 2a
19:32:35.141       	00 00 49 5f 0d 00 00 00 14 00 00 00 14 00 00 00 ff ff 00 00 00 01 02 00 00 c0 00 00 2a
19:32:35.142       	00 00 49 5f 09 00 00 00 14 00 00 00 14 00 00 00 ff ff 00 00 01 01 02 00 c0
19:32:35.144       	00 00 0b 00 32 00 00 00 14 00 00 00 14 00 00 00 ff ff 00 00 01 01 02 00 62 28 82 02 78 21 83 02 3f 00 a5 06 80 01 71 87 01 01 8a 01 05 ab 0b 80 01 87 a4 06 83 01 0a 95 01 08 c6 06 90 01 00 83 01 01
19:32:35.144       	00 00 49 5f 0a 00 00 00 14 00 00 00 14 00 00 00 ff ff 00 00 01 01 02 00 90 00
19:32:35.145       	00 00 49 5f 0d 00 00 00 14 00 00 00 14 00 00 00 ff ff 00 00 00 01 02 00 80 aa 00 00 08
19:32:35.145       	00 00 49 5f 09 00 00 00 14 00 00 00 14 00 00 00 ff ff 00 00 01 01 02 00 aa
19:32:35.146       	00 00 49 5f 10 00 00 00 14 00 00 00 14 00 00 00 ff ff 00 00 00 01 02 00 a9 06 82 01 01 83 01 07
19:32:35.151       	00 00 49 5f 0a 00 00 00 14 00 00 00 14 00 00 00 ff ff 00 00 01 01 02 00 90 00
19:32:35.151       	00 00 49 5f 0d 00 00 00 14 00 00 00 14 00 00 00 ff ff 00 00 00 01 02 00 00 a4 08 04 02
19:32:35.152       	00 00 49 5f 09 00 00 00 14 00 00 00 14 00 00 00 ff ff 00 00 01 01 02 00 a4
19:32:35.152       	00 00 49 5f 0a 00 00 00 14 00 00 00 14 00 00 00 ff ff 00 00 00 01 02 00 2f e2
19:32:35.153       	00 00 49 5f 0a 00 00 00 14 00 00 00 14 00 00 00 ff ff 00 00 01 01 02 00 6a 82
19:32:35.154       	00 00 49 5f 0d 00 00 00 14 00 00 00 14 00 00 00 ff ff 00 00 00 01 02 00 00 a4 00 04 02
19:32:35.154       	00 00 49 5f 09 00 00 00 14 00 00 00 14 00 00 00 ff ff 00 00 01 01 02 00 a4
19:32:35.155       	00 00 49 5f 0a 00 00 00 14 00 00 00 14 00 00 00 ff ff 00 00 00 01 02 00 3f 00
19:32:35.155       	00 00 49 5f 0a 00 00 00 14 00 00 00 14 00 00 00 ff ff 00 00 01 01 02 00 61 2a
19:32:35.156       	00 00 49 5f 0d 00 00 00 14 00 00 00 14 00 00 00 ff ff 00 00 00 01 02 00 00 c0 00 00 2a
19:32:35.156       	00 00 49 5f 09 00 00 00 14 00 00 00 14 00 00 00 ff ff 00 00 01 01 02 00 c0
19:32:35.158       	00 00 0b 00 32 00 00 00 14 00 00 00 14 00 00 00 ff ff 00 00 01 01 02 00 62 28 82 02 78 21 83 02 3f 00 a5 06 80 01 71 87 01 01 8a 01 05 ab 0b 80 01 87 a4 06 83 01 0a 95 01 08 c6 06 90 01 00 83 01 01
19:32:35.158       	00 00 49 5f 0a 00 00 00 14 00 00 00 14 00 00 00 ff ff 00 00 01 01 02 00 90 00
19:32:35.159       	00 00 49 5f 0d 00 00 00 14 00 00 00 14 00 00 00 ff ff 00 00 00 01 02 00 00 a4 00 04 02
19:32:35.160       	00 00 49 5f 09 00 00 00 14 00 00 00 14 00 00 00 ff ff 00 00 01 01 02 00 a4
19:32:35.160       	00 00 49 5f 0a 00 00 00 14 00 00 00 14 00 00 00 ff ff 00 00 00 01 02 00 2f e2
19:32:35.161       	00 00 49 5f 0a 00 00 00 14 00 00 00 14 00 00 00 ff ff 00 00 01 01 02 00 6a 82
19:32:35.161       	00 00 49 5f 0d 00 00 00 14 00 00 00 14 00 00 00 ff ff 00 00 00 01 02 00 00 a4 00 04 02
19:32:35.162       	00 00 49 5f 09 00 00 00 14 00 00 00 14 00 00 00 ff ff 00 00 01 01 02 00 a4
19:32:35.162       	00 00 49 5f 0a 00 00 00 14 00 00 00 14 00 00 00 ff ff 00 00 00 01 02 00 3f 00
19:32:35.163       	00 00 49 5f 0a 00 00 00 14 00 00 00 14 00 00 00 ff ff 00 00 01 01 02 00 61 2a
19:32:35.164       	00 00 49 5f 0d 00 00 00 14 00 00 00 14 00 00 00 ff ff 00 00 00 01 02 00 00 c0 00 00 2a
19:32:35.164       	00 00 49 5f 09 00 00 00 14 00 00 00 14 00 00 00 ff ff 00 00 01 01 02 00 c0
19:32:35.166       	00 00 0b 00 32 00 00 00 14 00 00 00 14 00 00 00 ff ff 00 00 01 01 02 00 62 28 82 02 78 21 83 02 3f 00 a5 06 80 01 71 87 01 01 8a 01 05 ab 0b 80 01 87 a4 06 83 01 0a 95 01 08 c6 06 90 01 00 83 01 01
19:32:35.166       	00 00 49 5f 0a 00 00 00 14 00 00 00 14 00 00 00 ff ff 00 00 01 01 02 00 90 00
19:32:35.167       	00 00 49 5f 0d 00 00 00 14 00 00 00 14 00 00 00 ff ff 00 00 00 01 02 00 00 b0 82 00 0a
19:32:35.168       	00 00 49 5f 0a 00 00 00 14 00 00 00 14 00 00 00 ff ff 00 00 01 01 02 00 6a 82
19:32:35.168       	00 00 49 5f 0d 00 00 00 14 00 00 00 14 00 00 00 ff ff 00 00 00 01 02 00 00 b0 82 00 0a
19:32:35.169       	00 00 49 5f 0a 00 00 00 14 00 00 00 14 00 00 00 ff ff 00 00 01 01 02 00 6a 82
19:32:35.170       	00 00 49 5f 0d 00 00 00 14 00 00 00 14 00 00 00 ff ff 00 00 00 01 02 00 00 a4 08 04 02
19:32:35.170       	00 00 49 5f 09 00 00 00 14 00 00 00 14 00 00 00 ff ff 00 00 01 01 02 00 a4
19:32:35.171       	00 00 49 5f 0a 00 00 00 14 00 00 00 14 00 00 00 ff ff 00 00 00 01 02 00 2f 05
19:32:35.172       	00 00 49 5f 0a 00 00 00 14 00 00 00 14 00 00 00 ff ff 00 00 01 01 02 00 6a 82
19:32:35.172       	00 00 49 5f 0d 00 00 00 14 00 00 00 14 00 00 00 ff ff 00 00 00 01 02 00 00 a4 00 04 02
19:32:35.173       	00 00 49 5f 09 00 00 00 14 00 00 00 14 00 00 00 ff ff 00 00 01 01 02 00 a4
19:32:35.173       	00 00 49 5f 0a 00 00 00 14 00 00 00 14 00 00 00 ff ff 00 00 00 01 02 00 3f 00
19:32:35.174       	00 00 49 5f 0a 00 00 00 14 00 00 00 14 00 00 00 ff ff 00 00 01 01 02 00 61 2a
19:32:35.174       	00 00 49 5f 0d 00 00 00 14 00 00 00 14 00 00 00 ff ff 00 00 00 01 02 00 00 c0 00 00 2a
19:32:35.175       	00 00 49 5f 09 00 00 00 14 00 00 00 14 00 00 00 ff ff 00 00 01 01 02 00 c0
19:32:35.177       	00 00 a7 ff 32 00 00 00 14 00 00 00 14 00 00 00 ff ff 00 00 01 01 02 00 62 28 82 02 78 21 83 02 3f 00 a5 06 80 01 71 87 01 01 8a 01 05 ab 0b 80 01 87 a4 06 83 01 0a 95 01 08 c6 06 90 01 00 83 01 01
19:32:35.177       	00 00 49 5f 0a 00 00 00 14 00 00 00 14 00 00 00 ff ff 00 00 01 01 02 00 90 00
19:32:35.178       	00 00 49 5f 0d 00 00 00 14 00 00 00 14 00 00 00 ff ff 00 00 00 01 02 00 00 a4 00 04 02
19:32:35.178       	00 00 49 5f 09 00 00 00 14 00 00 00 14 00 00 00 ff ff 00 00 01 01 02 00 a4
19:32:35.179       	00 00 49 5f 0a 00 00 00 14 00 00 00 14 00 00 00 ff ff 00 00 00 01 02 00 2f 05
19:32:35.179       	00 00 49 5f 0a 00 00 00 14 00 00 00 14 00 00 00 ff ff 00 00 01 01 02 00 6a 82
19:32:35.180       	00 00 49 5f 0d 00 00 00 14 00 00 00 14 00 00 00 ff ff 00 00 00 01 02 00 80 10 00 00 1e
19:32:35.180       	00 00 49 5f 09 00 00 00 14 00 00 00 14 00 00 00 ff ff 00 00 01 01 02 00 10
19:32:35.181       	00 00 49 5f 26 00 00 00 14 00 00 00 14 00 00 00 ff ff 00 00 00 01 02 00 ff ff ff ff 5f dd 00 df ff 03 02 1f e2 00 00 00 c3 c9 00 00 00 00 40 00 50 00 00 00 00 08
19:32:35.286       	00 00 49 5f 0a 00 00 00 14 00 00 00 14 00 00 00 ff ff 00 00 01 01 02 00 91 0f
19:32:35.287       	00 00 49 5f 0d 00 00 00 14 00 00 00 14 00 00 00 ff ff 00 00 00 01 02 00 00 a4 08 04 02
19:32:35.287       	00 00 49 5f 09 00 00 00 14 00 00 00 14 00 00 00 ff ff 00 00 01 01 02 00 a4
19:32:35.288       	00 00 49 5f 0a 00 00 00 14 00 00 00 14 00 00 00 ff ff 00 00 00 01 02 00 2f 00
19:32:35.289       	00 00 49 5f 0a 00 00 00 14 00 00 00 14 00 00 00 ff ff 00 00 01 01 02 00 6a 82
19:32:35.289       	00 00 49 5f 0d 00 00 00 14 00 00 00 14 00 00 00 ff ff 00 00 00 01 02 00 00 a4 00 04 02
19:32:35.290       	00 00 49 5f 09 00 00 00 14 00 00 00 14 00 00 00 ff ff 00 00 01 01 02 00 a4
19:32:35.290       	00 00 49 5f 0a 00 00 00 14 00 00 00 14 00 00 00 ff ff 00 00 00 01 02 00 3f 00
19:32:35.291       	00 00 49 5f 0a 00 00 00 14 00 00 00 14 00 00 00 ff ff 00 00 01 01 02 00 61 2a
19:32:35.291       	00 00 49 5f 0d 00 00 00 14 00 00 00 14 00 00 00 ff ff 00 00 00 01 02 00 00 c0 00 00 2a
19:32:35.292       	00 00 49 5f 09 00 00 00 14 00 00 00 14 00 00 00 ff ff 00 00 01 01 02 00 c0
19:32:35.294       	00 00 a7 ff 32 00 00 00 14 00 00 00 14 00 00 00 ff ff 00 00 01 01 02 00 62 28 82 02 78 21 83 02 3f 00 a5 06 80 01 71 87 01 01 8a 01 05 ab 0b 80 01 87 a4 06 83 01 0a 95 01 08 c6 06 90 01 00 83 01 01
19:32:35.294       	00 00 49 5f 0a 00 00 00 14 00 00 00 14 00 00 00 ff ff 00 00 01 01 02 00 91 0f
19:32:35.295       	00 00 49 5f 0d 00 00 00 14 00 00 00 14 00 00 00 ff ff 00 00 00 01 02 00 00 a4 00 04 02
19:32:35.295       	00 00 49 5f 09 00 00 00 14 00 00 00 14 00 00 00 ff ff 00 00 01 01 02 00 a4
19:32:35.296       	00 00 49 5f 0a 00 00 00 14 00 00 00 14 00 00 00 ff ff 00 00 00 01 02 00 2f 00
19:32:35.296       	00 00 49 5f 0a 00 00 00 14 00 00 00 14 00 00 00 ff ff 00 00 01 01 02 00 6a 82
19:32:35.297       	00 00 49 5f 0d 00 00 00 14 00 00 00 14 00 00 00 ff ff 00 00 00 01 02 00 80 12 00 00 0f
19:32:35.298       	00 00 49 5f 09 00 00 00 14 00 00 00 14 00 00 00 ff ff 00 00 01 01 02 00 12
19:32:35.299       	00 00 49 5f 17 00 00 00 14 00 00 00 14 00 00 00 ff ff 00 00 01 01 02 00 d0 0d 81 03 01 05 00 82 02 81 82 99 02 09 0a
19:32:35.299       	00 00 49 5f 0a 00 00 00 14 00 00 00 14 00 00 00 ff ff 00 00 01 01 02 00 90 00
19:32:35.301       	00 00 49 5f 0d 00 00 00 14 00 00 00 14 00 00 00 ff ff 00 00 00 01 02 00 80 14 00 00 0c
19:32:35.302       	00 00 49 5f 09 00 00 00 14 00 00 00 14 00 00 00 ff ff 00 00 01 01 02 00 14
19:32:35.302       	00 00 49 5f 14 00 00 00 14 00 00 00 14 00 00 00 ff ff 00 00 00 01 02 00 81 03 01 05 00 02 02 82 81 83 01 00
19:32:35.304       	00 00 49 5f 0a 00 00 00 14 00 00 00 14 00 00 00 ff ff 00 00 01 01 02 00 91 0f
19:32:35.305       	00 00 49 5f 0d 00 00 00 14 00 00 00 14 00 00 00 ff ff 00 00 00 01 02 00 80 12 00 00 0f
19:32:35.305       	00 00 49 5f 09 00 00 00 14 00 00 00 14 00 00 00 ff ff 00 00 01 01 02 00 12
19:32:35.306       	00 00 49 5f 17 00 00 00 14 00 00 00 14 00 00 00 ff ff 00 00 01 01 02 00 d0 0d 81 03 01 03 00 82 02 81 82 84 02 01 1e
19:32:35.306       	00 00 49 5f 0a 00 00 00 14 00 00 00 14 00 00 00 ff ff 00 00 01 01 02 00 90 00
19:32:35.308       	00 00 49 5f 0d 00 00 00 14 00 00 00 14 00 00 00 ff ff 00 00 00 01 02 00 80 14 00 00 10
19:32:35.308       	00 00 49 5f 09 00 00 00 14 00 00 00 14 00 00 00 ff ff 00 00 01 01 02 00 14
19:32:35.309       	00 00 49 5f 18 00 00 00 14 00 00 00 14 00 00 00 ff ff 00 00 00 01 02 00 81 03 01 03 00 02 02 82 81 83 01 00 84 02 01 1e
19:32:35.320       	00 00 49 5f 0a 00 00 00 14 00 00 00 14 00 00 00 ff ff 00 00 01 01 02 00 90 00
19:32:36.323       	00 00 49 5f 0d 00 00 00 14 00 00 00 14 00 00 00 ff ff 00 00 00 01 02 00 80 7c 00 00 00
19:32:36.324       	00 00 49 5f 0a 00 00 00 14 00 00 00 14 00 00 00 ff ff 00 00 01 01 02 00 90 00
19:32:36.324       	00 00 49 5f 0d 00 00 00 14 00 00 00 14 00 00 00 ff ff 00 00 00 01 00 00 00 70 00 00 01
19:32:36.325       	00 00 49 5f 09 00 00 00 14 00 00 00 14 00 00 00 ff ff 00 00 01 01 00 00 70
19:32:36.325       	00 00 49 5f 09 00 00 00 14 00 00 00 14 00 00 00 ff ff 00 00 01 01 00 00 01
19:32:36.325       	00 00 49 5f 0a 00 00 00 14 00 00 00 14 00 00 00 ff ff 00 00 01 01 00 00 90 00
19:32:36.326       	00 00 49 5f 0d 00 00 00 14 00 00 00 14 00 00 00 ff ff 00 00 00 01 00 00 01 a4 04 00 10
19:32:36.326       	00 00 49 5f 09 00 00 00 14 00 00 00 14 00 00 00 ff ff 00 00 01 01 00 00 a4
19:32:36.327       	00 00 49 5f 18 00 00 00 14 00 00 00 14 00 00 00 ff ff 00 00 00 01 00 00 a0 00 00 05 59 10 10 ff ff ff ff 89 00 00 01 00
19:32:36.330       	00 00 49 5f 0a 00 00 00 14 00 00 00 14 00 00 00 ff ff 00 00 01 01 00 00 61 24
19:32:36.330       	00 00 49 5f 0d 00 00 00 14 00 00 00 14 00 00 00 ff ff 00 00 00 01 00 00 01 c0 00 00 24
19:32:36.330       	00 00 49 5f 09 00 00 00 14 00 00 00 14 00 00 00 ff ff 00 00 01 01 00 00 c0
19:32:36.332       	00 00 00 00 2c 00 00 00 14 00 00 00 14 00 00 00 ff ff 00 00 01 01 00 00 6f 22 84 10 a0 00 00 05 59 10 10 ff ff ff ff 89 00 00 01 00 a5 04 9f 65 01 ff e0 08 82 03 02 03 00 03 01 00
19:32:36.332       	00 00 49 5f 0a 00 00 00 14 00 00 00 14 00 00 00 ff ff 00 00 01 01 00 00 90 00
19:32:36.334       	00 00 49 5f 0d 00 00 00 14 00 00 00 14 00 00 00 ff ff 00 00 00 01 00 00 81 e2 91 00 06
19:32:36.335       	00 00 49 5f 09 00 00 00 14 00 00 00 14 00 00 00 ff ff 00 00 01 01 00 00 e2
19:32:36.335       	00 00 49 5f 0e 00 00 00 14 00 00 00 14 00 00 00 ff ff 00 00 00 01 00 00 bf 3e 03 5c 01 5a
19:32:36.336       	00 00 49 5f 0a 00 00 00 14 00 00 00 14 00 00 00 ff ff 00 00 01 01 00 00 61 15
19:32:36.336       	00 00 49 5f 0d 00 00 00 14 00 00 00 14 00 00 00 ff ff 00 00 00 01 00 00 01 c0 00 00 15
19:32:36.337       	00 00 49 5f 09 00 00 00 14 00 00 00 14 00 00 00 ff ff 00 00 01 01 00 00 c0
19:32:36.338       	00 00 49 5f 1d 00 00 00 14 00 00 00 14 00 00 00 ff ff 00 00 01 01 00 00 bf 3e 12 5a 10 89 03 40 11 02 44 00 00 00 00 00 00 13 43 39 40
19:32:36.338       	00 00 49 5f 0a 00 00 00 14 00 00 00 14 00 00 00 ff ff 00 00 01 01 00 00 90 00
19:32:36.341       	00 00 49 5f 0d 00 00 00 14 00 00 00 14 00 00 00 ff ff 00 00 00 01 00 00 00 70 80 01 00
19:32:36.341       	00 00 49 5f 0a 00 00 00 14 00 00 00 14 00 00 00 ff ff 00 00 01 01 00 00 90 00
19:32:36.357       	00 00 49 5f 0d 00 00 00 14 00 00 00 14 00 00 00 ff ff 00 00 00 01 00 00 80 7c 00 02 00
19:32:36.358       	00 00 49 5f 0a 00 00 00 14 00 00 00 14 00 00 00 ff ff 00 00 01 01 00 00 90 00
19:32:36.358       	00 00 49 5f 0d 00 00 00 14 00 00 00 14 00 00 00 ff ff 00 00 00 01 02 00 00 a4 08 04 02
19:32:36.359       	00 00 49 5f 09 00 00 00 14 00 00 00 14 00 00 00 ff ff 00 00 01 01 02 00 a4
19:32:36.359       	00 00 49 5f 0a 00 00 00 14 00 00 00 14 00 00 00 ff ff 00 00 00 01 02 00 2f e2
19:32:36.360       	00 00 49 5f 0a 00 00 00 14 00 00 00 14 00 00 00 ff ff 00 00 01 01 02 00 6a 82
19:32:36.361       	00 00 49 5f 0d 00 00 00 14 00 00 00 14 00 00 00 ff ff 00 00 00 01 02 00 00 a4 00 04 02
19:32:36.361       	00 00 49 5f 09 00 00 00 14 00 00 00 14 00 00 00 ff ff 00 00 01 01 02 00 a4
19:32:36.362       	00 00 49 5f 0a 00 00 00 14 00 00 00 14 00 00 00 ff ff 00 00 00 01 02 00 3f 00
19:32:36.362       	00 00 49 5f 0a 00 00 00 14 00 00 00 14 00 00 00 ff ff 00 00 01 01 02 00 61 2a
19:32:36.363       	00 00 49 5f 0d 00 00 00 14 00 00 00 14 00 00 00 ff ff 00 00 00 01 02 00 00 c0 00 00 2a
19:32:36.363       	00 00 49 5f 09 00 00 00 14 00 00 00 14 00 00 00 ff ff 00 00 01 01 02 00 c0
19:32:36.365       	00 00 00 00 32 00 00 00 14 00 00 00 14 00 00 00 ff ff 00 00 01 01 02 00 62 28 82 02 78 21 83 02 3f 00 a5 06 80 01 71 87 01 01 8a 01 05 ab 0b 80 01 87 a4 06 83 01 0a 95 01 08 c6 06 90 01 00 83 01 01
19:32:36.365       	00 00 49 5f 0a 00 00 00 14 00 00 00 14 00 00 00 ff ff 00 00 01 01 02 00 90 00
19:32:36.366       	00 00 49 5f 0d 00 00 00 14 00 00 00 14 00 00 00 ff ff 00 00 00 01 02 00 00 a4 00 04 02
19:32:36.367       	00 00 49 5f 09 00 00 00 14 00 00 00 14 00 00 00 ff ff 00 00 01 01 02 00 a4
19:32:36.367       	00 00 49 5f 0a 00 00 00 14 00 00 00 14 00 00 00 ff ff 00 00 00 01 02 00 2f e2
19:32:36.368       	00 00 49 5f 0a 00 00 00 14 00 00 00 14 00 00 00 ff ff 00 00 01 01 02 00 6a 82
19:32:36.368       	00 00 49 5f 0d 00 00 00 14 00 00 00 14 00 00 00 ff ff 00 00 00 01 02 00 00 a4 00 04 02
19:32:36.369       	00 00 49 5f 09 00 00 00 14 00 00 00 14 00 00 00 ff ff 00 00 01 01 02 00 a4
19:32:36.369       	00 00 49 5f 0a 00 00 00 14 00 00 00 14 00 00 00 ff ff 00 00 00 01 02 00 3f 00
19:32:36.370       	00 00 49 5f 0a 00 00 00 14 00 00 00 14 00 00 00 ff ff 00 00 01 01 02 00 61 2a
19:32:36.370       	00 00 49 5f 0d 00 00 00 14 00 00 00 14 00 00 00 ff ff 00 00 00 01 02 00 00 c0 00 00 2a
19:32:36.371       	00 00 49 5f 09 00 00 00 14 00 00 00 14 00 00 00 ff ff 00 00 01 01 02 00 c0
19:32:36.373       	00 00 00 00 32 00 00 00 14 00 00 00 14 00 00 00 ff ff 00 00 01 01 02 00 62 28 82 02 78 21 83 02 3f 00 a5 06 80 01 71 87 01 01 8a 01 05 ab 0b 80 01 87 a4 06 83 01 0a 95 01 08 c6 06 90 01 00 83 01 01
19:32:36.373       	00 00 49 5f 0a 00 00 00 14 00 00 00 14 00 00 00 ff ff 00 00 01 01 02 00 90 00
19:32:36.374       	00 00 49 5f 0d 00 00 00 14 00 00 00 14 00 00 00 ff ff 00 00 00 01 02 00 00 b0 82 00 0a
19:32:36.375       	00 00 49 5f 0a 00 00 00 14 00 00 00 14 00 00 00 ff ff 00 00 01 01 02 00 6a 82
19:32:36.375       	00 00 49 5f 0d 00 00 00 14 00 00 00 14 00 00 00 ff ff 00 00 00 01 02 00 00 b0 82 00 0a
19:32:36.376       	00 00 49 5f 0a 00 00 00 14 00 00 00 14 00 00 00 ff ff 00 00 01 01 02 00 6a 82
19:32:36.377       	00 00 49 5f 0d 00 00 00 14 00 00 00 14 00 00 00 ff ff 00 00 00 01 02 00 00 a4 08 04 02
19:32:36.377       	00 00 49 5f 09 00 00 00 14 00 00 00 14 00 00 00 ff ff 00 00 01 01 02 00 a4
19:32:36.378       	00 00 49 5f 0a 00 00 00 14 00 00 00 14 00 00 00 ff ff 00 00 00 01 02 00 2f e2
19:32:36.378       	00 00 49 5f 0a 00 00 00 14 00 00 00 14 00 00 00 ff ff 00 00 01 01 02 00 6a 82
19:32:36.379       	00 00 49 5f 0d 00 00 00 14 00 00 00 14 00 00 00 ff ff 00 00 00 01 02 00 00 a4 00 04 02
19:32:36.380       	00 00 49 5f 09 00 00 00 14 00 00 00 14 00 00 00 ff ff 00 00 01 01 02 00 a4
19:32:36.380       	00 00 49 5f 0a 00 00 00 14 00 00 00 14 00 00 00 ff ff 00 00 00 01 02 00 3f 00
19:32:36.381       	00 00 49 5f 0a 00 00 00 14 00 00 00 14 00 00 00 ff ff 00 00 01 01 02 00 61 2a
19:32:36.381       	00 00 49 5f 0d 00 00 00 14 00 00 00 14 00 00 00 ff ff 00 00 00 01 02 00 00 c0 00 00 2a
19:32:36.382       	00 00 49 5f 09 00 00 00 14 00 00 00 14 00 00 00 ff ff 00 00 01 01 02 00 c0
19:32:36.384       	00 00 00 00 32 00 00 00 14 00 00 00 14 00 00 00 ff ff 00 00 01 01 02 00 62 28 82 02 78 21 83 02 3f 00 a5 06 80 01 71 87 01 01 8a 01 05 ab 0b 80 01 87 a4 06 83 01 0a 95 01 08 c6 06 90 01 00 83 01 01
19:32:36.384       	00 00 49 5f 0a 00 00 00 14 00 00 00 14 00 00 00 ff ff 00 00 01 01 02 00 90 00
19:32:36.384       	00 00 49 5f 0d 00 00 00 14 00 00 00 14 00 00 00 ff ff 00 00 00 01 02 00 00 a4 00 04 02
19:32:36.385       	00 00 49 5f 09 00 00 00 14 00 00 00 14 00 00 00 ff ff 00 00 01 01 02 00 a4
19:32:36.385       	00 00 49 5f 0a 00 00 00 14 00 00 00 14 00 00 00 ff ff 00 00 00 01 02 00 2f e2
19:32:36.386       	00 00 49 5f 0a 00 00 00 14 00 00 00 14 00 00 00 ff ff 00 00 01 01 02 00 6a 82
19:32:36.387       	00 00 49 5f 0d 00 00 00 14 00 00 00 14 00 00 00 ff ff 00 00 00 01 02 00 00 a4 00 04 02
19:32:36.387       	00 00 49 5f 09 00 00 00 14 00 00 00 14 00 00 00 ff ff 00 00 01 01 02 00 a4
19:32:36.388       	00 00 49 5f 0a 00 00 00 14 00 00 00 14 00 00 00 ff ff 00 00 00 01 02 00 3f 00
19:32:36.388       	00 00 49 5f 0a 00 00 00 14 00 00 00 14 00 00 00 ff ff 00 00 01 01 02 00 61 2a
19:32:36.389       	00 00 49 5f 0d 00 00 00 14 00 00 00 14 00 00 00 ff ff 00 00 00 01 02 00 00 c0 00 00 2a
19:32:36.389       	00 00 49 5f 09 00 00 00 14 00 00 00 14 00 00 00 ff ff 00 00 01 01 02 00 c0
19:32:36.391       	00 00 00 00 32 00 00 00 14 00 00 00 14 00 00 00 ff ff 00 00 01 01 02 00 62 28 82 02 78 21 83 02 3f 00 a5 06 80 01 71 87 01 01 8a 01 05 ab 0b 80 01 87 a4 06 83 01 0a 95 01 08 c6 06 90 01 00 83 01 01
19:32:36.391       	00 00 49 5f 0a 00 00 00 14 00 00 00 14 00 00 00 ff ff 00 00 01 01 02 00 90 00
19:32:36.392       	00 00 49 5f 0d 00 00 00 14 00 00 00 14 00 00 00 ff ff 00 00 00 01 02 00 00 b0 82 00 0a
19:32:36.393       	00 00 49 5f 0a 00 00 00 14 00 00 00 14 00 00 00 ff ff 00 00 01 01 02 00 6a 82
19:32:36.394       	00 00 49 5f 0d 00 00 00 14 00 00 00 14 00 00 00 ff ff 00 00 00 01 02 00 00 b0 82 00 0a
19:32:36.394       	00 00 49 5f 0a 00 00 00 14 00 00 00 14 00 00 00 ff ff 00 00 01 01 02 00 6a 82
19:32:36.414       	00 00 49 5f 0d 00 00 00 14 00 00 00 14 00 00 00 ff ff 00 00 00 01 02 00 00 a4 08 04 02
19:32:36.414       	00 00 49 5f 09 00 00 00 14 00 00 00 14 00 00 00 ff ff 00 00 01 01 02 00 a4
19:32:36.415       	00 00 49 5f 0a 00 00 00 14 00 00 00 14 00 00 00 ff ff 00 00 00 01 02 00 2f e2
19:32:36.415       	00 00 49 5f 0a 00 00 00 14 00 00 00 14 00 00 00 ff ff 00 00 01 01 02 00 6a 82
19:32:36.416       	00 00 49 5f 0d 00 00 00 14 00 00 00 14 00 00 00 ff ff 00 00 00 01 02 00 00 a4 00 04 02
19:32:36.417       	00 00 49 5f 09 00 00 00 14 00 00 00 14 00 00 00 ff ff 00 00 01 01 02 00 a4
19:32:36.417       	00 00 49 5f 0a 00 00 00 14 00 00 00 14 00 00 00 ff ff 00 00 00 01 02 00 3f 00
19:32:36.418       	00 00 49 5f 0a 00 00 00 14 00 00 00 14 00 00 00 ff ff 00 00 01 01 02 00 61 2a
19:32:36.418       	00 00 49 5f 0d 00 00 00 14 00 00 00 14 00 00 00 ff ff 00 00 00 01 02 00 00 c0 00 00 2a
19:32:36.418       	00 00 49 5f 09 00 00 00 14 00 00 00 14 00 00 00 ff ff 00 00 01 01 02 00 c0
19:32:36.421       	00 00 00 00 32 00 00 00 14 00 00 00 14 00 00 00 ff ff 00 00 01 01 02 00 62 28 82 02 78 21 83 02 3f 00 a5 06 80 01 71 87 01 01 8a 01 05 ab 0b 80 01 87 a4 06 83 01 0a 95 01 08 c6 06 90 01 00 83 01 01
19:32:36.421       	00 00 49 5f 0a 00 00 00 14 00 00 00 14 00 00 00 ff ff 00 00 01 01 02 00 90 00
19:32:36.421       	00 00 49 5f 0d 00 00 00 14 00 00 00 14 00 00 00 ff ff 00 00 00 01 02 00 00 a4 00 04 02
19:32:36.422       	00 00 49 5f 09 00 00 00 14 00 00 00 14 00 00 00 ff ff 00 00 01 01 02 00 a4
19:32:36.422       	00 00 49 5f 0a 00 00 00 14 00 00 00 14 00 00 00 ff ff 00 00 00 01 02 00 2f e2
19:32:36.423       	00 00 49 5f 0a 00 00 00 14 00 00 00 14 00 00 00 ff ff 00 00 01 01 02 00 6a 82
19:32:36.424       	00 00 49 5f 0d 00 00 00 14 00 00 00 14 00 00 00 ff ff 00 00 00 01 02 00 00 a4 00 04 02
19:32:36.425       	00 00 49 5f 09 00 00 00 14 00 00 00 14 00 00 00 ff ff 00 00 01 01 02 00 a4
19:32:36.426       	00 00 49 5f 0a 00 00 00 14 00 00 00 14 00 00 00 ff ff 00 00 00 01 02 00 3f 00
19:32:36.426       	00 00 49 5f 0a 00 00 00 14 00 00 00 14 00 00 00 ff ff 00 00 01 01 02 00 61 2a
19:32:36.427       	00 00 49 5f 0d 00 00 00 14 00 00 00 14 00 00 00 ff ff 00 00 00 01 02 00 00 c0 00 00 2a
19:32:36.427       	00 00 49 5f 09 00 00 00 14 00 00 00 14 00 00 00 ff ff 00 00 01 01 02 00 c0
19:32:36.430       	00 00 00 00 32 00 00 00 14 00 00 00 14 00 00 00 ff ff 00 00 01 01 02 00 62 28 82 02 78 21 83 02 3f 00 a5 06 80 01 71 87 01 01 8a 01 05 ab 0b 80 01 87 a4 06 83 01 0a 95 01 08 c6 06 90 01 00 83 01 01
19:32:36.430       	00 00 49 5f 0a 00 00 00 14 00 00 00 14 00 00 00 ff ff 00 00 01 01 02 00 90 00
19:32:36.431       	00 00 49 5f 0d 00 00 00 14 00 00 00 14 00 00 00 ff ff 00 00 00 01 02 00 00 b0 82 00 0a
19:32:36.431       	00 00 49 5f 0a 00 00 00 14 00 00 00 14 00 00 00 ff ff 00 00 01 01 02 00 6a 82
19:32:36.432       	00 00 49 5f 0d 00 00 00 14 00 00 00 14 00 00 00 ff ff 00 00 00 01 02 00 00 b0 82 00 0a
19:32:36.433       	00 00 49 5f 0a 00 00 00 14 00 00 00 14 00 00 00 ff ff 00 00 01 01 02 00 6a 82
19:32:36.434       	00 00 49 5f 0d 00 00 00 14 00 00 00 14 00 00 00 ff ff 00 00 00 01 02 00 00 a4 08 04 02
19:32:36.434       	00 00 49 5f 09 00 00 00 14 00 00 00 14 00 00 00 ff ff 00 00 01 01 02 00 a4
19:32:36.435       	00 00 49 5f 0a 00 00 00 14 00 00 00 14 00 00 00 ff ff 00 00 00 01 02 00 2f e2
19:32:36.435       	00 00 49 5f 0a 00 00 00 14 00 00 00 14 00 00 00 ff ff 00 00 01 01 02 00 6a 82
19:32:36.436       	00 00 49 5f 0d 00 00 00 14 00 00 00 14 00 00 00 ff ff 00 00 00 01 02 00 00 a4 00 04 02
19:32:36.437       	00 00 49 5f 09 00 00 00 14 00 00 00 14 00 00 00 ff ff 00 00 01 01 02 00 a4
19:32:36.437       	00 00 49 5f 0a 00 00 00 14 00 00 00 14 00 00 00 ff ff 00 00 00 01 02 00 3f 00
19:32:36.437       	00 00 49 5f 0a 00 00 00 14 00 00 00 14 00 00 00 ff ff 00 00 01 01 02 00 61 2a
19:32:36.438       	00 00 49 5f 0d 00 00 00 14 00 00 00 14 00 00 00 ff ff 00 00 00 01 02 00 00 c0 00 00 2a
19:32:36.439       	00 00 49 5f 09 00 00 00 14 00 00 00 14 00 00 00 ff ff 00 00 01 01 02 00 c0
19:32:36.441       	00 00 00 00 32 00 00 00 14 00 00 00 14 00 00 00 ff ff 00 00 01 01 02 00 62 28 82 02 78 21 83 02 3f 00 a5 06 80 01 71 87 01 01 8a 01 05 ab 0b 80 01 87 a4 06 83 01 0a 95 01 08 c6 06 90 01 00 83 01 01
19:32:36.441       	00 00 49 5f 0a 00 00 00 14 00 00 00 14 00 00 00 ff ff 00 00 01 01 02 00 90 00
19:32:36.442       	00 00 49 5f 0d 00 00 00 14 00 00 00 14 00 00 00 ff ff 00 00 00 01 02 00 00 a4 00 04 02
19:32:36.442       	00 00 49 5f 09 00 00 00 14 00 00 00 14 00 00 00 ff ff 00 00 01 01 02 00 a4
19:32:36.443       	00 00 49 5f 0a 00 00 00 14 00 00 00 14 00 00 00 ff ff 00 00 00 01 02 00 2f e2
19:32:36.444       	00 00 49 5f 0a 00 00 00 14 00 00 00 14 00 00 00 ff ff 00 00 01 01 02 00 6a 82
19:32:36.445       	00 00 49 5f 0d 00 00 00 14 00 00 00 14 00 00 00 ff ff 00 00 00 01 02 00 00 a4 00 04 02
19:32:36.445       	00 00 49 5f 09 00 00 00 14 00 00 00 14 00 00 00 ff ff 00 00 01 01 02 00 a4
19:32:36.446       	00 00 49 5f 0a 00 00 00 14 00 00 00 14 00 00 00 ff ff 00 00 00 01 02 00 3f 00
19:32:36.446       	00 00 49 5f 0a 00 00 00 14 00 00 00 14 00 00 00 ff ff 00 00 01 01 02 00 61 2a
19:32:36.447       	00 00 49 5f 0d 00 00 00 14 00 00 00 14 00 00 00 ff ff 00 00 00 01 02 00 00 c0 00 00 2a
19:32:36.447       	00 00 49 5f 09 00 00 00 14 00 00 00 14 00 00 00 ff ff 00 00 01 01 02 00 c0
19:32:36.449       	00 00 00 00 32 00 00 00 14 00 00 00 14 00 00 00 ff ff 00 00 01 01 02 00 62 28 82 02 78 21 83 02 3f 00 a5 06 80 01 71 87 01 01 8a 01 05 ab 0b 80 01 87 a4 06 83 01 0a 95 01 08 c6 06 90 01 00 83 01 01
19:32:36.449       	00 00 49 5f 0a 00 00 00 14 00 00 00 14 00 00 00 ff ff 00 00 01 01 02 00 90 00
19:32:36.450       	00 00 49 5f 0d 00 00 00 14 00 00 00 14 00 00 00 ff ff 00 00 00 01 02 00 00 b0 82 00 0a
19:32:36.451       	00 00 49 5f 0a 00 00 00 14 00 00 00 14 00 00 00 ff ff 00 00 01 01 02 00 6a 82
19:32:36.451       	00 00 49 5f 0d 00 00 00 14 00 00 00 14 00 00 00 ff ff 00 00 00 01 02 00 00 b0 82 00 0a
19:32:36.452       	00 00 49 5f 0a 00 00 00 14 00 00 00 14 00 00 00 ff ff 00 00 01 01 02 00 6a 82
19:32:37.438       	00 00 49 5f 0d 00 00 00 14 00 00 00 14 00 00 00 ff ff 00 00 00 01 02 00 00 a4 08 04 02
19:32:37.439       	00 00 49 5f 09 00 00 00 14 00 00 00 14 00 00 00 ff ff 00 00 01 01 02 00 a4
19:32:37.439       	00 00 49 5f 0a 00 00 00 14 00 00 00 14 00 00 00 ff ff 00 00 00 01 02 00 2f e2
19:32:37.440       	00 00 49 5f 0a 00 00 00 14 00 00 00 14 00 00 00 ff ff 00 00 01 01 02 00 6a 82
19:32:37.441       	00 00 49 5f 0d 00 00 00 14 00 00 00 14 00 00 00 ff ff 00 00 00 01 02 00 00 a4 00 04 02
19:32:37.441       	00 00 49 5f 09 00 00 00 14 00 00 00 14 00 00 00 ff ff 00 00 01 01 02 00 a4
19:32:37.442       	00 00 49 5f 0a 00 00 00 14 00 00 00 14 00 00 00 ff ff 00 00 00 01 02 00 3f 00
19:32:37.442       	00 00 49 5f 0a 00 00 00 14 00 00 00 14 00 00 00 ff ff 00 00 01 01 02 00 61 2a
19:32:37.443       	00 00 49 5f 0d 00 00 00 14 00 00 00 14 00 00 00 ff ff 00 00 00 01 02 00 00 c0 00 00 2a
19:32:37.443       	00 00 49 5f 09 00 00 00 14 00 00 00 14 00 00 00 ff ff 00 00 01 01 02 00 c0
19:32:37.445       	00 00 00 00 32 00 00 00 14 00 00 00 14 00 00 00 ff ff 00 00 01 01 02 00 62 28 82 02 78 21 83 02 3f 00 a5 06 80 01 71 87 01 01 8a 01 05 ab 0b 80 01 87 a4 06 83 01 0a 95 01 08 c6 06 90 01 00 83 01 01
19:32:37.445       	00 00 49 5f 0a 00 00 00 14 00 00 00 14 00 00 00 ff ff 00 00 01 01 02 00 90 00
19:32:37.446       	00 00 49 5f 0d 00 00 00 14 00 00 00 14 00 00 00 ff ff 00 00 00 01 02 00 00 a4 00 04 02
19:32:37.446       	00 00 49 5f 09 00 00 00 14 00 00 00 14 00 00 00 ff ff 00 00 01 01 02 00 a4
19:32:37.447       	00 00 49 5f 0a 00 00 00 14 00 00 00 14 00 00 00 ff ff 00 00 00 01 02 00 2f e2
19:32:37.448       	00 00 49 5f 0a 00 00 00 14 00 00 00 14 00 00 00 ff ff 00 00 01 01 02 00 6a 82
19:32:37.448       	00 00 49 5f 0d 00 00 00 14 00 00 00 14 00 00 00 ff ff 00 00 00 01 02 00 00 a4 00 04 02
19:32:37.449       	00 00 49 5f 09 00 00 00 14 00 00 00 14 00 00 00 ff ff 00 00 01 01 02 00 a4
19:32:37.449       	00 00 49 5f 0a 00 00 00 14 00 00 00 14 00 00 00 ff ff 00 00 00 01 02 00 3f 00
19:32:37.450       	00 00 49 5f 0a 00 00 00 14 00 00 00 14 00 00 00 ff ff 00 00 01 01 02 00 61 2a
19:32:37.450       	00 00 49 5f 0d 00 00 00 14 00 00 00 14 00 00 00 ff ff 00 00 00 01 02 00 00 c0 00 00 2a
19:32:37.451       	00 00 49 5f 09 00 00 00 14 00 00 00 14 00 00 00 ff ff 00 00 01 01 02 00 c0
19:32:37.453       	00 00 00 00 32 00 00 00 14 00 00 00 14 00 00 00 ff ff 00 00 01 01 02 00 62 28 82 02 78 21 83 02 3f 00 a5 06 80 01 71 87 01 01 8a 01 05 ab 0b 80 01 87 a4 06 83 01 0a 95 01 08 c6 06 90 01 00 83 01 01
19:32:37.453       	00 00 49 5f 0a 00 00 00 14 00 00 00 14 00 00 00 ff ff 00 00 01 01 02 00 90 00
19:32:37.454       	00 00 49 5f 0d 00 00 00 14 00 00 00 14 00 00 00 ff ff 00 00 00 01 02 00 00 b0 82 00 0a
19:32:37.455       	00 00 49 5f 0a 00 00 00 14 00 00 00 14 00 00 00 ff ff 00 00 01 01 02 00 6a 82
19:32:37.455       	00 00 49 5f 0d 00 00 00 14 00 00 00 14 00 00 00 ff ff 00 00 00 01 02 00 00 b0 82 00 0a
19:32:37.456       	00 00 49 5f 0a 00 00 00 14 00 00 00 14 00 00 00 ff ff 00 00 01 01 02 00 6a 82
19:32:37.457       	00 00 49 5f 0d 00 00 00 14 00 00 00 14 00 00 00 ff ff 00 00 00 01 02 00 00 a4 08 04 02
19:32:37.457       	00 00 49 5f 09 00 00 00 14 00 00 00 14 00 00 00 ff ff 00 00 01 01 02 00 a4
19:32:37.458       	00 00 49 5f 0a 00 00 00 14 00 00 00 14 00 00 00 ff ff 00 00 00 01 02 00 2f e2
19:32:37.458       	00 00 49 5f 0a 00 00 00 14 00 00 00 14 00 00 00 ff ff 00 00 01 01 02 00 6a 82
19:32:37.459       	00 00 49 5f 0d 00 00 00 14 00 00 00 14 00 00 00 ff ff 00 00 00 01 02 00 00 a4 00 04 02
19:32:37.460       	00 00 49 5f 09 00 00 00 14 00 00 00 14 00 00 00 ff ff 00 00 01 01 02 00 a4
19:32:37.460       	00 00 49 5f 0a 00 00 00 14 00 00 00 14 00 00 00 ff ff 00 00 00 01 02 00 3f 00
19:32:37.461       	00 00 49 5f 0a 00 00 00 14 00 00 00 14 00 00 00 ff ff 00 00 01 01 02 00 61 2a
19:32:37.461       	00 00 49 5f 0d 00 00 00 14 00 00 00 14 00 00 00 ff ff 00 00 00 01 02 00 00 c0 00 00 2a
19:32:37.462       	00 00 49 5f 09 00 00 00 14 00 00 00 14 00 00 00 ff ff 00 00 01 01 02 00 c0
19:32:37.464       	00 00 00 00 32 00 00 00 14 00 00 00 14 00 00 00 ff ff 00 00 01 01 02 00 62 28 82 02 78 21 83 02 3f 00 a5 06 80 01 71 87 01 01 8a 01 05 ab 0b 80 01 87 a4 06 83 01 0a 95 01 08 c6 06 90 01 00 83 01 01
19:32:37.464       	00 00 49 5f 0a 00 00 00 14 00 00 00 14 00 00 00 ff ff 00 00 01 01 02 00 90 00
19:32:37.464       	00 00 49 5f 0d 00 00 00 14 00 00 00 14 00 00 00 ff ff 00 00 00 01 02 00 00 a4 00 04 02
19:32:37.465       	00 00 49 5f 09 00 00 00 14 00 00 00 14 00 00 00 ff ff 00 00 01 01 02 00 a4
19:32:37.465       	00 00 49 5f 0a 00 00 00 14 00 00 00 14 00 00 00 ff ff 00 00 00 01 02 00 2f e2
19:32:37.466       	00 00 49 5f 0a 00 00 00 14 00 00 00 14 00 00 00 ff ff 00 00 01 01 02 00 6a 82
19:32:37.467       	00 00 49 5f 0d 00 00 00 14 00 00 00 14 00 00 00 ff ff 00 00 00 01 02 00 00 a4 00 04 02
19:32:37.467       	00 00 49 5f 09 00 00 00 14 00 00 00 14 00 00 00 ff ff 00 00 01 01 02 00 a4
19:32:37.468       	00 00 49 5f 0a 00 00 00 14 00 00 00 14 00 00 00 ff ff 00 00 00 01 02 00 3f 00
19:32:37.468       	00 00 49 5f 0a 00 00 00 14 00 00 00 14 00 00 00 ff ff 00 00 01 01 02 00 61 2a
19:32:37.469       	00 00 49 5f 0d 00 00 00 14 00 00 00 14 00 00 00 ff ff 00 00 00 01 02 00 00 c0 00 00 2a
19:32:37.469       	00 00 49 5f 09 00 00 00 14 00 00 00 14 00 00 00 ff ff 00 00 01 01 02 00 c0
19:32:37.471       	00 00 00 00 32 00 00 00 14 00 00 00 14 00 00 00 ff ff 00 00 01 01 02 00 62 28 82 02 78 21 83 02 3f 00 a5 06 80 01 71 87 01 01 8a 01 05 ab 0b 80 01 87 a4 06 83 01 0a 95 01 08 c6 06 90 01 00 83 01 01
19:32:37.471       	00 00 49 5f 0a 00 00 00 14 00 00 00 14 00 00 00 ff ff 00 00 01 01 02 00 90 00
19:32:37.472       	00 00 49 5f 0d 00 00 00 14 00 00 00 14 00 00 00 ff ff 00 00 00 01 02 00 00 b0 82 00 0a
19:32:37.473       	00 00 49 5f 0a 00 00 00 14 00 00 00 14 00 00 00 ff ff 00 00 01 01 02 00 6a 82
19:32:37.474       	00 00 49 5f 0d 00 00 00 14 00 00 00 14 00 00 00 ff ff 00 00 00 01 02 00 00 b0 82 00 0a
19:32:37.474       	00 00 49 5f 0a 00 00 00 14 00 00 00 14 00 00 00 ff ff 00 00 01 01 02 00 6a 82
19:32:37.487       	00 00 49 5f 0d 00 00 00 14 00 00 00 14 00 00 00 ff ff 00 00 00 01 02 00 00 a4 08 04 02
19:32:37.488       	00 00 49 5f 09 00 00 00 14 00 00 00 14 00 00 00 ff ff 00 00 01 01 02 00 a4
19:32:37.488       	00 00 49 5f 0a 00 00 00 14 00 00 00 14 00 00 00 ff ff 00 00 00 01 02 00 2f e2
19:32:37.489       	00 00 49 5f 0a 00 00 00 14 00 00 00 14 00 00 00 ff ff 00 00 01 01 02 00 6a 82
19:32:37.490       	00 00 49 5f 0d 00 00 00 14 00 00 00 14 00 00 00 ff ff 00 00 00 01 02 00 00 a4 00 04 02
19:32:37.490       	00 00 49 5f 09 00 00 00 14 00 00 00 14 00 00 00 ff ff 00 00 01 01 02 00 a4
19:32:37.491       	00 00 49 5f 0a 00 00 00 14 00 00 00 14 00 00 00 ff ff 00 00 00 01 02 00 3f 00
19:32:37.491       	00 00 49 5f 0a 00 00 00 14 00 00 00 14 00 00 00 ff ff 00 00 01 01 02 00 61 2a
19:32:37.492       	00 00 49 5f 0d 00 00 00 14 00 00 00 14 00 00 00 ff ff 00 00 00 01 02 00 00 c0 00 00 2a
19:32:37.492       	00 00 49 5f 09 00 00 00 14 00 00 00 14 00 00 00 ff ff 00 00 01 01 02 00 c0
19:32:37.494       	00 00 00 00 32 00 00 00 14 00 00 00 14 00 00 00 ff ff 00 00 01 01 02 00 62 28 82 02 78 21 83 02 3f 00 a5 06 80 01 71 87 01 01 8a 01 05 ab 0b 80 01 87 a4 06 83 01 0a 95 01 08 c6 06 90 01 00 83 01 01
19:32:37.494       	00 00 49 5f 0a 00 00 00 14 00 00 00 14 00 00 00 ff ff 00 00 01 01 02 00 90 00
19:32:37.495       	00 00 49 5f 0d 00 00 00 14 00 00 00 14 00 00 00 ff ff 00 00 00 01 02 00 00 a4 00 04 02
19:32:37.496       	00 00 49 5f 09 00 00 00 14 00 00 00 14 00 00 00 ff ff 00 00 01 01 02 00 a4
19:32:37.496       	00 00 49 5f 0a 00 00 00 14 00 00 00 14 00 00 00 ff ff 00 00 00 01 02 00 2f e2
19:32:37.497       	00 00 49 5f 0a 00 00 00 14 00 00 00 14 00 00 00 ff ff 00 00 01 01 02 00 6a 82
19:32:37.497       	00 00 49 5f 0d 00 00 00 14 00 00 00 14 00 00 00 ff ff 00 00 00 01 02 00 00 a4 00 04 02
19:32:37.498       	00 00 49 5f 09 00 00 00 14 00 00 00 14 00 00 00 ff ff 00 00 01 01 02 00 a4
19:32:37.499       	00 00 49 5f 0a 00 00 00 14 00 00 00 14 00 00 00 ff ff 00 00 00 01 02 00 3f 00
19:32:37.499       	00 00 49 5f 0a 00 00 00 14 00 00 00 14 00 00 00 ff ff 00 00 01 01 02 00 61 2a
19:32:37.500       	00 00 49 5f 0d 00 00 00 14 00 00 00 14 00 00 00 ff ff 00 00 00 01 02 00 00 c0 00 00 2a
19:32:37.500       	00 00 49 5f 09 00 00 00 14 00 00 00 14 00 00 00 ff ff 00 00 01 01 02 00 c0
19:32:37.502       	00 00 00 00 32 00 00 00 14 00 00 00 14 00 00 00 ff ff 00 00 01 01 02 00 62 28 82 02 78 21 83 02 3f 00 a5 06 80 01 71 87 01 01 8a 01 05 ab 0b 80 01 87 a4 06 83 01 0a 95 01 08 c6 06 90 01 00 83 01 01
19:32:37.502       	00 00 49 5f 0a 00 00 00 14 00 00 00 14 00 00 00 ff ff 00 00 01 01 02 00 90 00
19:32:37.503       	00 00 49 5f 0d 00 00 00 14 00 00 00 14 00 00 00 ff ff 00 00 00 01 02 00 00 b0 82 00 0a
19:32:37.504       	00 00 49 5f 0a 00 00 00 14 00 00 00 14 00 00 00 ff ff 00 00 01 01 02 00 6a 82
19:32:37.504       	00 00 49 5f 0d 00 00 00 14 00 00 00 14 00 00 00 ff ff 00 00 00 01 02 00 00 b0 82 00 0a
19:32:37.505       	00 00 49 5f 0a 00 00 00 14 00 00 00 14 00 00 00 ff ff 00 00 01 01 02 00 6a 82
19:32:37.506       	00 00 49 5f 0d 00 00 00 14 00 00 00 14 00 00 00 ff ff 00 00 00 01 02 00 00 a4 08 04 02
19:32:37.506       	00 00 49 5f 09 00 00 00 14 00 00 00 14 00 00 00 ff ff 00 00 01 01 02 00 a4
19:32:37.507       	00 00 49 5f 0a 00 00 00 14 00 00 00 14 00 00 00 ff ff 00 00 00 01 02 00 2f e2
19:32:37.507       	00 00 49 5f 0a 00 00 00 14 00 00 00 14 00 00 00 ff ff 00 00 01 01 02 00 6a 82
19:32:37.508       	00 00 49 5f 0d 00 00 00 14 00 00 00 14 00 00 00 ff ff 00 00 00 01 02 00 00 a4 00 04 02
19:32:37.509       	00 00 49 5f 09 00 00 00 14 00 00 00 14 00 00 00 ff ff 00 00 01 01 02 00 a4
19:32:37.509       	00 00 49 5f 0a 00 00 00 14 00 00 00 14 00 00 00 ff ff 00 00 00 01 02 00 3f 00
19:32:37.510       	00 00 49 5f 0a 00 00 00 14 00 00 00 14 00 00 00 ff ff 00 00 01 01 02 00 61 2a
19:32:37.510       	00 00 49 5f 0d 00 00 00 14 00 00 00 14 00 00 00 ff ff 00 00 00 01 02 00 00 c0 00 00 2a
19:32:37.511       	00 00 49 5f 09 00 00 00 14 00 00 00 14 00 00 00 ff ff 00 00 01 01 02 00 c0
19:32:37.513       	00 00 00 00 32 00 00 00 14 00 00 00 14 00 00 00 ff ff 00 00 01 01 02 00 62 28 82 02 78 21 83 02 3f 00 a5 06 80 01 71 87 01 01 8a 01 05 ab 0b 80 01 87 a4 06 83 01 0a 95 01 08 c6 06 90 01 00 83 01 01
19:32:37.513       	00 00 49 5f 0a 00 00 00 14 00 00 00 14 00 00 00 ff ff 00 00 01 01 02 00 90 00
19:32:37.513       	00 00 49 5f 0d 00 00 00 14 00 00 00 14 00 00 00 ff ff 00 00 00 01 02 00 00 a4 00 04 02
19:32:37.514       	00 00 49 5f 09 00 00 00 14 00 00 00 14 00 00 00 ff ff 00 00 01 01 02 00 a4
19:32:37.514       	00 00 49 5f 0a 00 00 00 14 00 00 00 14 00 00 00 ff ff 00 00 00 01 02 00 2f e2
19:32:37.515       	00 00 49 5f 0a 00 00 00 14 00 00 00 14 00 00 00 ff ff 00 00 01 01 02 00 6a 82
19:32:37.516       	00 00 49 5f 0d 00 00 00 14 00 00 00 14 00 00 00 ff ff 00 00 00 01 02 00 00 a4 00 04 02
19:32:37.516       	00 00 49 5f 09 00 00 00 14 00 00 00 14 00 00 00 ff ff 00 00 01 01 02 00 a4
19:32:37.517       	00 00 49 5f 0a 00 00 00 14 00 00 00 14 00 00 00 ff ff 00 00 00 01 02 00 3f 00
19:32:37.517       	00 00 49 5f 0a 00 00 00 14 00 00 00 14 00 00 00 ff ff 00 00 01 01 02 00 61 2a
19:32:37.518       	00 00 49 5f 0d 00 00 00 14 00 00 00 14 00 00 00 ff ff 00 00 00 01 02 00 00 c0 00 00 2a
19:32:37.518       	00 00 49 5f 09 00 00 00 14 00 00 00 14 00 00 00 ff ff 00 00 01 01 02 00 c0
19:32:37.520       	00 00 00 00 32 00 00 00 14 00 00 00 14 00 00 00 ff ff 00 00 01 01 02 00 62 28 82 02 78 21 83 02 3f 00 a5 06 80 01 71 87 01 01 8a 01 05 ab 0b 80 01 87 a4 06 83 01 0a 95 01 08 c6 06 90 01 00 83 01 01
19:32:37.520       	00 00 49 5f 0a 00 00 00 14 00 00 00 14 00 00 00 ff ff 00 00 01 01 02 00 90 00
19:32:37.521       	00 00 49 5f 0d 00 00 00 14 00 00 00 14 00 00 00 ff ff 00 00 00 01 02 00 00 b0 82 00 0a
19:32:37.522       	00 00 49 5f 0a 00 00 00 14 00 00 00 14 00 00 00 ff ff 00 00 01 01 02 00 6a 82
19:32:37.523       	00 00 49 5f 0d 00 00 00 14 00 00 00 14 00 00 00 ff ff 00 00 00 01 02 00 00 b0 82 00 0a
19:32:37.523       	00 00 49 5f 0a 00 00 00 14 00 00 00 14 00 00 00 ff ff 00 00 01 01 02 00 6a 82
19:32:38.498       	00 00 49 5f 0d 00 00 00 14 00 00 00 14 00 00 00 ff ff 00 00 00 01 02 00 00 a4 08 04 02
19:32:38.499       	00 00 49 5f 09 00 00 00 14 00 00 00 14 00 00 00 ff ff 00 00 01 01 02 00 a4
19:32:38.499       	00 00 49 5f 0a 00 00 00 14 00 00 00 14 00 00 00 ff ff 00 00 00 01 02 00 2f e2
19:32:38.500       	00 00 49 5f 0a 00 00 00 14 00 00 00 14 00 00 00 ff ff 00 00 01 01 02 00 6a 82
19:32:38.501       	00 00 49 5f 0d 00 00 00 14 00 00 00 14 00 00 00 ff ff 00 00 00 01 02 00 00 a4 00 04 02
19:32:38.501       	00 00 49 5f 09 00 00 00 14 00 00 00 14 00 00 00 ff ff 00 00 01 01 02 00 a4
19:32:38.502       	00 00 49 5f 0a 00 00 00 14 00 00 00 14 00 00 00 ff ff 00 00 00 01 02 00 3f 00
19:32:38.502       	00 00 49 5f 0a 00 00 00 14 00 00 00 14 00 00 00 ff ff 00 00 01 01 02 00 61 2a
19:32:38.503       	00 00 49 5f 0d 00 00 00 14 00 00 00 14 00 00 00 ff ff 00 00 00 01 02 00 00 c0 00 00 2a
19:32:38.503       	00 00 49 5f 09 00 00 00 14 00 00 00 14 00 00 00 ff ff 00 00 01 01 02 00 c0
19:32:38.505       	00 00 00 00 32 00 00 00 14 00 00 00 14 00 00 00 ff ff 00 00 01 01 02 00 62 28 82 02 78 21 83 02 3f 00 a5 06 80 01 71 87 01 01 8a 01 05 ab 0b 80 01 87 a4 06 83 01 0a 95 01 08 c6 06 90 01 00 83 01 01
19:32:38.505       	00 00 49 5f 0a 00 00 00 14 00 00 00 14 00 00 00 ff ff 00 00 01 01 02 00 90 00
19:32:38.506       	00 00 49 5f 0d 00 00 00 14 00 00 00 14 00 00 00 ff ff 00 00 00 01 02 00 00 a4 00 04 02
19:32:38.507       	00 00 49 5f 09 00 00 00 14 00 00 00 14 00 00 00 ff ff 00 00 01 01 02 00 a4
19:32:38.507       	00 00 49 5f 0a 00 00 00 14 00 00 00 14 00 00 00 ff ff 00 00 00 01 02 00 2f e2
19:32:38.508       	00 00 49 5f 0a 00 00 00 14 00 00 00 14 00 00 00 ff ff 00 00 01 01 02 00 6a 82
19:32:38.508       	00 00 49 5f 0d 00 00 00 14 00 00 00 14 00 00 00 ff ff 00 00 00 01 02 00 00 a4 00 04 02
19:32:38.509       	00 00 49 5f 09 00 00 00 14 00 00 00 14 00 00 00 ff ff 00 00 01 01 02 00 a4
19:32:38.509       	00 00 49 5f 0a 00 00 00 14 00 00 00 14 00 00 00 ff ff 00 00 00 01 02 00 3f 00
19:32:38.510       	00 00 49 5f 0a 00 00 00 14 00 00 00 14 00 00 00 ff ff 00 00 01 01 02 00 61 2a
19:32:38.510       	00 00 49 5f 0d 00 00 00 14 00 00 00 14 00 00 00 ff ff 00 00 00 01 02 00 00 c0 00 00 2a
19:32:38.511       	00 00 49 5f 09 00 00 00 14 00 00 00 14 00 00 00 ff ff 00 00 01 01 02 00 c0
19:32:38.513       	00 00 00 00 32 00 00 00 14 00 00 00 14 00 00 00 ff ff 00 00 01 01 02 00 62 28 82 02 78 21 83 02 3f 00 a5 06 80 01 71 87 01 01 8a 01 05 ab 0b 80 01 87 a4 06 83 01 0a 95 01 08 c6 06 90 01 00 83 01 01
19:32:38.513       	00 00 49 5f 0a 00 00 00 14 00 00 00 14 00 00 00 ff ff 00 00 01 01 02 00 90 00
19:32:38.514       	00 00 49 5f 0d 00 00 00 14 00 00 00 14 00 00 00 ff ff 00 00 00 01 02 00 00 b0 82 00 0a
19:32:38.515       	00 00 49 5f 0a 00 00 00 14 00 00 00 14 00 00 00 ff ff 00 00 01 01 02 00 6a 82
19:32:38.515       	00 00 49 5f 0d 00 00 00 14 00 00 00 14 00 00 00 ff ff 00 00 00 01 02 00 00 b0 82 00 0a
19:32:38.516       	00 00 49 5f 0a 00 00 00 14 00 00 00 14 00 00 00 ff ff 00 00 01 01 02 00 6a 82
19:32:38.517       	00 00 49 5f 0d 00 00 00 14 00 00 00 14 00 00 00 ff ff 00 00 00 01 02 00 00 a4 08 04 02
19:32:38.517       	00 00 49 5f 09 00 00 00 14 00 00 00 14 00 00 00 ff ff 00 00 01 01 02 00 a4
19:32:38.518       	00 00 49 5f 0a 00 00 00 14 00 00 00 14 00 00 00 ff ff 00 00 00 01 02 00 2f e2
19:32:38.518       	00 00 49 5f 0a 00 00 00 14 00 00 00 14 00 00 00 ff ff 00 00 01 01 02 00 6a 82
19:32:38.519       	00 00 49 5f 0d 00 00 00 14 00 00 00 14 00 00 00 ff ff 00 00 00 01 02 00 00 a4 00 04 02
19:32:38.520       	00 00 49 5f 09 00 00 00 14 00 00 00 14 00 00 00 ff ff 00 00 01 01 02 00 a4
19:32:38.520       	00 00 49 5f 0a 00 00 00 14 00 00 00 14 00 00 00 ff ff 00 00 00 01 02 00 3f 00
19:32:38.521       	00 00 49 5f 0a 00 00 00 14 00 00 00 14 00 00 00 ff ff 00 00 01 01 02 00 61 2a
19:32:38.521       	00 00 49 5f 0d 00 00 00 14 00 00 00 14 00 00 00 ff ff 00 00 00 01 02 00 00 c0 00 00 2a
19:32:38.522       	00 00 49 5f 09 00 00 00 14 00 00 00 14 00 00 00 ff ff 00 00 01 01 02 00 c0
19:32:38.524       	00 00 00 00 32 00 00 00 14 00 00 00 14 00 00 00 ff ff 00 00 01 01 02 00 62 28 82 02 78 21 83 02 3f 00 a5 06 80 01 71 87 01 01 8a 01 05 ab 0b 80 01 87 a4 06 83 01 0a 95 01 08 c6 06 90 01 00 83 01 01
19:32:38.524       	00 00 49 5f 0a 00 00 00 14 00 00 00 14 00 00 00 ff ff 00 00 01 01 02 00 90 00
19:32:38.524       	00 00 49 5f 0d 00 00 00 14 00 00 00 14 00 00 00 ff ff 00 00 00 01 02 00 00 a4 00 04 02
19:32:38.525       	00 00 49 5f 09 00 00 00 14 00 00 00 14 00 00 00 ff ff 00 00 01 01 02 00 a4
19:32:38.525       	00 00 49 5f 0a 00 00 00 14 00 00 00 14 00 00 00 ff ff 00 00 00 01 02 00 2f e2
19:32:38.526       	00 00 49 5f 0a 00 00 00 14 00 00 00 14 00 00 00 ff ff 00 00 01 01 02 00 6a 82
19:32:38.527       	00 00 49 5f 0d 00 00 00 14 00 00 00 14 00 00 00 ff ff 00 00 00 01 02 00 00 a4 00 04 02
19:32:38.527       	00 00 49 5f 09 00 00 00 14 00 00 00 14 00 00 00 ff ff 00 00 01 01 02 00 a4
19:32:38.528       	00 00 49 5f 0a 00 00 00 14 00 00 00 14 00 00 00 ff ff 00 00 00 01 02 00 3f 00
19:32:38.528       	00 00 49 5f 0a 00 00 00 14 00 00 00 14 00 00 00 ff ff 00 00 01 01 02 00 61 2a
19:32:38.529       	00 00 49 5f 0d 00 00 00 14 00 00 00 14 00 00 00 ff ff 00 00 00 01 02 00 00 c0 00 00 2a
19:32:38.529       	00 00 49 5f 09 00 00 00 14 00 00 00 14 00 00 00 ff ff 00 00 01 01 02 00 c0
19:32:38.531       	00 00 00 00 32 00 00 00 14 00 00 00 14 00 00 00 ff ff 00 00 01 01 02 00 62 28 82 02 78 21 83 02 3f 00 a5 06 80 01 71 87 01 01 8a 01 05 ab 0b 80 01 87 a4 06 83 01 0a 95 01 08 c6 06 90 01 00 83 01 01
19:32:38.531       	00 00 49 5f 0a 00 00 00 14 00 00 00 14 00 00 00 ff ff 00 00 01 01 02 00 90 00
19:32:38.532       	00 00 49 5f 0d 00 00 00 14 00 00 00 14 00 00 00 ff ff 00 00 00 01 02 00 00 b0 82 00 0a
19:32:38.533       	00 00 49 5f 0a 00 00 00 14 00 00 00 14 00 00 00 ff ff 00 00 01 01 02 00 6a 82
19:32:38.534       	00 00 49 5f 0d 00 00 00 14 00 00 00 14 00 00 00 ff ff 00 00 00 01 02 00 00 b0 82 00 0a
19:32:38.534       	00 00 49 5f 0a 00 00 00 14 00 00 00 14 00 00 00 ff ff 00 00 01 01 02 00 6a 82
19:32:38.545       	00 00 49 5f 0d 00 00 00 14 00 00 00 14 00 00 00 ff ff 00 00 00 01 02 00 00 a4 08 04 02
19:32:38.545       	00 00 49 5f 09 00 00 00 14 00 00 00 14 00 00 00 ff ff 00 00 01 01 02 00 a4
19:32:38.546       	00 00 49 5f 0a 00 00 00 14 00 00 00 14 00 00 00 ff ff 00 00 00 01 02 00 2f e2
19:32:38.546       	00 00 49 5f 0a 00 00 00 14 00 00 00 14 00 00 00 ff ff 00 00 01 01 02 00 6a 82
19:32:38.547       	00 00 49 5f 0d 00 00 00 14 00 00 00 14 00 00 00 ff ff 00 00 00 01 02 00 00 a4 00 04 02
19:32:38.547       	00 00 49 5f 09 00 00 00 14 00 00 00 14 00 00 00 ff ff 00 00 01 01 02 00 a4
19:32:38.548       	00 00 49 5f 0a 00 00 00 14 00 00 00 14 00 00 00 ff ff 00 00 00 01 02 00 3f 00
19:32:38.548       	00 00 49 5f 0a 00 00 00 14 00 00 00 14 00 00 00 ff ff 00 00 01 01 02 00 61 2a
19:32:38.549       	00 00 49 5f 0d 00 00 00 14 00 00 00 14 00 00 00 ff ff 00 00 00 01 02 00 00 c0 00 00 2a
19:32:38.549       	00 00 49 5f 09 00 00 00 14 00 00 00 14 00 00 00 ff ff 00 00 01 01 02 00 c0
19:32:38.551       	00 00 00 00 32 00 00 00 14 00 00 00 14 00 00 00 ff ff 00 00 01 01 02 00 62 28 82 02 78 21 83 02 3f 00 a5 06 80 01 71 87 01 01 8a 01 05 ab 0b 80 01 87 a4 06 83 01 0a 95 01 08 c6 06 90 01 00 83 01 01
19:32:38.552       	00 00 49 5f 0a 00 00 00 14 00 00 00 14 00 00 00 ff ff 00 00 01 01 02 00 90 00
19:32:38.552       	00 00 49 5f 0d 00 00 00 14 00 00 00 14 00 00 00 ff ff 00 00 00 01 02 00 00 a4 00 04 02
19:32:38.553       	00 00 49 5f 09 00 00 00 14 00 00 00 14 00 00 00 ff ff 00 00 01 01 02 00 a4
19:32:38.553       	00 00 49 5f 0a 00 00 00 14 00 00 00 14 00 00 00 ff ff 00 00 00 01 02 00 2f e2
19:32:38.554       	00 00 49 5f 0a 00 00 00 14 00 00 00 14 00 00 00 ff ff 00 00 01 01 02 00 6a 82
19:32:38.555       	00 00 49 5f 0d 00 00 00 14 00 00 00 14 00 00 00 ff ff 00 00 00 01 02 00 00 a4 00 04 02
19:32:38.555       	00 00 49 5f 09 00 00 00 14 00 00 00 14 00 00 00 ff ff 00 00 01 01 02 00 a4
19:32:38.556       	00 00 49 5f 0a 00 00 00 14 00 00 00 14 00 00 00 ff ff 00 00 00 01 02 00 3f 00
19:32:38.556       	00 00 49 5f 0a 00 00 00 14 00 00 00 14 00 00 00 ff ff 00 00 01 01 02 00 61 2a
19:32:38.557       	00 00 49 5f 0d 00 00 00 14 00 00 00 14 00 00 00 ff ff 00 00 00 01 02 00 00 c0 00 00 2a
19:32:38.557       	00 00 49 5f 09 00 00 00 14 00 00 00 14 00 00 00 ff ff 00 00 01 01 02 00 c0
19:32:38.559       	00 00 00 00 32 00 00 00 14 00 00 00 14 00 00 00 ff ff 00 00 01 01 02 00 62 28 82 02 78 21 83 02 3f 00 a5 06 80 01 71 87 01 01 8a 01 05 ab 0b 80 01 87 a4 06 83 01 0a 95 01 08 c6 06 90 01 00 83 01 01
19:32:38.559       	00 00 49 5f 0a 00 00 00 14 00 00 00 14 00 00 00 ff ff 00 00 01 01 02 00 90 00
19:32:38.560       	00 00 49 5f 0d 00 00 00 14 00 00 00 14 00 00 00 ff ff 00 00 00 01 02 00 00 b0 82 00 0a
19:32:38.561       	00 00 49 5f 0a 00 00 00 14 00 00 00 14 00 00 00 ff ff 00 00 01 01 02 00 6a 82
19:32:38.561       	00 00 49 5f 0d 00 00 00 14 00 00 00 14 00 00 00 ff ff 00 00 00 01 02 00 00 b0 82 00 0a
19:32:38.562       	00 00 49 5f 0a 00 00 00 14 00 00 00 14 00 00 00 ff ff 00 00 01 01 02 00 6a 82
19:32:38.563       	00 00 49 5f 0d 00 00 00 14 00 00 00 14 00 00 00 ff ff 00 00 00 01 02 00 00 a4 08 04 02
19:32:38.563       	00 00 49 5f 09 00 00 00 14 00 00 00 14 00 00 00 ff ff 00 00 01 01 02 00 a4
19:32:38.564       	00 00 49 5f 0a 00 00 00 14 00 00 00 14 00 00 00 ff ff 00 00 00 01 02 00 2f e2
19:32:38.565       	00 00 49 5f 0a 00 00 00 14 00 00 00 14 00 00 00 ff ff 00 00 01 01 02 00 6a 82
19:32:38.565       	00 00 49 5f 0d 00 00 00 14 00 00 00 14 00 00 00 ff ff 00 00 00 01 02 00 00 a4 00 04 02
19:32:38.566       	00 00 49 5f 09 00 00 00 14 00 00 00 14 00 00 00 ff ff 00 00 01 01 02 00 a4
19:32:38.566       	00 00 49 5f 0a 00 00 00 14 00 00 00 14 00 00 00 ff ff 00 00 00 01 02 00 3f 00
19:32:38.567       	00 00 49 5f 0a 00 00 00 14 00 00 00 14 00 00 00 ff ff 00 00 01 01 02 00 61 2a
19:32:38.567       	00 00 49 5f 0d 00 00 00 14 00 00 00 14 00 00 00 ff ff 00 00 00 01 02 00 00 c0 00 00 2a
19:32:38.568       	00 00 49 5f 09 00 00 00 14 00 00 00 14 00 00 00 ff ff 00 00 01 01 02 00 c0
19:32:38.570       	00 00 00 00 32 00 00 00 14 00 00 00 14 00 00 00 ff ff 00 00 01 01 02 00 62 28 82 02 78 21 83 02 3f 00 a5 06 80 01 71 87 01 01 8a 01 05 ab 0b 80 01 87 a4 06 83 01 0a 95 01 08 c6 06 90 01 00 83 01 01
19:32:38.570       	00 00 49 5f 0a 00 00 00 14 00 00 00 14 00 00 00 ff ff 00 00 01 01 02 00 90 00
19:32:38.571       	00 00 49 5f 0d 00 00 00 14 00 00 00 14 00 00 00 ff ff 00 00 00 01 02 00 00 a4 00 04 02
19:32:38.571       	00 00 49 5f 09 00 00 00 14 00 00 00 14 00 00 00 ff ff 00 00 01 01 02 00 a4
19:32:38.572       	00 00 49 5f 0a 00 00 00 14 00 00 00 14 00 00 00 ff ff 00 00 00 01 02 00 2f e2
19:32:38.572       	00 00 49 5f 0a 00 00 00 14 00 00 00 14 00 00 00 ff ff 00 00 01 01 02 00 6a 82
19:32:38.573       	00 00 49 5f 0d 00 00 00 14 00 00 00 14 00 00 00 ff ff 00 00 00 01 02 00 00 a4 00 04 02
19:32:38.573       	00 00 49 5f 09 00 00 00 14 00 00 00 14 00 00 00 ff ff 00 00 01 01 02 00 a4
19:32:38.574       	00 00 49 5f 0a 00 00 00 14 00 00 00 14 00 00 00 ff ff 00 00 00 01 02 00 3f 00
19:32:38.574       	00 00 49 5f 0a 00 00 00 14 00 00 00 14 00 00 00 ff ff 00 00 01 01 02 00 61 2a
19:32:38.575       	00 00 49 5f 0d 00 00 00 14 00 00 00 14 00 00 00 ff ff 00 00 00 01 02 00 00 c0 00 00 2a
19:32:38.575       	00 00 49 5f 09 00 00 00 14 00 00 00 14 00 00 00 ff ff 00 00 01 01 02 00 c0
19:32:38.578       	00 00 00 00 32 00 00 00 14 00 00 00 14 00 00 00 ff ff 00 00 01 01 02 00 62 28 82 02 78 21 83 02 3f 00 a5 06 80 01 71 87 01 01 8a 01 05 ab 0b 80 01 87 a4 06 83 01 0a 95 01 08 c6 06 90 01 00 83 01 01
19:32:38.578       	00 00 49 5f 0a 00 00 00 14 00 00 00 14 00 00 00 ff ff 00 00 01 01 02 00 90 00
19:32:38.578       	00 00 49 5f 0d 00 00 00 14 00 00 00 14 00 00 00 ff ff 00 00 00 01 02 00 00 b0 82 00 0a
19:32:38.579       	00 00 49 5f 0a 00 00 00 14 00 00 00 14 00 00 00 ff ff 00 00 01 01 02 00 6a 82
19:32:38.580       	00 00 49 5f 0d 00 00 00 14 00 00 00 14 00 00 00 ff ff 00 00 00 01 02 00 00 b0 82 00 0a
19:32:38.581       	00 00 49 5f 0a 00 00 00 14 00 00 00 14 00 00 00 ff ff 00 00 01 01 02 00 6a 82
19:32:39.554       	00 00 49 5f 0d 00 00 00 14 00 00 00 14 00 00 00 ff ff 00 00 00 01 02 00 00 a4 08 04 02
19:32:39.554       	00 00 49 5f 09 00 00 00 14 00 00 00 14 00 00 00 ff ff 00 00 01 01 02 00 a4
19:32:39.555       	00 00 49 5f 0a 00 00 00 14 00 00 00 14 00 00 00 ff ff 00 00 00 01 02 00 2f e2
19:32:39.556       	00 00 49 5f 0a 00 00 00 14 00 00 00 14 00 00 00 ff ff 00 00 01 01 02 00 6a 82
19:32:39.556       	00 00 49 5f 0d 00 00 00 14 00 00 00 14 00 00 00 ff ff 00 00 00 01 02 00 00 a4 00 04 02
19:32:39.557       	00 00 49 5f 09 00 00 00 14 00 00 00 14 00 00 00 ff ff 00 00 01 01 02 00 a4
19:32:39.557       	00 00 49 5f 0a 00 00 00 14 00 00 00 14 00 00 00 ff ff 00 00 00 01 02 00 3f 00
19:32:39.558       	00 00 49 5f 0a 00 00 00 14 00 00 00 14 00 00 00 ff ff 00 00 01 01 02 00 61 2a
19:32:39.558       	00 00 49 5f 0d 00 00 00 14 00 00 00 14 00 00 00 ff ff 00 00 00 01 02 00 00 c0 00 00 2a
19:32:39.559       	00 00 49 5f 09 00 00 00 14 00 00 00 14 00 00 00 ff ff 00 00 01 01 02 00 c0
19:32:39.561       	00 00 00 00 32 00 00 00 14 00 00 00 14 00 00 00 ff ff 00 00 01 01 02 00 62 28 82 02 78 21 83 02 3f 00 a5 06 80 01 71 87 01 01 8a 01 05 ab 0b 80 01 87 a4 06 83 01 0a 95 01 08 c6 06 90 01 00 83 01 01
19:32:39.561       	00 00 49 5f 0a 00 00 00 14 00 00 00 14 00 00 00 ff ff 00 00 01 01 02 00 90 00
19:32:39.562       	00 00 49 5f 0d 00 00 00 14 00 00 00 14 00 00 00 ff ff 00 00 00 01 02 00 00 a4 00 04 02
19:32:39.562       	00 00 49 5f 09 00 00 00 14 00 00 00 14 00 00 00 ff ff 00 00 01 01 02 00 a4
19:32:39.563       	00 00 49 5f 0a 00 00 00 14 00 00 00 14 00 00 00 ff ff 00 00 00 01 02 00 2f e2
19:32:39.563       	00 00 49 5f 0a 00 00 00 14 00 00 00 14 00 00 00 ff ff 00 00 01 01 02 00 6a 82
19:32:39.564       	00 00 49 5f 0d 00 00 00 14 00 00 00 14 00 00 00 ff ff 00 00 00 01 02 00 00 a4 00 04 02
19:32:39.564       	00 00 49 5f 09 00 00 00 14 00 00 00 14 00 00 00 ff ff 00 00 01 01 02 00 a4
19:32:39.565       	00 00 49 5f 0a 00 00 00 14 00 00 00 14 00 00 00 ff ff 00 00 00 01 02 00 3f 00
19:32:39.565       	00 00 49 5f 0a 00 00 00 14 00 00 00 14 00 00 00 ff ff 00 00 01 01 02 00 61 2a
19:32:39.566       	00 00 49 5f 0d 00 00 00 14 00 00 00 14 00 00 00 ff ff 00 00 00 01 02 00 00 c0 00 00 2a
19:32:39.566       	00 00 49 5f 09 00 00 00 14 00 00 00 14 00 00 00 ff ff 00 00 01 01 02 00 c0
19:32:39.568       	00 00 00 00 32 00 00 00 14 00 00 00 14 00 00 00 ff ff 00 00 01 01 02 00 62 28 82 02 78 21 83 02 3f 00 a5 06 80 01 71 87 01 01 8a 01 05 ab 0b 80 01 87 a4 06 83 01 0a 95 01 08 c6 06 90 01 00 83 01 01
19:32:39.569       	00 00 49 5f 0a 00 00 00 14 00 00 00 14 00 00 00 ff ff 00 00 01 01 02 00 90 00
19:32:39.569       	00 00 49 5f 0d 00 00 00 14 00 00 00 14 00 00 00 ff ff 00 00 00 01 02 00 00 b0 82 00 0a
19:32:39.570       	00 00 49 5f 0a 00 00 00 14 00 00 00 14 00 00 00 ff ff 00 00 01 01 02 00 6a 82
19:32:39.571       	00 00 49 5f 0d 00 00 00 14 00 00 00 14 00 00 00 ff ff 00 00 00 01 02 00 00 b0 82 00 0a
19:32:39.572       	00 00 49 5f 0a 00 00 00 14 00 00 00 14 00 00 00 ff ff 00 00 01 01 02 00 6a 82
19:32:39.572       	00 00 49 5f 0d 00 00 00 14 00 00 00 14 00 00 00 ff ff 00 00 00 01 02 00 00 a4 08 04 02
19:32:39.573       	00 00 49 5f 09 00 00 00 14 00 00 00 14 00 00 00 ff ff 00 00 01 01 02 00 a4
19:32:39.573       	00 00 49 5f 0a 00 00 00 14 00 00 00 14 00 00 00 ff ff 00 00 00 01 02 00 2f e2
19:32:39.574       	00 00 49 5f 0a 00 00 00 14 00 00 00 14 00 00 00 ff ff 00 00 01 01 02 00 6a 82
19:32:39.575       	00 00 49 5f 0d 00 00 00 14 00 00 00 14 00 00 00 ff ff 00 00 00 01 02 00 00 a4 00 04 02
19:32:39.575       	00 00 49 5f 09 00 00 00 14 00 00 00 14 00 00 00 ff ff 00 00 01 01 02 00 a4
19:32:39.576       	00 00 49 5f 0a 00 00 00 14 00 00 00 14 00 00 00 ff ff 00 00 00 01 02 00 3f 00
19:32:39.576       	00 00 49 5f 0a 00 00 00 14 00 00 00 14 00 00 00 ff ff 00 00 01 01 02 00 61 2a
19:32:39.577       	00 00 49 5f 0d 00 00 00 14 00 00 00 14 00 00 00 ff ff 00 00 00 01 02 00 00 c0 00 00 2a
19:32:39.577       	00 00 49 5f 09 00 00 00 14 00 00 00 14 00 00 00 ff ff 00 00 01 01 02 00 c0
19:32:39.579       	00 00 00 00 32 00 00 00 14 00 00 00 14 00 00 00 ff ff 00 00 01 01 02 00 62 28 82 02 78 21 83 02 3f 00 a5 06 80 01 71 87 01 01 8a 01 05 ab 0b 80 01 87 a4 06 83 01 0a 95 01 08 c6 06 90 01 00 83 01 01
19:32:39.579       	00 00 49 5f 0a 00 00 00 14 00 00 00 14 00 00 00 ff ff 00 00 01 01 02 00 90 00
19:32:39.580       	00 00 49 5f 0d 00 00 00 14 00 00 00 14 00 00 00 ff ff 00 00 00 01 02 00 00 a4 00 04 02
19:32:39.580       	00 00 49 5f 09 00 00 00 14 00 00 00 14 00 00 00 ff ff 00 00 01 01 02 00 a4
19:32:39.581       	00 00 49 5f 0a 00 00 00 14 00 00 00 14 00 00 00 ff ff 00 00 00 01 02 00 2f e2
19:32:39.582       	00 00 49 5f 0a 00 00 00 14 00 00 00 14 00 00 00 ff ff 00 00 01 01 02 00 6a 82
19:32:39.582       	00 00 49 5f 0d 00 00 00 14 00 00 00 14 00 00 00 ff ff 00 00 00 01 02 00 00 a4 00 04 02
19:32:39.583       	00 00 49 5f 09 00 00 00 14 00 00 00 14 00 00 00 ff ff 00 00 01 01 02 00 a4
19:32:39.583       	00 00 49 5f 0a 00 00 00 14 00 00 00 14 00 00 00 ff ff 00 00 00 01 02 00 3f 00
19:32:39.584       	00 00 49 5f 0a 00 00 00 14 00 00 00 14 00 00 00 ff ff 00 00 01 01 02 00 61 2a
19:32:39.584       	00 00 49 5f 0d 00 00 00 14 00 00 00 14 00 00 00 ff ff 00 00 00 01 02 00 00 c0 00 00 2a
19:32:39.585       	00 00 49 5f 09 00 00 00 14 00 00 00 14 00 00 00 ff ff 00 00 01 01 02 00 c0
19:32:39.587       	00 00 00 00 32 00 00 00 14 00 00 00 14 00 00 00 ff ff 00 00 01 01 02 00 62 28 82 02 78 21 83 02 3f 00 a5 06 80 01 71 87 01 01 8a 01 05 ab 0b 80 01 87 a4 06 83 01 0a 95 01 08 c6 06 90 01 00 83 01 01
19:32:39.587       	00 00 49 5f 0a 00 00 00 14 00 00 00 14 00 00 00 ff ff 00 00 01 01 02 00 90 00
19:32:39.588       	00 00 49 5f 0d 00 00 00 14 00 00 00 14 00 00 00 ff ff 00 00 00 01 02 00 00 b0 82 00 0a
19:32:39.588       	00 00 49 5f 0a 00 00 00 14 00 00 00 14 00 00 00 ff ff 00 00 01 01 02 00 6a 82
19:32:39.589       	00 00 49 5f 0d 00 00 00 14 00 00 00 14 00 00 00 ff ff 00 00 00 01 02 00 00 b0 82 00 0a
19:32:39.590       	00 00 49 5f 0a 00 00 00 14 00 00 00 14 00 00 00 ff ff 00 00 01 01 02 00 6a 82
19:32:39.600       	00 00 49 5f 0d 00 00 00 14 00 00 00 14 00 00 00 ff ff 00 00 00 01 02 00 00 a4 08 04 02
19:32:39.600       	00 00 49 5f 09 00 00 00 14 00 00 00 14 00 00 00 ff ff 00 00 01 01 02 00 a4
19:32:39.601       	00 00 49 5f 0a 00 00 00 14 00 00 00 14 00 00 00 ff ff 00 00 00 01 02 00 2f e2
19:32:39.602       	00 00 49 5f 0a 00 00 00 14 00 00 00 14 00 00 00 ff ff 00 00 01 01 02 00 6a 82
19:32:39.602       	00 00 49 5f 0d 00 00 00 14 00 00 00 14 00 00 00 ff ff 00 00 00 01 02 00 00 a4 00 04 02
19:32:39.603       	00 00 49 5f 09 00 00 00 14 00 00 00 14 00 00 00 ff ff 00 00 01 01 02 00 a4
19:32:39.603       	00 00 49 5f 0a 00 00 00 14 00 00 00 14 00 00 00 ff ff 00 00 00 01 02 00 3f 00
19:32:39.604       	00 00 49 5f 0a 00 00 00 14 00 00 00 14 00 00 00 ff ff 00 00 01 01 02 00 61 2a
19:32:39.604       	00 00 49 5f 0d 00 00 00 14 00 00 00 14 00 00 00 ff ff 00 00 00 01 02 00 00 c0 00 00 2a
19:32:39.605       	00 00 49 5f 09 00 00 00 14 00 00 00 14 00 00 00 ff ff 00 00 01 01 02 00 c0
19:32:39.607       	00 00 00 00 32 00 00 00 14 00 00 00 14 00 00 00 ff ff 00 00 01 01 02 00 62 28 82 02 78 21 83 02 3f 00 a5 06 80 01 71 87 01 01 8a 01 05 ab 0b 80 01 87 a4 06 83 01 0a 95 01 08 c6 06 90 01 00 83 01 01
19:32:39.607       	00 00 49 5f 0a 00 00 00 14 00 00 00 14 00 00 00 ff ff 00 00 01 01 02 00 90 00
19:32:39.608       	00 00 49 5f 0d 00 00 00 14 00 00 00 14 00 00 00 ff ff 00 00 00 01 02 00 00 a4 00 04 02
19:32:39.608       	00 00 49 5f 09 00 00 00 14 00 00 00 14 00 00 00 ff ff 00 00 01 01 02 00 a4
19:32:39.609       	00 00 49 5f 0a 00 00 00 14 00 00 00 14 00 00 00 ff ff 00 00 00 01 02 00 2f e2
19:32:39.609       	00 00 49 5f 0a 00 00 00 14 00 00 00 14 00 00 00 ff ff 00 00 01 01 02 00 6a 82
19:32:39.610       	00 00 49 5f 0d 00 00 00 14 00 00 00 14 00 00 00 ff ff 00 00 00 01 02 00 00 a4 00 04 02
19:32:39.610       	00 00 49 5f 09 00 00 00 14 00 00 00 14 00 00 00 ff ff 00 00 01 01 02 00 a4
19:32:39.611       	00 00 49 5f 0a 00 00 00 14 00 00 00 14 00 00 00 ff ff 00 00 00 01 02 00 3f 00
19:32:39.611       	00 00 49 5f 0a 00 00 00 14 00 00 00 14 00 00 00 ff ff 00 00 01 01 02 00 61 2a
19:32:39.612       	00 00 49 5f 0d 00 00 00 14 00 00 00 14 00 00 00 ff ff 00 00 00 01 02 00 00 c0 00 00 2a
19:32:39.612       	00 00 49 5f 09 00 00 00 14 00 00 00 14 00 00 00 ff ff 00 00 01 01 02 00 c0
19:32:39.614       	00 00 00 00 32 00 00 00 14 00 00 00 14 00 00 00 ff ff 00 00 01 01 02 00 62 28 82 02 78 21 83 02 3f 00 a5 06 80 01 71 87 01 01 8a 01 05 ab 0b 80 01 87 a4 06 83 01 0a 95 01 08 c6 06 90 01 00 83 01 01
19:32:39.615       	00 00 49 5f 0a 00 00 00 14 00 00 00 14 00 00 00 ff ff 00 00 01 01 02 00 90 00
19:32:39.615       	00 00 49 5f 0d 00 00 00 14 00 00 00 14 00 00 00 ff ff 00 00 00 01 02 00 00 b0 82 00 0a
19:32:39.616       	00 00 49 5f 0a 00 00 00 14 00 00 00 14 00 00 00 ff ff 00 00 01 01 02 00 6a 82
19:32:39.617       	00 00 49 5f 0d 00 00 00 14 00 00 00 14 00 00 00 ff ff 00 00 00 01 02 00 00 b0 82 00 0a
19:32:39.618       	00 00 49 5f 0a 00 00 00 14 00 00 00 14 00 00 00 ff ff 00 00 01 01 02 00 6a 82
19:32:39.618       	00 00 49 5f 0d 00 00 00 14 00 00 00 14 00 00 00 ff ff 00 00 00 01 02 00 00 a4 08 04 02
19:32:39.619       	00 00 49 5f 09 00 00 00 14 00 00 00 14 00 00 00 ff ff 00 00 01 01 02 00 a4
19:32:39.619       	00 00 49 5f 0a 00 00 00 14 00 00 00 14 00 00 00 ff ff 00 00 00 01 02 00 2f e2
19:32:39.620       	00 00 49 5f 0a 00 00 00 14 00 00 00 14 00 00 00 ff ff 00 00 01 01 02 00 6a 82
19:32:39.621       	00 00 49 5f 0d 00 00 00 14 00 00 00 14 00 00 00 ff ff 00 00 00 01 02 00 00 a4 00 04 02
19:32:39.621       	00 00 49 5f 09 00 00 00 14 00 00 00 14 00 00 00 ff ff 00 00 01 01 02 00 a4
19:32:39.622       	00 00 49 5f 0a 00 00 00 14 00 00 00 14 00 00 00 ff ff 00 00 00 01 02 00 3f 00
19:32:39.622       	00 00 49 5f 0a 00 00 00 14 00 00 00 14 00 00 00 ff ff 00 00 01 01 02 00 61 2a
19:32:39.623       	00 00 49 5f 0d 00 00 00 14 00 00 00 14 00 00 00 ff ff 00 00 00 01 02 00 00 c0 00 00 2a
19:32:39.623       	00 00 49 5f 09 00 00 00 14 00 00 00 14 00 00 00 ff ff 00 00 01 01 02 00 c0
19:32:39.625       	00 00 18 00 32 00 00 00 14 00 00 00 14 00 00 00 ff ff 00 00 01 01 02 00 62 28 82 02 78 21 83 02 3f 00 a5 06 80 01 71 87 01 01 8a 01 05 ab 0b 80 01 87 a4 06 83 01 0a 95 01 08 c6 06 90 01 00 83 01 01
19:32:39.625       	00 00 49 5f 0a 00 00 00 14 00 00 00 14 00 00 00 ff ff 00 00 01 01 02 00 90 00
19:32:39.626       	00 00 49 5f 0d 00 00 00 14 00 00 00 14 00 00 00 ff ff 00 00 00 01 02 00 00 a4 00 04 02
19:32:39.626       	00 00 49 5f 09 00 00 00 14 00 00 00 14 00 00 00 ff ff 00 00 01 01 02 00 a4
19:32:39.627       	00 00 49 5f 0a 00 00 00 14 00 00 00 14 00 00 00 ff ff 00 00 00 01 02 00 2f e2
19:32:39.628       	00 00 49 5f 0a 00 00 00 14 00 00 00 14 00 00 00 ff ff 00 00 01 01 02 00 6a 82
19:32:39.628       	00 00 49 5f 0d 00 00 00 14 00 00 00 14 00 00 00 ff ff 00 00 00 01 02 00 00 a4 00 04 02
19:32:39.629       	00 00 49 5f 09 00 00 00 14 00 00 00 14 00 00 00 ff ff 00 00 01 01 02 00 a4
19:32:39.629       	00 00 49 5f 0a 00 00 00 14 00 00 00 14 00 00 00 ff ff 00 00 00 01 02 00 3f 00
19:32:39.630       	00 00 49 5f 0a 00 00 00 14 00 00 00 14 00 00 00 ff ff 00 00 01 01 02 00 61 2a
19:32:39.630       	00 00 49 5f 0d 00 00 00 14 00 00 00 14 00 00 00 ff ff 00 00 00 01 02 00 00 c0 00 00 2a
19:32:39.631       	00 00 49 5f 09 00 00 00 14 00 00 00 14 00 00 00 ff ff 00 00 01 01 02 00 c0
19:32:39.633       	00 00 18 00 32 00 00 00 14 00 00 00 14 00 00 00 ff ff 00 00 01 01 02 00 62 28 82 02 78 21 83 02 3f 00 a5 06 80 01 71 87 01 01 8a 01 05 ab 0b 80 01 87 a4 06 83 01 0a 95 01 08 c6 06 90 01 00 83 01 01
19:32:39.633       	00 00 49 5f 0a 00 00 00 14 00 00 00 14 00 00 00 ff ff 00 00 01 01 02 00 90 00
19:32:39.634       	00 00 49 5f 0d 00 00 00 14 00 00 00 14 00 00 00 ff ff 00 00 00 01 02 00 00 b0 82 00 0a
19:32:39.635       	00 00 49 5f 0a 00 00 00 14 00 00 00 14 00 00 00 ff ff 00 00 01 01 02 00 6a 82
19:32:39.635       	00 00 49 5f 0d 00 00 00 14 00 00 00 14 00 00 00 ff ff 00 00 00 01 02 00 00 b0 82 00 0a
19:32:39.636       	00 00 49 5f 0a 00 00 00 14 00 00 00 14 00 00 00 ff ff 00 00 01 01 02 00 6a 82
19:32:40.613       	00 00 49 5f 0d 00 00 00 14 00 00 00 14 00 00 00 ff ff 00 00 00 01 02 00 00 a4 08 04 02
19:32:40.613       	00 00 49 5f 09 00 00 00 14 00 00 00 14 00 00 00 ff ff 00 00 01 01 02 00 a4
19:32:40.614       	00 00 49 5f 0a 00 00 00 14 00 00 00 14 00 00 00 ff ff 00 00 00 01 02 00 2f e2
19:32:40.614       	00 00 49 5f 0a 00 00 00 14 00 00 00 14 00 00 00 ff ff 00 00 01 01 02 00 6a 82
19:32:40.615       	00 00 49 5f 0d 00 00 00 14 00 00 00 14 00 00 00 ff ff 00 00 00 01 02 00 00 a4 00 04 02
19:32:40.615       	00 00 49 5f 09 00 00 00 14 00 00 00 14 00 00 00 ff ff 00 00 01 01 02 00 a4
19:32:40.616       	00 00 49 5f 0a 00 00 00 14 00 00 00 14 00 00 00 ff ff 00 00 00 01 02 00 3f 00
19:32:40.616       	00 00 49 5f 0a 00 00 00 14 00 00 00 14 00 00 00 ff ff 00 00 01 01 02 00 61 2a
19:32:40.617       	00 00 49 5f 0d 00 00 00 14 00 00 00 14 00 00 00 ff ff 00 00 00 01 02 00 00 c0 00 00 2a
19:32:40.617       	00 00 49 5f 09 00 00 00 14 00 00 00 14 00 00 00 ff ff 00 00 01 01 02 00 c0
19:32:40.619       	00 00 00 00 32 00 00 00 14 00 00 00 14 00 00 00 ff ff 00 00 01 01 02 00 62 28 82 02 78 21 83 02 3f 00 a5 06 80 01 71 87 01 01 8a 01 05 ab 0b 80 01 87 a4 06 83 01 0a 95 01 08 c6 06 90 01 00 83 01 01
19:32:40.620       	00 00 49 5f 0a 00 00 00 14 00 00 00 14 00 00 00 ff ff 00 00 01 01 02 00 90 00
19:32:40.620       	00 00 49 5f 0d 00 00 00 14 00 00 00 14 00 00 00 ff ff 00 00 00 01 02 00 00 a4 00 04 02
19:32:40.621       	00 00 49 5f 09 00 00 00 14 00 00 00 14 00 00 00 ff ff 00 00 01 01 02 00 a4
19:32:40.621       	00 00 49 5f 0a 00 00 00 14 00 00 00 14 00 00 00 ff ff 00 00 00 01 02 00 2f e2
19:32:40.622       	00 00 49 5f 0a 00 00 00 14 00 00 00 14 00 00 00 ff ff 00 00 01 01 02 00 6a 82
19:32:40.623       	00 00 49 5f 0d 00 00 00 14 00 00 00 14 00 00 00 ff ff 00 00 00 01 02 00 00 a4 00 04 02
19:32:40.623       	00 00 49 5f 09 00 00 00 14 00 00 00 14 00 00 00 ff ff 00 00 01 01 02 00 a4
19:32:40.624       	00 00 49 5f 0a 00 00 00 14 00 00 00 14 00 00 00 ff ff 00 00 00 01 02 00 3f 00
19:32:40.624       	00 00 49 5f 0a 00 00 00 14 00 00 00 14 00 00 00 ff ff 00 00 01 01 02 00 61 2a
19:32:40.625       	00 00 49 5f 0d 00 00 00 14 00 00 00 14 00 00 00 ff ff 00 00 00 01 02 00 00 c0 00 00 2a
19:32:40.625       	00 00 49 5f 09 00 00 00 14 00 00 00 14 00 00 00 ff ff 00 00 01 01 02 00 c0
19:32:40.627       	00 00 00 00 32 00 00 00 14 00 00 00 14 00 00 00 ff ff 00 00 01 01 02 00 62 28 82 02 78 21 83 02 3f 00 a5 06 80 01 71 87 01 01 8a 01 05 ab 0b 80 01 87 a4 06 83 01 0a 95 01 08 c6 06 90 01 00 83 01 01
19:32:40.627       	00 00 49 5f 0a 00 00 00 14 00 00 00 14 00 00 00 ff ff 00 00 01 01 02 00 90 00
19:32:40.628       	00 00 49 5f 0d 00 00 00 14 00 00 00 14 00 00 00 ff ff 00 00 00 01 02 00 00 b0 82 00 0a
19:32:40.629       	00 00 49 5f 0a 00 00 00 14 00 00 00 14 00 00 00 ff ff 00 00 01 01 02 00 6a 82
19:32:40.629       	00 00 49 5f 0d 00 00 00 14 00 00 00 14 00 00 00 ff ff 00 00 00 01 02 00 00 b0 82 00 0a
19:32:40.630       	00 00 49 5f 0a 00 00 00 14 00 00 00 14 00 00 00 ff ff 00 00 01 01 02 00 6a 82
19:32:40.631       	00 00 49 5f 0d 00 00 00 14 00 00 00 14 00 00 00 ff ff 00 00 00 01 02 00 00 a4 08 04 02
19:32:40.632       	00 00 49 5f 09 00 00 00 14 00 00 00 14 00 00 00 ff ff 00 00 01 01 02 00 a4
19:32:40.632       	00 00 49 5f 0a 00 00 00 14 00 00 00 14 00 00 00 ff ff 00 00 00 01 02 00 2f e2
19:32:40.633       	00 00 49 5f 0a 00 00 00 14 00 00 00 14 00 00 00 ff ff 00 00 01 01 02 00 6a 82
19:32:40.633       	00 00 49 5f 0d 00 00 00 14 00 00 00 14 00 00 00 ff ff 00 00 00 01 02 00 00 a4 00 04 02
19:32:40.634       	00 00 49 5f 09 00 00 00 14 00 00 00 14 00 00 00 ff ff 00 00 01 01 02 00 a4
19:32:40.634       	00 00 49 5f 0a 00 00 00 14 00 00 00 14 00 00 00 ff ff 00 00 00 01 02 00 3f 00
19:32:40.635       	00 00 49 5f 0a 00 00 00 14 00 00 00 14 00 00 00 ff ff 00 00 01 01 02 00 61 2a
19:32:40.635       	00 00 49 5f 0d 00 00 00 14 00 00 00 14 00 00 00 ff ff 00 00 00 01 02 00 00 c0 00 00 2a
19:32:40.636       	00 00 49 5f 09 00 00 00 14 00 00 00 14 00 00 00 ff ff 00 00 01 01 02 00 c0
19:32:40.638       	00 00 00 00 32 00 00 00 14 00 00 00 14 00 00 00 ff ff 00 00 01 01 02 00 62 28 82 02 78 21 83 02 3f 00 a5 06 80 01 71 87 01 01 8a 01 05 ab 0b 80 01 87 a4 06 83 01 0a 95 01 08 c6 06 90 01 00 83 01 01
19:32:40.638       	00 00 49 5f 0a 00 00 00 14 00 00 00 14 00 00 00 ff ff 00 00 01 01 02 00 90 00
19:32:40.639       	00 00 49 5f 0d 00 00 00 14 00 00 00 14 00 00 00 ff ff 00 00 00 01 02 00 00 a4 00 04 02
19:32:40.639       	00 00 49 5f 09 00 00 00 14 00 00 00 14 00 00 00 ff ff 00 00 01 01 02 00 a4
19:32:40.640       	00 00 49 5f 0a 00 00 00 14 00 00 00 14 00 00 00 ff ff 00 00 00 01 02 00 2f e2
19:32:40.640       	00 00 49 5f 0a 00 00 00 14 00 00 00 14 00 00 00 ff ff 00 00 01 01 02 00 6a 82
19:32:40.641       	00 00 49 5f 0d 00 00 00 14 00 00 00 14 00 00 00 ff ff 00 00 00 01 02 00 00 a4 00 04 02
19:32:40.642       	00 00 49 5f 09 00 00 00 14 00 00 00 14 00 00 00 ff ff 00 00 01 01 02 00 a4
19:32:40.642       	00 00 49 5f 0a 00 00 00 14 00 00 00 14 00 00 00 ff ff 00 00 00 01 02 00 3f 00
19:32:40.643       	00 00 49 5f 0a 00 00 00 14 00 00 00 14 00 00 00 ff ff 00 00 01 01 02 00 61 2a
19:32:40.643       	00 00 49 5f 0d 00 00 00 14 00 00 00 14 00 00 00 ff ff 00 00 00 01 02 00 00 c0 00 00 2a
19:32:40.643       	00 00 49 5f 09 00 00 00 14 00 00 00 14 00 00 00 ff ff 00 00 01 01 02 00 c0
19:32:40.646       	00 00 00 00 32 00 00 00 14 00 00 00 14 00 00 00 ff ff 00 00 01 01 02 00 62 28 82 02 78 21 83 02 3f 00 a5 06 80 01 71 87 01 01 8a 01 05 ab 0b 80 01 87 a4 06 83 01 0a 95 01 08 c6 06 90 01 00 83 01 01
19:32:40.646       	00 00 49 5f 0a 00 00 00 14 00 00 00 14 00 00 00 ff ff 00 00 01 01 02 00 90 00
19:32:40.646       	00 00 49 5f 0d 00 00 00 14 00 00 00 14 00 00 00 ff ff 00 00 00 01 02 00 00 b0 82 00 0a
19:32:40.647       	00 00 49 5f 0a 00 00 00 14 00 00 00 14 00 00 00 ff ff 00 00 01 01 02 00 6a 82
19:32:40.648       	00 00 49 5f 0d 00 00 00 14 00 00 00 14 00 00 00 ff ff 00 00 00 01 02 00 00 b0 82 00 0a
19:32:40.649       	00 00 49 5f 0a 00 00 00 14 00 00 00 14 00 00 00 ff ff 00 00 01 01 02 00 6a 82
19:32:40.662       	00 00 49 5f 0d 00 00 00 14 00 00 00 14 00 00 00 ff ff 00 00 00 01 02 00 00 a4 08 04 02
19:32:40.663       	00 00 49 5f 09 00 00 00 14 00 00 00 14 00 00 00 ff ff 00 00 01 01 02 00 a4
19:32:40.663       	00 00 49 5f 0a 00 00 00 14 00 00 00 14 00 00 00 ff ff 00 00 00 01 02 00 2f e2
19:32:40.664       	00 00 49 5f 0a 00 00 00 14 00 00 00 14 00 00 00 ff ff 00 00 01 01 02 00 6a 82
19:32:40.665       	00 00 49 5f 0d 00 00 00 14 00 00 00 14 00 00 00 ff ff 00 00 00 01 02 00 00 a4 00 04 02
19:32:40.665       	00 00 49 5f 09 00 00 00 14 00 00 00 14 00 00 00 ff ff 00 00 01 01 02 00 a4
19:32:40.666       	00 00 49 5f 0a 00 00 00 14 00 00 00 14 00 00 00 ff ff 00 00 00 01 02 00 3f 00
19:32:40.666       	00 00 49 5f 0a 00 00 00 14 00 00 00 14 00 00 00 ff ff 00 00 01 01 02 00 61 2a
19:32:40.667       	00 00 49 5f 0d 00 00 00 14 00 00 00 14 00 00 00 ff ff 00 00 00 01 02 00 00 c0 00 00 2a
19:32:40.667       	00 00 49 5f 09 00 00 00 14 00 00 00 14 00 00 00 ff ff 00 00 01 01 02 00 c0
19:32:40.670       	00 00 00 00 32 00 00 00 14 00 00 00 14 00 00 00 ff ff 00 00 01 01 02 00 62 28 82 02 78 21 83 02 3f 00 a5 06 80 01 71 87 01 01 8a 01 05 ab 0b 80 01 87 a4 06 83 01 0a 95 01 08 c6 06 90 01 00 83 01 01
19:32:40.670       	00 00 49 5f 0a 00 00 00 14 00 00 00 14 00 00 00 ff ff 00 00 01 01 02 00 90 00
19:32:40.670       	00 00 49 5f 0d 00 00 00 14 00 00 00 14 00 00 00 ff ff 00 00 00 01 02 00 00 a4 00 04 02
19:32:40.671       	00 00 49 5f 09 00 00 00 14 00 00 00 14 00 00 00 ff ff 00 00 01 01 02 00 a4
19:32:40.671       	00 00 49 5f 0a 00 00 00 14 00 00 00 14 00 00 00 ff ff 00 00 00 01 02 00 2f e2
19:32:40.672       	00 00 49 5f 0a 00 00 00 14 00 00 00 14 00 00 00 ff ff 00 00 01 01 02 00 6a 82
19:32:40.673       	00 00 49 5f 0d 00 00 00 14 00 00 00 14 00 00 00 ff ff 00 00 00 01 02 00 00 a4 00 04 02
19:32:40.673       	00 00 49 5f 09 00 00 00 14 00 00 00 14 00 00 00 ff ff 00 00 01 01 02 00 a4
19:32:40.674       	00 00 49 5f 0a 00 00 00 14 00 00 00 14 00 00 00 ff ff 00 00 00 01 02 00 3f 00
19:32:40.674       	00 00 49 5f 0a 00 00 00 14 00 00 00 14 00 00 00 ff ff 00 00 01 01 02 00 61 2a
19:32:40.675       	00 00 49 5f 0d 00 00 00 14 00 00 00 14 00 00 00 ff ff 00 00 00 01 02 00 00 c0 00 00 2a
19:32:40.675       	00 00 49 5f 09 00 00 00 14 00 00 00 14 00 00 00 ff ff 00 00 01 01 02 00 c0
19:32:40.677       	00 00 00 00 32 00 00 00 14 00 00 00 14 00 00 00 ff ff 00 00 01 01 02 00 62 28 82 02 78 21 83 02 3f 00 a5 06 80 01 71 87 01 01 8a 01 05 ab 0b 80 01 87 a4 06 83 01 0a 95 01 08 c6 06 90 01 00 83 01 01
19:32:40.677       	00 00 49 5f 0a 00 00 00 14 00 00 00 14 00 00 00 ff ff 00 00 01 01 02 00 90 00
19:32:40.678       	00 00 49 5f 0d 00 00 00 14 00 00 00 14 00 00 00 ff ff 00 00 00 01 02 00 00 b0 82 00 0a
19:32:40.679       	00 00 49 5f 0a 00 00 00 14 00 00 00 14 00 00 00 ff ff 00 00 01 01 02 00 6a 82
19:32:40.679       	00 00 49 5f 0d 00 00 00 14 00 00 00 14 00 00 00 ff ff 00 00 00 01 02 00 00 b0 82 00 0a
19:32:40.680       	00 00 49 5f 0a 00 00 00 14 00 00 00 14 00 00 00 ff ff 00 00 01 01 02 00 6a 82
19:32:40.681       	00 00 49 5f 0d 00 00 00 14 00 00 00 14 00 00 00 ff ff 00 00 00 01 02 00 00 a4 08 04 02
19:32:40.681       	00 00 49 5f 09 00 00 00 14 00 00 00 14 00 00 00 ff ff 00 00 01 01 02 00 a4
19:32:40.682       	00 00 49 5f 0a 00 00 00 14 00 00 00 14 00 00 00 ff ff 00 00 00 01 02 00 2f e2
19:32:40.683       	00 00 49 5f 0a 00 00 00 14 00 00 00 14 00 00 00 ff ff 00 00 01 01 02 00 6a 82
19:32:40.683       	00 00 49 5f 0d 00 00 00 14 00 00 00 14 00 00 00 ff ff 00 00 00 01 02 00 00 a4 00 04 02
19:32:40.684       	00 00 49 5f 09 00 00 00 14 00 00 00 14 00 00 00 ff ff 00 00 01 01 02 00 a4
19:32:40.684       	00 00 49 5f 0a 00 00 00 14 00 00 00 14 00 00 00 ff ff 00 00 00 01 02 00 3f 00
19:32:40.685       	00 00 49 5f 0a 00 00 00 14 00 00 00 14 00 00 00 ff ff 00 00 01 01 02 00 61 2a
19:32:40.685       	00 00 49 5f 0d 00 00 00 14 00 00 00 14 00 00 00 ff ff 00 00 00 01 02 00 00 c0 00 00 2a
19:32:40.686       	00 00 49 5f 09 00 00 00 14 00 00 00 14 00 00 00 ff ff 00 00 01 01 02 00 c0
19:32:40.688       	00 00 00 00 32 00 00 00 14 00 00 00 14 00 00 00 ff ff 00 00 01 01 02 00 62 28 82 02 78 21 83 02 3f 00 a5 06 80 01 71 87 01 01 8a 01 05 ab 0b 80 01 87 a4 06 83 01 0a 95 01 08 c6 06 90 01 00 83 01 01
19:32:40.688       	00 00 49 5f 0a 00 00 00 14 00 00 00 14 00 00 00 ff ff 00 00 01 01 02 00 90 00
19:32:40.689       	00 00 49 5f 0d 00 00 00 14 00 00 00 14 00 00 00 ff ff 00 00 00 01 02 00 00 a4 00 04 02
19:32:40.689       	00 00 49 5f 09 00 00 00 14 00 00 00 14 00 00 00 ff ff 00 00 01 01 02 00 a4
19:32:40.690       	00 00 49 5f 0a 00 00 00 14 00 00 00 14 00 00 00 ff ff 00 00 00 01 02 00 2f e2
19:32:40.690       	00 00 49 5f 0a 00 00 00 14 00 00 00 14 00 00 00 ff ff 00 00 01 01 02 00 6a 82
19:32:40.691       	00 00 49 5f 0d 00 00 00 14 00 00 00 14 00 00 00 ff ff 00 00 00 01 02 00 00 a4 00 04 02
19:32:40.691       	00 00 49 5f 09 00 00 00 14 00 00 00 14 00 00 00 ff ff 00 00 01 01 02 00 a4
19:32:40.692       	00 00 49 5f 0a 00 00 00 14 00 00 00 14 00 00 00 ff ff 00 00 00 01 02 00 3f 00
19:32:40.693       	00 00 49 5f 0a 00 00 00 14 00 00 00 14 00 00 00 ff ff 00 00 01 01 02 00 61 2a
19:32:40.693       	00 00 49 5f 0d 00 00 00 14 00 00 00 14 00 00 00 ff ff 00 00 00 01 02 00 00 c0 00 00 2a
19:32:40.693       	00 00 49 5f 09 00 00 00 14 00 00 00 14 00 00 00 ff ff 00 00 01 01 02 00 c0
19:32:40.696       	00 00 00 00 32 00 00 00 14 00 00 00 14 00 00 00 ff ff 00 00 01 01 02 00 62 28 82 02 78 21 83 02 3f 00 a5 06 80 01 71 87 01 01 8a 01 05 ab 0b 80 01 87 a4 06 83 01 0a 95 01 08 c6 06 90 01 00 83 01 01
19:32:40.696       	00 00 49 5f 0a 00 00 00 14 00 00 00 14 00 00 00 ff ff 00 00 01 01 02 00 90 00
19:32:40.696       	00 00 49 5f 0d 00 00 00 14 00 00 00 14 00 00 00 ff ff 00 00 00 01 02 00 00 b0 82 00 0a
19:32:40.697       	00 00 49 5f 0a 00 00 00 14 00 00 00 14 00 00 00 ff ff 00 00 01 01 02 00 6a 82
19:32:40.698       	00 00 49 5f 0d 00 00 00 14 00 00 00 14 00 00 00 ff ff 00 00 00 01 02 00 00 b0 82 00 0a
19:32:40.699       	00 00 49 5f 0a 00 00 00 14 00 00 00 14 00 00 00 ff ff 00 00 01 01 02 00 6a 82
19:32:40.699       	00 00 49 5f 0d 00 00 00 14 00 00 00 14 00 00 00 ff ff 00 00 00 01 02 00 80 7c 00 00 00
19:32:40.700       	00 00 49 5f 0a 00 00 00 14 00 00 00 14 00 00 00 ff ff 00 00 01 01 02 00 90 00
19:32:40.701       	00 00 49 5f 0d 00 00 00 14 00 00 00 14 00 00 00 ff ff 00 00 00 01 00 00 00 70 00 00 01
19:32:40.702       	00 00 49 5f 09 00 00 00 14 00 00 00 14 00 00 00 ff ff 00 00 01 01 00 00 70
19:32:40.702       	00 00 49 5f 09 00 00 00 14 00 00 00 14 00 00 00 ff ff 00 00 01 01 00 00 01
19:32:40.702       	00 00 49 5f 0a 00 00 00 14 00 00 00 14 00 00 00 ff ff 00 00 01 01 00 00 90 00
19:32:40.702       	00 00 49 5f 0d 00 00 00 14 00 00 00 14 00 00 00 ff ff 00 00 00 01 00 00 01 a4 04 00 10
19:32:40.703       	00 00 49 5f 09 00 00 00 14 00 00 00 14 00 00 00 ff ff 00 00 01 01 00 00 a4
19:32:40.703       	00 00 49 5f 18 00 00 00 14 00 00 00 14 00 00 00 ff ff 00 00 00 01 00 00 a0 00 00 05 59 10 10 ff ff ff ff 89 00 00 01 00
19:32:40.706       	00 00 49 5f 0a 00 00 00 14 00 00 00 14 00 00 00 ff ff 00 00 01 01 00 00 61 24
19:32:40.707       	00 00 49 5f 0d 00 00 00 14 00 00 00 14 00 00 00 ff ff 00 00 00 01 00 00 01 c0 00 00 24
19:32:40.707       	00 00 49 5f 09 00 00 00 14 00 00 00 14 00 00 00 ff ff 00 00 01 01 00 00 c0
19:32:40.709       	00 00 00 00 2c 00 00 00 14 00 00 00 14 00 00 00 ff ff 00 00 01 01 00 00 6f 22 84 10 a0 00 00 05 59 10 10 ff ff ff ff 89 00 00 01 00 a5 04 9f 65 01 ff e0 08 82 03 02 03 00 03 01 00
19:32:40.709       	00 00 49 5f 0a 00 00 00 14 00 00 00 14 00 00 00 ff ff 00 00 01 01 00 00 90 00
19:32:40.723       	00 00 49 5f 0d 00 00 00 14 00 00 00 14 00 00 00 ff ff 00 00 00 01 00 00 81 e2 91 00 17
19:32:40.724       	00 00 49 5f 09 00 00 00 14 00 00 00 14 00 00 00 ff ff 00 00 01 01 00 00 e2
19:32:40.724       	00 00 49 5f 1f 00 00 00 14 00 00 00 14 00 00 00 ff ff 00 00 00 01 00 00 bf 31 14 a0 0c 5a 0a 98 58 22 54 82 00 02 66 42 76 81 01 00 82 01 02
19:32:40.993       	00 00 49 5f 0a 00 00 00 14 00 00 00 14 00 00 00 ff ff 00 00 01 01 00 00 61 06
19:32:40.994       	00 00 49 5f 0d 00 00 00 14 00 00 00 14 00 00 00 ff ff 00 00 00 01 00 00 01 c0 00 00 06
19:32:40.994       	00 00 49 5f 09 00 00 00 14 00 00 00 14 00 00 00 ff ff 00 00 01 01 00 00 c0
19:32:40.994       	00 00 49 5f 0e 00 00 00 14 00 00 00 14 00 00 00 ff ff 00 00 01 01 00 00 bf 31 03 80 01 00
19:32:40.995       	00 00 49 5f 0a 00 00 00 14 00 00 00 14 00 00 00 ff ff 00 00 01 01 00 00 90 00
19:32:41.007       	00 00 49 5f 0d 00 00 00 14 00 00 00 14 00 00 00 ff ff 00 00 00 01 00 00 00 70 80 01 00
19:32:41.008       	00 00 49 5f 0a 00 00 00 14 00 00 00 14 00 00 00 ff ff 00 00 01 01 00 00 90 00
19:32:41.146       	00 00 49 5f 1e 00 00 00 14 00 00 00 14 00 00 00 ff ff 00 00 01 01 00 00 3b 9f 96 80 3f c7 83 80 31 e0 73 f6 21 13 67 56 07 58 e0 24 04 10
19:32:41.253       	00 00 49 5f 0d 00 00 00 14 00 00 00 14 00 00 00 ff ff 00 00 00 01 00 00 80 7c 04 00 09
19:32:41.327       	00 00 49 5f 09 00 00 00 14 00 00 00 14 00 00 00 ff ff 00 00 01 01 00 00 7c
19:32:41.328       	00 00 49 5f 11 00 00 00 14 00 00 00 14 00 00 00 ff ff 00 00 00 01 00 00 80 01 02 90 01 01 91 01 02
19:32:41.344       	00 00 49 5f 0a 00 00 00 14 00 00 00 14 00 00 00 ff ff 00 00 01 01 00 00 61 0a
19:32:41.345       	00 00 49 5f 0d 00 00 00 14 00 00 00 14 00 00 00 ff ff 00 00 00 01 00 00 00 c0 00 00 0a
19:32:41.345       	00 00 49 5f 09 00 00 00 14 00 00 00 14 00 00 00 ff ff 00 00 01 01 00 00 c0
19:32:41.346       	00 00 49 5f 12 00 00 00 14 00 00 00 14 00 00 00 ff ff 00 00 01 01 00 00 80 01 02 90 02 01 01 91 01 02
19:32:41.346       	00 00 49 5f 0a 00 00 00 14 00 00 00 14 00 00 00 ff ff 00 00 01 01 00 00 90 00
19:32:41.346       	00 00 49 5f 0d 00 00 00 14 00 00 00 14 00 00 00 ff ff 00 00 00 01 00 00 00 a4 00 04 02
19:32:41.347       	00 00 49 5f 09 00 00 00 14 00 00 00 14 00 00 00 ff ff 00 00 01 01 00 00 a4
19:32:41.348       	00 00 49 5f 0a 00 00 00 14 00 00 00 14 00 00 00 ff ff 00 00 00 01 00 00 3f 00
19:32:41.353       	00 00 49 5f 0a 00 00 00 14 00 00 00 14 00 00 00 ff ff 00 00 01 01 00 00 61 2a
19:32:41.354       	00 00 49 5f 0d 00 00 00 14 00 00 00 14 00 00 00 ff ff 00 00 00 01 00 00 00 c0 00 00 2a
19:32:41.354       	00 00 49 5f 09 00 00 00 14 00 00 00 14 00 00 00 ff ff 00 00 01 01 00 00 c0
19:32:41.356       	00 00 00 00 32 00 00 00 14 00 00 00 14 00 00 00 ff ff 00 00 01 01 00 00 62 28 82 02 78 21 83 02 3f 00 a5 06 80 01 71 87 01 01 8a 01 05 ab 0b 80 01 87 a4 06 83 01 0a 95 01 08 c6 06 90 01 00 83 01 01
19:32:41.356       	00 00 49 5f 0a 00 00 00 14 00 00 00 14 00 00 00 ff ff 00 00 01 01 00 00 90 00
19:32:41.357       	00 00 49 5f 0d 00 00 00 14 00 00 00 14 00 00 00 ff ff 00 00 00 01 00 00 80 10 00 00 1e
19:32:41.357       	00 00 49 5f 09 00 00 00 14 00 00 00 14 00 00 00 ff ff 00 00 01 01 00 00 10
19:32:41.358       	00 00 49 5f 26 00 00 00 14 00 00 00 14 00 00 00 ff ff 00 00 00 01 00 00 00 00 80 00 00 00 00 00 00 00 00 00 00 00 00 00 00 00 00 00 00 00 00 00 00 00 00 00 00 00
19:32:41.381       	00 00 49 5f 0a 00 00 00 14 00 00 00 14 00 00 00 ff ff 00 00 01 01 00 00 90 00
19:32:41.382       	00 00 49 5f 0d 00 00 00 14 00 00 00 14 00 00 00 ff ff 00 00 00 01 00 00 80 7c 00 02 00
19:32:41.389       	00 00 49 5f 0a 00 00 00 14 00 00 00 14 00 00 00 ff ff 00 00 01 01 00 00 90 00
19:32:41.390       	00 00 49 5f 0d 00 00 00 14 00 00 00 14 00 00 00 ff ff 00 00 00 01 02 00 00 a4 00 04 02
19:32:41.390       	00 00 49 5f 09 00 00 00 14 00 00 00 14 00 00 00 ff ff 00 00 01 01 02 00 a4
19:32:41.391       	00 00 49 5f 0a 00 00 00 14 00 00 00 14 00 00 00 ff ff 00 00 00 01 02 00 3f 00
19:32:41.413       	00 00 49 5f 0a 00 00 00 14 00 00 00 14 00 00 00 ff ff 00 00 01 01 02 00 61 28
19:32:41.414       	00 00 49 5f 0d 00 00 00 14 00 00 00 14 00 00 00 ff ff 00 00 00 01 02 00 00 c0 00 00 28
19:32:41.414       	00 00 49 5f 09 00 00 00 14 00 00 00 14 00 00 00 ff ff 00 00 01 01 02 00 c0
19:32:41.416       	00 00 00 00 30 00 00 00 14 00 00 00 14 00 00 00 ff ff 00 00 01 01 02 00 62 26 82 02 78 21 83 02 3f 00 a5 06 80 01 71 87 01 01 8a 01 05 8b 03 2f 06 0e c6 0c 90 01 60 83 01 01 83 01 02 83 01 0a
19:32:41.416       	00 00 49 5f 0a 00 00 00 14 00 00 00 14 00 00 00 ff ff 00 00 01 01 02 00 90 00
19:32:41.417       	00 00 49 5f 0d 00 00 00 14 00 00 00 14 00 00 00 ff ff 00 00 00 01 02 00 80 aa 00 00 08
19:32:41.417       	00 00 49 5f 09 00 00 00 14 00 00 00 14 00 00 00 ff ff 00 00 01 01 02 00 aa
19:32:41.418       	00 00 49 5f 10 00 00 00 14 00 00 00 14 00 00 00 ff ff 00 00 00 01 02 00 a9 06 82 01 01 83 01 07
19:32:41.423       	00 00 49 5f 0a 00 00 00 14 00 00 00 14 00 00 00 ff ff 00 00 01 01 02 00 90 00
19:32:41.424       	00 00 49 5f 0d 00 00 00 14 00 00 00 14 00 00 00 ff ff 00 00 00 01 02 00 00 a4 08 04 02
19:32:41.424       	00 00 49 5f 09 00 00 00 14 00 00 00 14 00 00 00 ff ff 00 00 01 01 02 00 a4
19:32:41.425       	00 00 49 5f 0a 00 00 00 14 00 00 00 14 00 00 00 ff ff 00 00 00 01 02 00 2f e2
19:32:41.426       	00 00 49 5f 0a 00 00 00 14 00 00 00 14 00 00 00 ff ff 00 00 01 01 02 00 61 18
19:32:41.426       	00 00 49 5f 0d 00 00 00 14 00 00 00 14 00 00 00 ff ff 00 00 00 01 02 00 00 c0 00 00 18
19:32:41.427       	00 00 49 5f 09 00 00 00 14 00 00 00 14 00 00 00 ff ff 00 00 01 01 02 00 c0
19:32:41.428       	00 00 49 5f 20 00 00 00 14 00 00 00 14 00 00 00 ff ff 00 00 01 01 02 00 62 16 82 02 41 21 83 02 2f e2 8a 01 05 8b 03 2f 06 0b 80 02 00 0a 88 00
19:32:41.428       	00 00 49 5f 0a 00 00 00 14 00 00 00 14 00 00 00 ff ff 00 00 01 01 02 00 90 00
19:32:41.429       	00 00 49 5f 0d 00 00 00 14 00 00 00 14 00 00 00 ff ff 00 00 00 01 02 00 00 b0 00 00 0a
19:32:41.429       	00 00 49 5f 09 00 00 00 14 00 00 00 14 00 00 00 ff ff 00 00 01 01 02 00 b0
19:32:41.430       	00 00 49 5f 12 00 00 00 14 00 00 00 14 00 00 00 ff ff 00 00 01 01 02 00 98 58 22 54 82 00 02 66 42 76
19:32:41.430       	00 00 49 5f 0a 00 00 00 14 00 00 00 14 00 00 00 ff ff 00 00 01 01 02 00 90 00
19:32:41.431       	00 00 49 5f 0d 00 00 00 14 00 00 00 14 00 00 00 ff ff 00 00 00 01 02 00 00 a4 08 04 02
19:32:41.431       	00 00 49 5f 09 00 00 00 14 00 00 00 14 00 00 00 ff ff 00 00 01 01 02 00 a4
19:32:41.432       	00 00 49 5f 0a 00 00 00 14 00 00 00 14 00 00 00 ff ff 00 00 00 01 02 00 2f 05
19:32:41.433       	00 00 49 5f 0a 00 00 00 14 00 00 00 14 00 00 00 ff ff 00 00 01 01 02 00 61 19
19:32:41.433       	00 00 49 5f 0d 00 00 00 14 00 00 00 14 00 00 00 ff ff 00 00 00 01 02 00 00 c0 00 00 19
19:32:41.434       	00 00 49 5f 09 00 00 00 14 00 00 00 14 00 00 00 ff ff 00 00 01 01 02 00 c0
19:32:41.435       	00 00 49 5f 21 00 00 00 14 00 00 00 14 00 00 00 ff ff 00 00 01 01 02 00 62 17 82 02 41 21 83 02 2f 05 8a 01 05 8b 03 2f 06 01 80 02 00 02 88 01 28
19:32:41.435       	00 00 49 5f 0a 00 00 00 14 00 00 00 14 00 00 00 ff ff 00 00 01 01 02 00 90 00
19:32:41.436       	00 00 49 5f 0d 00 00 00 14 00 00 00 14 00 00 00 ff ff 00 00 00 01 02 00 00 b0 00 00 02
19:32:41.436       	00 00 49 5f 09 00 00 00 14 00 00 00 14 00 00 00 ff ff 00 00 01 01 02 00 b0
19:32:41.437       	00 00 49 5f 0a 00 00 00 14 00 00 00 14 00 00 00 ff ff 00 00 01 01 02 00 ff ff
19:32:41.437       	00 00 49 5f 0a 00 00 00 14 00 00 00 14 00 00 00 ff ff 00 00 01 01 02 00 90 00
19:32:41.437       	00 00 49 5f 0d 00 00 00 14 00 00 00 14 00 00 00 ff ff 00 00 00 01 02 00 80 10 00 00 1e
19:32:41.438       	00 00 49 5f 09 00 00 00 14 00 00 00 14 00 00 00 ff ff 00 00 01 01 02 00 10
19:32:41.439       	00 00 49 5f 26 00 00 00 14 00 00 00 14 00 00 00 ff ff 00 00 00 01 02 00 ff ff ff ff 5f dd 00 df ff 03 02 1f e2 00 00 00 c3 c9 00 00 00 00 40 00 50 00 00 00 00 08
19:32:41.496       	00 00 49 5f 0a 00 00 00 14 00 00 00 14 00 00 00 ff ff 00 00 01 01 02 00 91 10
19:32:41.497       	00 00 49 5f 0d 00 00 00 14 00 00 00 14 00 00 00 ff ff 00 00 00 01 02 00 00 a4 08 04 02
19:32:41.497       	00 00 49 5f 09 00 00 00 14 00 00 00 14 00 00 00 ff ff 00 00 01 01 02 00 a4
19:32:41.498       	00 00 49 5f 0a 00 00 00 14 00 00 00 14 00 00 00 ff ff 00 00 00 01 02 00 2f 00
19:32:41.499       	00 00 49 5f 0a 00 00 00 14 00 00 00 14 00 00 00 ff ff 00 00 01 01 02 00 61 1c
19:32:41.499       	00 00 49 5f 0d 00 00 00 14 00 00 00 14 00 00 00 ff ff 00 00 00 01 02 00 00 c0 00 00 1c
19:32:41.500       	00 00 49 5f 09 00 00 00 14 00 00 00 14 00 00 00 ff ff 00 00 01 01 02 00 c0
19:32:41.501       	00 00 49 5f 24 00 00 00 14 00 00 00 14 00 00 00 ff ff 00 00 01 01 02 00 62 1a 82 05 42 21 00 26 04 83 02 2f 00 8a 01 05 8b 03 2f 06 0a 80 02 00 98 88 01 f0
19:32:41.501       	00 00 49 5f 0a 00 00 00 14 00 00 00 14 00 00 00 ff ff 00 00 01 01 02 00 91 10
19:32:41.502       	00 00 49 5f 0d 00 00 00 14 00 00 00 14 00 00 00 ff ff 00 00 00 01 02 00 00 b2 01 04 26
19:32:41.503       	00 00 49 5f 09 00 00 00 14 00 00 00 14 00 00 00 ff ff 00 00 01 01 02 00 b2
19:32:41.505       	00 00 00 00 2e 00 00 00 14 00 00 00 14 00 00 00 ff ff 00 00 01 01 02 00 61 18 4f 10 a0 00 00 00 87 10 02 ff 33 ff 01 89 00 00 01 00 50 04 55 53 49 4d ff ff ff ff ff ff ff ff ff ff ff ff
19:32:41.505       	00 00 49 5f 0a 00 00 00 14 00 00 00 14 00 00 00 ff ff 00 00 01 01 02 00 91 10
19:32:41.505       	00 00 49 5f 0d 00 00 00 14 00 00 00 14 00 00 00 ff ff 00 00 00 01 02 00 00 b2 02 04 26
19:32:41.506       	00 00 49 5f 09 00 00 00 14 00 00 00 14 00 00 00 ff ff 00 00 01 01 02 00 b2
19:32:41.508       	00 00 00 00 2e 00 00 00 14 00 00 00 14 00 00 00 ff ff 00 00 01 01 02 00 ff ff ff ff ff ff ff ff ff ff ff ff ff ff ff ff ff ff ff ff ff ff ff ff ff ff ff ff ff ff ff ff ff ff ff ff ff ff
19:32:41.508       	00 00 49 5f 0a 00 00 00 14 00 00 00 14 00 00 00 ff ff 00 00 01 01 02 00 91 10
19:32:41.509       	00 00 49 5f 0d 00 00 00 14 00 00 00 14 00 00 00 ff ff 00 00 00 01 02 00 00 b2 03 04 26
19:32:41.509       	00 00 49 5f 09 00 00 00 14 00 00 00 14 00 00 00 ff ff 00 00 01 01 02 00 b2
19:32:41.511       	00 00 00 00 2e 00 00 00 14 00 00 00 14 00 00 00 ff ff 00 00 01 01 02 00 ff ff ff ff ff ff ff ff ff ff ff ff ff ff ff ff ff ff ff ff ff ff ff ff ff ff ff ff ff ff ff ff ff ff ff ff ff ff
19:32:41.511       	00 00 49 5f 0a 00 00 00 14 00 00 00 14 00 00 00 ff ff 00 00 01 01 02 00 91 10
19:32:41.512       	00 00 49 5f 0d 00 00 00 14 00 00 00 14 00 00 00 ff ff 00 00 00 01 02 00 00 b2 04 04 26
19:32:41.513       	00 00 49 5f 09 00 00 00 14 00 00 00 14 00 00 00 ff ff 00 00 01 01 02 00 b2
19:32:41.514       	00 00 00 00 2e 00 00 00 14 00 00 00 14 00 00 00 ff ff 00 00 01 01 02 00 ff ff ff ff ff ff ff ff ff ff ff ff ff ff ff ff ff ff ff ff ff ff ff ff ff ff ff ff ff ff ff ff ff ff ff ff ff ff
19:32:41.514       	00 00 49 5f 0a 00 00 00 14 00 00 00 14 00 00 00 ff ff 00 00 01 01 02 00 91 10
19:32:41.515       	00 00 49 5f 0d 00 00 00 14 00 00 00 14 00 00 00 ff ff 00 00 00 01 02 00 00 a4 04 04 10
19:32:41.516       	00 00 49 5f 09 00 00 00 14 00 00 00 14 00 00 00 ff ff 00 00 01 01 02 00 a4
19:32:41.516       	00 00 49 5f 18 00 00 00 14 00 00 00 14 00 00 00 ff ff 00 00 00 01 02 00 a0 00 00 00 87 10 02 ff 33 ff 01 89 00 00 01 00
19:32:41.541       	00 00 49 5f 0a 00 00 00 14 00 00 00 14 00 00 00 ff ff 00 00 01 01 02 00 61 32
19:32:41.542       	00 00 49 5f 0d 00 00 00 14 00 00 00 14 00 00 00 ff ff 00 00 00 01 02 00 00 c0 00 00 32
19:32:41.542       	00 00 49 5f 09 00 00 00 14 00 00 00 14 00 00 00 ff ff 00 00 01 01 02 00 c0
19:32:41.545       	00 00 00 00 3a 00 00 00 14 00 00 00 14 00 00 00 ff ff 00 00 01 01 02 00 62 30 82 02 78 21 83 02 7f f1 84 10 a0 00 00 00 87 10 02 ff 33 ff 01 89 00 00 01 00 8a 01 05 8b 03 2f 06 0e c6 0c 90 01 60 83 01 01 83 01 81 83 01 0a
19:32:41.545       	00 00 49 5f 0a 00 00 00 14 00 00 00 14 00 00 00 ff ff 00 00 01 01 02 00 91 10
19:32:41.546       	00 00 49 5f 0d 00 00 00 14 00 00 00 14 00 00 00 ff ff 00 00 00 01 02 00 00 a4 08 04 04
19:32:41.546       	00 00 49 5f 09 00 00 00 14 00 00 00 14 00 00 00 ff ff 00 00 01 01 02 00 a4
19:32:41.547       	00 00 49 5f 0c 00 00 00 14 00 00 00 14 00 00 00 ff ff 00 00 00 01 02 00 7f ff 6f b7
19:32:41.550       	00 00 49 5f 0a 00 00 00 14 00 00 00 14 00 00 00 ff ff 00 00 01 01 02 00 61 1c
19:32:41.550       	00 00 49 5f 0d 00 00 00 14 00 00 00 14 00 00 00 ff ff 00 00 00 01 02 00 00 c0 00 00 1c
19:32:41.551       	00 00 49 5f 09 00 00 00 14 00 00 00 14 00 00 00 ff ff 00 00 01 01 02 00 c0
19:32:41.552       	00 00 49 5f 24 00 00 00 14 00 00 00 14 00 00 00 ff ff 00 00 01 01 02 00 62 1a 82 05 42 21 00 04 01 83 02 6f b7 8a 01 05 8b 03 6f 06 0a 80 02 00 04 88 01 08
19:32:41.552       	00 00 49 5f 0a 00 00 00 14 00 00 00 14 00 00 00 ff ff 00 00 01 01 02 00 91 10
19:32:41.553       	00 00 49 5f 0d 00 00 00 14 00 00 00 14 00 00 00 ff ff 00 00 00 01 02 00 00 b2 01 04 04
19:32:41.554       	00 00 49 5f 09 00 00 00 14 00 00 00 14 00 00 00 ff ff 00 00 01 01 02 00 b2
19:32:41.554       	00 00 49 5f 0c 00 00 00 14 00 00 00 14 00 00 00 ff ff 00 00 01 01 02 00 ff ff ff 00
19:32:41.554       	00 00 49 5f 0a 00 00 00 14 00 00 00 14 00 00 00 ff ff 00 00 01 01 02 00 91 10
19:32:41.555       	00 00 49 5f 0d 00 00 00 14 00 00 00 14 00 00 00 ff ff 00 00 00 01 02 00 00 a4 08 04 04
19:32:41.555       	00 00 49 5f 09 00 00 00 14 00 00 00 14 00 00 00 ff ff 00 00 01 01 02 00 a4
19:32:41.556       	00 00 49 5f 0c 00 00 00 14 00 00 00 14 00 00 00 ff ff 00 00 00 01 02 00 7f ff 6f 05
19:32:41.558       	00 00 49 5f 0a 00 00 00 14 00 00 00 14 00 00 00 ff ff 00 00 01 01 02 00 6a 82
19:32:41.558       	00 00 49 5f 0d 00 00 00 14 00 00 00 14 00 00 00 ff ff 00 00 00 01 02 00 00 a4 00 04 02
19:32:41.559       	00 00 49 5f 09 00 00 00 14 00 00 00 14 00 00 00 ff ff 00 00 01 01 02 00 a4
19:32:41.559       	00 00 49 5f 0a 00 00 00 14 00 00 00 14 00 00 00 ff ff 00 00 00 01 02 00 3f 00
19:32:41.560       	00 00 49 5f 0a 00 00 00 14 00 00 00 14 00 00 00 ff ff 00 00 01 01 02 00 61 28
19:32:41.561       	00 00 49 5f 0d 00 00 00 14 00 00 00 14 00 00 00 ff ff 00 00 00 01 02 00 00 c0 00 00 28
19:32:41.561       	00 00 49 5f 09 00 00 00 14 00 00 00 14 00 00 00 ff ff 00 00 01 01 02 00 c0
19:32:41.563       	00 00 00 00 30 00 00 00 14 00 00 00 14 00 00 00 ff ff 00 00 01 01 02 00 62 26 82 02 78 21 83 02 3f 00 a5 06 80 01 71 87 01 01 8a 01 05 8b 03 2f 06 0e c6 0c 90 01 60 83 01 01 83 01 02 83 01 0a
19:32:41.563       	00 00 49 5f 0a 00 00 00 14 00 00 00 14 00 00 00 ff ff 00 00 01 01 02 00 91 10
19:32:41.564       	00 00 49 5f 0d 00 00 00 14 00 00 00 14 00 00 00 ff ff 00 00 00 01 02 00 00 a4 00 04 02
19:32:41.564       	00 00 49 5f 09 00 00 00 14 00 00 00 14 00 00 00 ff ff 00 00 01 01 02 00 a4
19:32:41.565       	00 00 49 5f 0a 00 00 00 14 00 00 00 14 00 00 00 ff ff 00 00 00 01 02 00 7f ff
19:32:41.587       	00 00 49 5f 0a 00 00 00 14 00 00 00 14 00 00 00 ff ff 00 00 01 01 02 00 61 32
19:32:41.587       	00 00 49 5f 0d 00 00 00 14 00 00 00 14 00 00 00 ff ff 00 00 00 01 02 00 00 c0 00 00 32
19:32:41.588       	00 00 49 5f 09 00 00 00 14 00 00 00 14 00 00 00 ff ff 00 00 01 01 02 00 c0
19:32:41.590       	00 00 00 00 3a 00 00 00 14 00 00 00 14 00 00 00 ff ff 00 00 01 01 02 00 62 30 82 02 78 21 83 02 7f f1 84 10 a0 00 00 00 87 10 02 ff 33 ff 01 89 00 00 01 00 8a 01 05 8b 03 2f 06 0e c6 0c 90 01 60 83 01 01 83 01 81 83 01 0a
19:32:41.590       	00 00 49 5f 0a 00 00 00 14 00 00 00 14 00 00 00 ff ff 00 00 01 01 02 00 91 10
19:32:41.591       	00 00 49 5f 0d 00 00 00 14 00 00 00 14 00 00 00 ff ff 00 00 00 01 02 00 00 a4 00 04 02
19:32:41.592       	00 00 49 5f 09 00 00 00 14 00 00 00 14 00 00 00 ff ff 00 00 01 01 02 00 a4
19:32:41.592       	00 00 49 5f 0a 00 00 00 14 00 00 00 14 00 00 00 ff ff 00 00 00 01 02 00 6f 05
19:32:41.594       	00 00 49 5f 0a 00 00 00 14 00 00 00 14 00 00 00 ff ff 00 00 01 01 02 00 6a 82
19:32:41.594       	00 00 49 5f 0d 00 00 00 14 00 00 00 14 00 00 00 ff ff 00 00 00 01 02 00 00 20 00 01 00
19:32:41.607       	00 00 49 5f 0a 00 00 00 14 00 00 00 14 00 00 00 ff ff 00 00 01 01 02 00 63 c3
19:32:41.608       	00 00 49 5f 0d 00 00 00 14 00 00 00 14 00 00 00 ff ff 00 00 00 01 02 00 00 2c 00 01 00
19:32:41.621       	00 00 49 5f 0a 00 00 00 14 00 00 00 14 00 00 00 ff ff 00 00 01 01 02 00 63 ca
19:32:41.621       	00 00 49 5f 0d 00 00 00 14 00 00 00 14 00 00 00 ff ff 00 00 00 01 02 00 00 20 00 81 00
19:32:41.635       	00 00 49 5f 0a 00 00 00 14 00 00 00 14 00 00 00 ff ff 00 00 01 01 02 00 63 c3
19:32:41.636       	00 00 49 5f 0d 00 00 00 14 00 00 00 14 00 00 00 ff ff 00 00 00 01 02 00 00 2c 00 81 00
19:32:41.649       	00 00 49 5f 0a 00 00 00 14 00 00 00 14 00 00 00 ff ff 00 00 01 01 02 00 63 ca
19:32:41.650       	00 00 49 5f 0d 00 00 00 14 00 00 00 14 00 00 00 ff ff 00 00 00 01 02 00 00 a4 08 04 04
19:32:41.650       	00 00 49 5f 09 00 00 00 14 00 00 00 14 00 00 00 ff ff 00 00 01 01 02 00 a4
19:32:41.651       	00 00 49 5f 0c 00 00 00 14 00 00 00 14 00 00 00 ff ff 00 00 00 01 02 00 7f ff 6f 38
19:32:41.654       	00 00 49 5f 0a 00 00 00 14 00 00 00 14 00 00 00 ff ff 00 00 01 01 02 00 61 19
19:32:41.655       	00 00 49 5f 0d 00 00 00 14 00 00 00 14 00 00 00 ff ff 00 00 00 01 02 00 00 c0 00 00 19
19:32:41.655       	00 00 49 5f 09 00 00 00 14 00 00 00 14 00 00 00 ff ff 00 00 01 01 02 00 c0
19:32:41.657       	00 00 49 5f 21 00 00 00 14 00 00 00 14 00 00 00 ff ff 00 00 01 01 02 00 62 17 82 02 41 21 83 02 6f 38 8a 01 05 8b 03 6f 06 02 80 02 00 11 88 01 20
19:32:41.657       	00 00 49 5f 0a 00 00 00 14 00 00 00 14 00 00 00 ff ff 00 00 01 01 02 00 91 10
19:32:41.657       	00 00 49 5f 0d 00 00 00 14 00 00 00 14 00 00 00 ff ff 00 00 00 01 02 00 00 b0 00 00 11
19:32:41.670       	00 00 49 5f 09 00 00 00 14 00 00 00 14 00 00 00 ff ff 00 00 01 01 02 00 b0
19:32:41.671       	00 00 49 5f 19 00 00 00 14 00 00 00 14 00 00 00 ff ff 00 00 01 01 02 00 00 00 1c 0c 23 16 00 00 40 00 10 00 00 00 00 00 00
19:32:41.671       	00 00 49 5f 0a 00 00 00 14 00 00 00 14 00 00 00 ff ff 00 00 01 01 02 00 91 10
19:32:41.672       	00 00 49 5f 0d 00 00 00 14 00 00 00 14 00 00 00 ff ff 00 00 00 01 02 00 00 a4 08 04 04
19:32:41.672       	00 00 49 5f 09 00 00 00 14 00 00 00 14 00 00 00 ff ff 00 00 01 01 02 00 a4
19:32:41.673       	00 00 49 5f 0c 00 00 00 14 00 00 00 14 00 00 00 ff ff 00 00 00 01 02 00 7f ff 6f 56
19:32:41.676       	00 00 49 5f 0a 00 00 00 14 00 00 00 14 00 00 00 ff ff 00 00 01 01 02 00 61 19
19:32:41.677       	00 00 49 5f 0d 00 00 00 14 00 00 00 14 00 00 00 ff ff 00 00 00 01 02 00 00 c0 00 00 19
19:32:41.677       	00 00 49 5f 09 00 00 00 14 00 00 00 14 00 00 00 ff ff 00 00 01 01 02 00 c0
19:32:41.678       	00 00 49 5f 21 00 00 00 14 00 00 00 14 00 00 00 ff ff 00 00 01 01 02 00 62 17 82 02 41 21 83 02 6f 56 8a 01 05 8b 03 6f 06 08 80 02 00 01 88 01 28
19:32:41.678       	00 00 49 5f 0a 00 00 00 14 00 00 00 14 00 00 00 ff ff 00 00 01 01 02 00 91 10
19:32:41.679       	00 00 49 5f 0d 00 00 00 14 00 00 00 14 00 00 00 ff ff 00 00 00 01 02 00 00 b0 00 00 01
19:32:41.692       	00 00 49 5f 09 00 00 00 14 00 00 00 14 00 00 00 ff ff 00 00 01 01 02 00 b0
19:32:41.692       	00 00 49 5f 09 00 00 00 14 00 00 00 14 00 00 00 ff ff 00 00 01 01 02 00 00
19:32:41.692       	00 00 49 5f 0a 00 00 00 14 00 00 00 14 00 00 00 ff ff 00 00 01 01 02 00 91 10
19:32:41.693       	00 00 49 5f 0d 00 00 00 14 00 00 00 14 00 00 00 ff ff 00 00 00 01 02 00 00 a4 08 04 04
19:32:41.693       	00 00 49 5f 09 00 00 00 14 00 00 00 14 00 00 00 ff ff 00 00 01 01 02 00 a4
19:32:41.694       	00 00 49 5f 0c 00 00 00 14 00 00 00 14 00 00 00 ff ff 00 00 00 01 02 00 7f ff 6f 07
19:32:41.697       	00 00 49 5f 0a 00 00 00 14 00 00 00 14 00 00 00 ff ff 00 00 01 01 02 00 61 19
19:32:41.698       	00 00 49 5f 0d 00 00 00 14 00 00 00 14 00 00 00 ff ff 00 00 00 01 02 00 00 c0 00 00 19
19:32:41.698       	00 00 49 5f 09 00 00 00 14 00 00 00 14 00 00 00 ff ff 00 00 01 01 02 00 c0
19:32:41.700       	00 00 49 5f 21 00 00 00 14 00 00 00 14 00 00 00 ff ff 00 00 01 01 02 00 62 17 82 02 41 21 83 02 6f 07 8a 01 05 8b 03 6f 06 02 80 02 00 09 88 01 38
19:32:41.700       	00 00 49 5f 0a 00 00 00 14 00 00 00 14 00 00 00 ff ff 00 00 01 01 02 00 91 10
19:32:41.700       	00 00 49 5f 0d 00 00 00 14 00 00 00 14 00 00 00 ff ff 00 00 00 01 02 00 00 b0 00 00 09
19:32:41.715       	00 00 49 5f 09 00 00 00 14 00 00 00 14 00 00 00 ff ff 00 00 01 01 02 00 b0
19:32:41.716       	00 00 49 5f 11 00 00 00 14 00 00 00 14 00 00 00 ff ff 00 00 01 01 02 00 08 49 45 00 36 12 53 72 82
19:32:41.716       	00 00 49 5f 0a 00 00 00 14 00 00 00 14 00 00 00 ff ff 00 00 01 01 02 00 91 10
19:32:41.716       	00 00 49 5f 0d 00 00 00 14 00 00 00 14 00 00 00 ff ff 00 00 00 01 02 00 00 a4 08 04 04
19:32:41.717       	00 00 49 5f 09 00 00 00 14 00 00 00 14 00 00 00 ff ff 00 00 01 01 02 00 a4
19:32:41.718       	00 00 49 5f 0c 00 00 00 14 00 00 00 14 00 00 00 ff ff 00 00 00 01 02 00 7f ff 6f ad
19:32:41.721       	00 00 49 5f 0a 00 00 00 14 00 00 00 14 00 00 00 ff ff 00 00 01 01 02 00 61 19
19:32:41.721       	00 00 49 5f 0d 00 00 00 14 00 00 00 14 00 00 00 ff ff 00 00 00 01 02 00 00 c0 00 00 19
19:32:41.721       	00 00 49 5f 09 00 00 00 14 00 00 00 14 00 00 00 ff ff 00 00 01 01 02 00 c0
19:32:41.723       	00 00 49 5f 21 00 00 00 14 00 00 00 14 00 00 00 ff ff 00 00 01 01 02 00 62 17 82 02 41 21 83 02 6f ad 8a 01 05 8b 03 6f 06 0a 80 02 00 04 88 01 18
19:32:41.723       	00 00 49 5f 0a 00 00 00 14 00 00 00 14 00 00 00 ff ff 00 00 01 01 02 00 91 10
19:32:41.724       	00 00 49 5f 0d 00 00 00 14 00 00 00 14 00 00 00 ff ff 00 00 00 01 02 00 00 b0 00 00 04
19:32:41.724       	00 00 49 5f 09 00 00 00 14 00 00 00 14 00 00 00 ff ff 00 00 01 01 02 00 b0
19:32:41.724       	00 00 49 5f 0c 00 00 00 14 00 00 00 14 00 00 00 ff ff 00 00 01 01 02 00 00 00 00 02
19:32:41.725       	00 00 49 5f 0a 00 00 00 14 00 00 00 14 00 00 00 ff ff 00 00 01 01 02 00 91 10
19:32:41.725       	00 00 49 5f 0d 00 00 00 14 00 00 00 14 00 00 00 ff ff 00 00 00 01 02 00 00 a4 08 04 04
19:32:41.726       	00 00 49 5f 09 00 00 00 14 00 00 00 14 00 00 00 ff ff 00 00 01 01 02 00 a4
19:32:41.726       	00 00 49 5f 0c 00 00 00 14 00 00 00 14 00 00 00 ff ff 00 00 00 01 02 00 7f ff 6f c4
19:32:41.729       	00 00 49 5f 0a 00 00 00 14 00 00 00 14 00 00 00 ff ff 00 00 01 01 02 00 61 18
19:32:41.730       	00 00 49 5f 0d 00 00 00 14 00 00 00 14 00 00 00 ff ff 00 00 00 01 02 00 00 c0 00 00 18
19:32:41.730       	00 00 49 5f 09 00 00 00 14 00 00 00 14 00 00 00 ff ff 00 00 01 01 02 00 c0
19:32:41.731       	00 00 49 5f 20 00 00 00 14 00 00 00 14 00 00 00 ff ff 00 00 01 01 02 00 62 16 82 02 41 21 83 02 6f c4 8a 01 05 8b 03 6f 06 05 80 02 00 80 88 00
19:32:41.732       	00 00 49 5f 0a 00 00 00 14 00 00 00 14 00 00 00 ff ff 00 00 01 01 02 00 91 10
19:32:41.732       	00 00 49 5f 0d 00 00 00 14 00 00 00 14 00 00 00 ff ff 00 00 00 01 02 00 00 b0 00 00 80
19:32:41.745       	00 00 49 5f 09 00 00 00 14 00 00 00 14 00 00 00 ff ff 00 00 01 01 02 00 b0
19:32:41.752       	00 00 01 00 88 00 00 00 14 00 00 00 14 00 00 00 ff ff 00 00 01 01 02 00 ff ff ff ff ff ff ff ff ff ff ff ff ff ff ff ff ff ff ff ff ff ff ff ff ff ff ff ff ff ff ff ff ff ff ff ff ff ff ff ff ff ff ff ff ff ff ff ff ff ff ff ff ff ff ff ff ff ff ff ff ff ff ff ff ff ff ff ff ff ff ff ff ff ff ff ff ff ff ff ff ff ff ff ff ff ff ff ff ff ff ff ff ff ff ff ff ff ff ff ff ff ff ff ff ff ff ff ff ff ff ff ff ff ff ff ff ff ff ff ff ff ff ff ff ff ff ff ff
19:32:41.752       	00 00 49 5f 0a 00 00 00 14 00 00 00 14 00 00 00 ff ff 00 00 01 01 02 00 91 10
19:32:41.752       	00 00 49 5f 0d 00 00 00 14 00 00 00 14 00 00 00 ff ff 00 00 00 01 02 00 00 a4 08 04 04
19:32:41.753       	00 00 49 5f 09 00 00 00 14 00 00 00 14 00 00 00 ff ff 00 00 01 01 02 00 a4
19:32:41.753       	00 00 49 5f 0c 00 00 00 14 00 00 00 14 00 00 00 ff ff 00 00 00 01 02 00 7f ff 6f 31
19:32:41.757       	00 00 49 5f 0a 00 00 00 14 00 00 00 14 00 00 00 ff ff 00 00 01 01 02 00 61 19
19:32:41.757       	00 00 49 5f 0d 00 00 00 14 00 00 00 14 00 00 00 ff ff 00 00 00 01 02 00 00 c0 00 00 19
19:32:41.758       	00 00 49 5f 09 00 00 00 14 00 00 00 14 00 00 00 ff ff 00 00 01 01 02 00 c0
19:32:41.759       	00 00 49 5f 21 00 00 00 14 00 00 00 14 00 00 00 ff ff 00 00 01 01 02 00 62 17 82 02 41 21 83 02 6f 31 8a 01 05 8b 03 6f 06 02 80 02 00 01 88 01 90
19:32:41.759       	00 00 49 5f 0a 00 00 00 14 00 00 00 14 00 00 00 ff ff 00 00 01 01 02 00 91 10
19:32:41.760       	00 00 49 5f 0d 00 00 00 14 00 00 00 14 00 00 00 ff ff 00 00 00 01 02 00 00 b0 00 00 01
19:32:41.773       	00 00 49 5f 09 00 00 00 14 00 00 00 14 00 00 00 ff ff 00 00 01 01 02 00 b0
19:32:41.773       	00 00 49 5f 09 00 00 00 14 00 00 00 14 00 00 00 ff ff 00 00 01 01 02 00 0a
19:32:41.773       	00 00 49 5f 0a 00 00 00 14 00 00 00 14 00 00 00 ff ff 00 00 01 01 02 00 91 10
19:32:41.773       	00 00 49 5f 0d 00 00 00 14 00 00 00 14 00 00 00 ff ff 00 00 00 01 02 00 00 a4 08 04 04
19:32:41.774       	00 00 49 5f 09 00 00 00 14 00 00 00 14 00 00 00 ff ff 00 00 01 01 02 00 a4
19:32:41.775       	00 00 49 5f 0c 00 00 00 14 00 00 00 14 00 00 00 ff ff 00 00 00 01 02 00 7f ff 6f 7e
19:32:41.778       	00 00 49 5f 0a 00 00 00 14 00 00 00 14 00 00 00 ff ff 00 00 01 01 02 00 61 19
19:32:41.778       	00 00 49 5f 0d 00 00 00 14 00 00 00 14 00 00 00 ff ff 00 00 00 01 02 00 00 c0 00 00 19
19:32:41.779       	00 00 49 5f 09 00 00 00 14 00 00 00 14 00 00 00 ff ff 00 00 01 01 02 00 c0
19:32:41.780       	00 00 49 5f 21 00 00 00 14 00 00 00 14 00 00 00 ff ff 00 00 01 01 02 00 62 17 82 02 41 21 83 02 6f 7e 8a 01 05 8b 03 6f 06 05 80 02 00 0b 88 01 58
19:32:41.780       	00 00 49 5f 0a 00 00 00 14 00 00 00 14 00 00 00 ff ff 00 00 01 01 02 00 91 10
19:32:41.781       	00 00 49 5f 0d 00 00 00 14 00 00 00 14 00 00 00 ff ff 00 00 00 01 02 00 00 b0 00 00 0b
19:32:41.794       	00 00 49 5f 09 00 00 00 14 00 00 00 14 00 00 00 ff ff 00 00 01 01 02 00 b0
19:32:41.794       	00 00 49 5f 13 00 00 00 14 00 00 00 14 00 00 00 ff ff 00 00 01 01 02 00 a7 cd 8e 72 64 f0 10 a8 36 00 00
19:32:41.794       	00 00 49 5f 0a 00 00 00 14 00 00 00 14 00 00 00 ff ff 00 00 01 01 02 00 91 10
19:32:41.795       	00 00 49 5f 0d 00 00 00 14 00 00 00 14 00 00 00 ff ff 00 00 00 01 02 00 00 a4 08 04 04
19:32:41.795       	00 00 49 5f 09 00 00 00 14 00 00 00 14 00 00 00 ff ff 00 00 01 01 02 00 a4
19:32:41.796       	00 00 49 5f 0c 00 00 00 14 00 00 00 14 00 00 00 ff ff 00 00 00 01 02 00 7f ff 6f 78
19:32:41.799       	00 00 49 5f 0a 00 00 00 14 00 00 00 14 00 00 00 ff ff 00 00 01 01 02 00 61 19
19:32:41.800       	00 00 49 5f 0d 00 00 00 14 00 00 00 14 00 00 00 ff ff 00 00 00 01 02 00 00 c0 00 00 19
19:32:41.800       	00 00 49 5f 09 00 00 00 14 00 00 00 14 00 00 00 ff ff 00 00 01 01 02 00 c0
19:32:41.801       	00 00 49 5f 21 00 00 00 14 00 00 00 14 00 00 00 ff ff 00 00 01 01 02 00 62 17 82 02 41 21 83 02 6f 78 8a 01 05 8b 03 6f 06 02 80 02 00 02 88 01 30
19:32:41.801       	00 00 49 5f 0a 00 00 00 14 00 00 00 14 00 00 00 ff ff 00 00 01 01 02 00 91 10
19:32:41.802       	00 00 49 5f 0d 00 00 00 14 00 00 00 14 00 00 00 ff ff 00 00 00 01 02 00 00 b0 00 00 02
19:32:41.815       	00 00 49 5f 09 00 00 00 14 00 00 00 14 00 00 00 ff ff 00 00 01 01 02 00 b0
19:32:41.815       	00 00 49 5f 0a 00 00 00 14 00 00 00 14 00 00 00 ff ff 00 00 01 01 02 00 01 00
19:32:41.815       	00 00 49 5f 0a 00 00 00 14 00 00 00 14 00 00 00 ff ff 00 00 01 01 02 00 91 10
19:32:41.816       	00 00 49 5f 0d 00 00 00 14 00 00 00 14 00 00 00 ff ff 00 00 00 01 02 00 00 a4 08 04 04
19:32:41.816       	00 00 49 5f 09 00 00 00 14 00 00 00 14 00 00 00 ff ff 00 00 01 01 02 00 a4
19:32:41.817       	00 00 49 5f 0c 00 00 00 14 00 00 00 14 00 00 00 ff ff 00 00 00 01 02 00 7f ff 6f 73
19:32:41.820       	00 00 49 5f 0a 00 00 00 14 00 00 00 14 00 00 00 ff ff 00 00 01 01 02 00 61 19
19:32:41.821       	00 00 49 5f 0d 00 00 00 14 00 00 00 14 00 00 00 ff ff 00 00 00 01 02 00 00 c0 00 00 19
19:32:41.821       	00 00 49 5f 09 00 00 00 14 00 00 00 14 00 00 00 ff ff 00 00 01 01 02 00 c0
19:32:41.822       	00 00 49 5f 21 00 00 00 14 00 00 00 14 00 00 00 ff ff 00 00 01 01 02 00 62 17 82 02 41 21 83 02 6f 73 8a 01 05 8b 03 6f 06 05 80 02 00 0e 88 01 60
19:32:41.822       	00 00 49 5f 0a 00 00 00 14 00 00 00 14 00 00 00 ff ff 00 00 01 01 02 00 91 10
19:32:41.823       	00 00 49 5f 0d 00 00 00 14 00 00 00 14 00 00 00 ff ff 00 00 00 01 02 00 00 b0 00 00 0e
19:32:41.836       	00 00 49 5f 09 00 00 00 14 00 00 00 14 00 00 00 ff ff 00 00 01 01 02 00 b0
19:32:41.837       	00 00 49 5f 16 00 00 00 14 00 00 00 14 00 00 00 ff ff 00 00 01 01 02 00 ff ff ff ff ff ff ff 64 f0 10 12 34 00 01
19:32:41.837       	00 00 49 5f 0a 00 00 00 14 00 00 00 14 00 00 00 ff ff 00 00 01 01 02 00 91 10
19:32:41.837       	00 00 49 5f 0d 00 00 00 14 00 00 00 14 00 00 00 ff ff 00 00 00 01 02 00 00 a4 08 04 04
19:32:41.838       	00 00 49 5f 09 00 00 00 14 00 00 00 14 00 00 00 ff ff 00 00 01 01 02 00 a4
19:32:41.839       	00 00 49 5f 0c 00 00 00 14 00 00 00 14 00 00 00 ff ff 00 00 00 01 02 00 7f ff 6f 08
19:32:41.842       	00 00 49 5f 0a 00 00 00 14 00 00 00 14 00 00 00 ff ff 00 00 01 01 02 00 61 19
19:32:41.843       	00 00 49 5f 0d 00 00 00 14 00 00 00 14 00 00 00 ff ff 00 00 00 01 02 00 00 c0 00 00 19
19:32:41.843       	00 00 49 5f 09 00 00 00 14 00 00 00 14 00 00 00 ff ff 00 00 01 01 02 00 c0
19:32:41.844       	00 00 49 5f 21 00 00 00 14 00 00 00 14 00 00 00 ff ff 00 00 01 01 02 00 62 17 82 02 41 21 83 02 6f 08 8a 01 05 8b 03 6f 06 05 80 02 00 21 88 01 40
19:32:41.844       	00 00 49 5f 0a 00 00 00 14 00 00 00 14 00 00 00 ff ff 00 00 01 01 02 00 91 10
19:32:41.845       	00 00 49 5f 0d 00 00 00 14 00 00 00 14 00 00 00 ff ff 00 00 00 01 02 00 00 b0 00 00 21
19:32:41.858       	00 00 49 5f 09 00 00 00 14 00 00 00 14 00 00 00 ff ff 00 00 01 01 02 00 b0
19:32:41.859       	00 00 00 00 29 00 00 00 14 00 00 00 14 00 00 00 ff ff 00 00 01 01 02 00 07 ff ff ff ff ff ff ff ff ff ff ff ff ff ff ff ff ff ff ff ff ff ff ff ff ff ff ff ff ff ff ff ff
19:32:41.860       	00 00 49 5f 0a 00 00 00 14 00 00 00 14 00 00 00 ff ff 00 00 01 01 02 00 91 10
19:32:41.860       	00 00 49 5f 0d 00 00 00 14 00 00 00 14 00 00 00 ff ff 00 00 00 01 02 00 00 a4 08 04 04
19:32:41.861       	00 00 49 5f 09 00 00 00 14 00 00 00 14 00 00 00 ff ff 00 00 01 01 02 00 a4
19:32:41.861       	00 00 49 5f 0c 00 00 00 14 00 00 00 14 00 00 00 ff ff 00 00 00 01 02 00 7f ff 6f 09
19:32:41.865       	00 00 49 5f 0a 00 00 00 14 00 00 00 14 00 00 00 ff ff 00 00 01 01 02 00 61 19
19:32:41.865       	00 00 49 5f 0d 00 00 00 14 00 00 00 14 00 00 00 ff ff 00 00 00 01 02 00 00 c0 00 00 19
19:32:41.866       	00 00 49 5f 09 00 00 00 14 00 00 00 14 00 00 00 ff ff 00 00 01 01 02 00 c0
19:32:41.867       	00 00 49 5f 21 00 00 00 14 00 00 00 14 00 00 00 ff ff 00 00 01 01 02 00 62 17 82 02 41 21 83 02 6f 09 8a 01 05 8b 03 6f 06 05 80 02 00 21 88 01 48
19:32:41.867       	00 00 49 5f 0a 00 00 00 14 00 00 00 14 00 00 00 ff ff 00 00 01 01 02 00 91 10
19:32:41.868       	00 00 49 5f 0d 00 00 00 14 00 00 00 14 00 00 00 ff ff 00 00 00 01 02 00 00 b0 00 00 21
19:32:41.881       	00 00 49 5f 09 00 00 00 14 00 00 00 14 00 00 00 ff ff 00 00 01 01 02 00 b0
19:32:41.882       	00 00 00 00 29 00 00 00 14 00 00 00 14 00 00 00 ff ff 00 00 01 01 02 00 07 ff ff ff ff ff ff ff ff ff ff ff ff ff ff ff ff ff ff ff ff ff ff ff ff ff ff ff ff ff ff ff ff
19:32:41.882       	00 00 49 5f 0a 00 00 00 14 00 00 00 14 00 00 00 ff ff 00 00 01 01 02 00 91 10
19:32:41.883       	00 00 49 5f 0d 00 00 00 14 00 00 00 14 00 00 00 ff ff 00 00 00 01 02 00 00 a4 08 04 04
19:32:41.884       	00 00 49 5f 09 00 00 00 14 00 00 00 14 00 00 00 ff ff 00 00 01 01 02 00 a4
19:32:41.884       	00 00 49 5f 0c 00 00 00 14 00 00 00 14 00 00 00 ff ff 00 00 00 01 02 00 7f ff 6f 7b
19:32:41.887       	00 00 49 5f 0a 00 00 00 14 00 00 00 14 00 00 00 ff ff 00 00 01 01 02 00 61 19
19:32:41.888       	00 00 49 5f 0d 00 00 00 14 00 00 00 14 00 00 00 ff ff 00 00 00 01 02 00 00 c0 00 00 19
19:32:41.888       	00 00 49 5f 09 00 00 00 14 00 00 00 14 00 00 00 ff ff 00 00 01 01 02 00 c0
19:32:41.889       	00 00 49 5f 21 00 00 00 14 00 00 00 14 00 00 00 ff ff 00 00 01 01 02 00 62 17 82 02 41 21 83 02 6f 7b 8a 01 05 8b 03 6f 06 05 80 02 00 0c 88 01 68
19:32:41.889       	00 00 49 5f 0a 00 00 00 14 00 00 00 14 00 00 00 ff ff 00 00 01 01 02 00 91 10
19:32:41.890       	00 00 49 5f 0d 00 00 00 14 00 00 00 14 00 00 00 ff ff 00 00 00 01 02 00 00 b0 00 00 0c
19:32:41.903       	00 00 49 5f 09 00 00 00 14 00 00 00 14 00 00 00 ff ff 00 00 01 01 02 00 b0
19:32:41.904       	00 00 49 5f 14 00 00 00 14 00 00 00 14 00 00 00 ff ff 00 00 01 01 02 00 ff ff ff ff ff ff ff ff ff ff ff ff
19:32:41.904       	00 00 49 5f 0a 00 00 00 14 00 00 00 14 00 00 00 ff ff 00 00 01 01 02 00 91 10
19:32:41.904       	00 00 49 5f 0d 00 00 00 14 00 00 00 14 00 00 00 ff ff 00 00 00 01 02 00 00 a4 08 04 04
19:32:41.905       	00 00 49 5f 09 00 00 00 14 00 00 00 14 00 00 00 ff ff 00 00 01 01 02 00 a4
19:32:41.906       	00 00 49 5f 0c 00 00 00 14 00 00 00 14 00 00 00 ff ff 00 00 00 01 02 00 7f ff 6f 5b
19:32:41.909       	00 00 49 5f 0a 00 00 00 14 00 00 00 14 00 00 00 ff ff 00 00 01 01 02 00 61 19
19:32:41.909       	00 00 49 5f 0d 00 00 00 14 00 00 00 14 00 00 00 ff ff 00 00 00 01 02 00 00 c0 00 00 19
19:32:41.910       	00 00 49 5f 09 00 00 00 14 00 00 00 14 00 00 00 ff ff 00 00 01 01 02 00 c0
19:32:41.911       	00 00 49 5f 21 00 00 00 14 00 00 00 14 00 00 00 ff ff 00 00 01 01 02 00 62 17 82 02 41 21 83 02 6f 5b 8a 01 05 8b 03 6f 06 05 80 02 00 06 88 01 78
19:32:41.911       	00 00 49 5f 0a 00 00 00 14 00 00 00 14 00 00 00 ff ff 00 00 01 01 02 00 91 10
19:32:41.912       	00 00 49 5f 0d 00 00 00 14 00 00 00 14 00 00 00 ff ff 00 00 00 01 02 00 00 b0 00 00 06
19:32:41.925       	00 00 49 5f 09 00 00 00 14 00 00 00 14 00 00 00 ff ff 00 00 01 01 02 00 b0
19:32:41.925       	00 00 49 5f 0e 00 00 00 14 00 00 00 14 00 00 00 ff ff 00 00 01 01 02 00 00 00 00 00 00 00
19:32:41.925       	00 00 49 5f 0a 00 00 00 14 00 00 00 14 00 00 00 ff ff 00 00 01 01 02 00 91 10
19:32:41.926       	00 00 49 5f 0d 00 00 00 14 00 00 00 14 00 00 00 ff ff 00 00 00 01 02 00 00 a4 08 04 04
19:32:41.926       	00 00 49 5f 09 00 00 00 14 00 00 00 14 00 00 00 ff ff 00 00 01 01 02 00 a4
19:32:41.927       	00 00 49 5f 0c 00 00 00 14 00 00 00 14 00 00 00 ff ff 00 00 00 01 02 00 7f ff 6f 5c
19:32:41.930       	00 00 49 5f 0a 00 00 00 14 00 00 00 14 00 00 00 ff ff 00 00 01 01 02 00 61 19
19:32:41.931       	00 00 49 5f 0d 00 00 00 14 00 00 00 14 00 00 00 ff ff 00 00 00 01 02 00 00 c0 00 00 19
19:32:41.931       	00 00 49 5f 09 00 00 00 14 00 00 00 14 00 00 00 ff ff 00 00 01 01 02 00 c0
19:32:41.932       	00 00 49 5f 21 00 00 00 14 00 00 00 14 00 00 00 ff ff 00 00 01 01 02 00 62 17 82 02 41 21 83 02 6f 5c 8a 01 05 8b 03 6f 06 02 80 02 00 03 88 01 80
19:32:41.932       	00 00 49 5f 0a 00 00 00 14 00 00 00 14 00 00 00 ff ff 00 00 01 01 02 00 91 10
19:32:41.933       	00 00 49 5f 0d 00 00 00 14 00 00 00 14 00 00 00 ff ff 00 00 00 01 02 00 00 b0 00 00 03
19:32:41.946       	00 00 49 5f 09 00 00 00 14 00 00 00 14 00 00 00 ff ff 00 00 01 01 02 00 b0
19:32:41.946       	00 00 49 5f 0b 00 00 00 14 00 00 00 14 00 00 00 ff ff 00 00 01 01 02 00 ff ff ff
19:32:41.946       	00 00 49 5f 0a 00 00 00 14 00 00 00 14 00 00 00 ff ff 00 00 01 01 02 00 91 10
19:32:41.947       	00 00 49 5f 0d 00 00 00 14 00 00 00 14 00 00 00 ff ff 00 00 00 01 02 00 80 f2 01 0c 00
19:32:41.978       	00 00 49 5f 0a 00 00 00 14 00 00 00 14 00 00 00 ff ff 00 00 01 01 02 00 91 10
19:32:41.979       	00 00 49 5f 0d 00 00 00 14 00 00 00 14 00 00 00 ff ff 00 00 00 01 02 00 00 a4 08 04 04
19:32:41.979       	00 00 49 5f 09 00 00 00 14 00 00 00 14 00 00 00 ff ff 00 00 01 01 02 00 a4
19:32:41.980       	00 00 49 5f 0c 00 00 00 14 00 00 00 14 00 00 00 ff ff 00 00 00 01 02 00 7f 10 5f 3a
19:32:41.981       	00 00 49 5f 0a 00 00 00 14 00 00 00 14 00 00 00 ff ff 00 00 01 01 02 00 6a 82
19:32:41.982       	00 00 49 5f 0d 00 00 00 14 00 00 00 14 00 00 00 ff ff 00 00 00 01 02 00 00 a4 00 04 02
19:32:41.982       	00 00 49 5f 09 00 00 00 14 00 00 00 14 00 00 00 ff ff 00 00 01 01 02 00 a4
19:32:41.983       	00 00 49 5f 0a 00 00 00 14 00 00 00 14 00 00 00 ff ff 00 00 00 01 02 00 3f 00
19:32:41.984       	00 00 49 5f 0a 00 00 00 14 00 00 00 14 00 00 00 ff ff 00 00 01 01 02 00 61 28
19:32:41.984       	00 00 49 5f 0d 00 00 00 14 00 00 00 14 00 00 00 ff ff 00 00 00 01 02 00 00 c0 00 00 28
19:32:41.985       	00 00 49 5f 09 00 00 00 14 00 00 00 14 00 00 00 ff ff 00 00 01 01 02 00 c0
19:32:41.987       	00 00 00 00 30 00 00 00 14 00 00 00 14 00 00 00 ff ff 00 00 01 01 02 00 62 26 82 02 78 21 83 02 3f 00 a5 06 80 01 71 87 01 01 8a 01 05 8b 03 2f 06 0e c6 0c 90 01 60 83 01 01 83 01 02 83 01 0a
19:32:41.987       	00 00 49 5f 0a 00 00 00 14 00 00 00 14 00 00 00 ff ff 00 00 01 01 02 00 91 10
19:32:41.987       	00 00 49 5f 0d 00 00 00 14 00 00 00 14 00 00 00 ff ff 00 00 00 01 02 00 00 a4 00 04 02
19:32:41.988       	00 00 49 5f 09 00 00 00 14 00 00 00 14 00 00 00 ff ff 00 00 01 01 02 00 a4
19:32:41.988       	00 00 49 5f 0a 00 00 00 14 00 00 00 14 00 00 00 ff ff 00 00 00 01 02 00 7f 10
19:32:41.989       	00 00 49 5f 0a 00 00 00 14 00 00 00 14 00 00 00 ff ff 00 00 01 01 02 00 6a 82
19:32:41.990       	00 00 49 5f 0d 00 00 00 14 00 00 00 14 00 00 00 ff ff 00 00 00 01 02 00 00 a4 08 04 04
19:32:41.990       	00 00 49 5f 09 00 00 00 14 00 00 00 14 00 00 00 ff ff 00 00 01 01 02 00 a4
19:32:41.991       	00 00 49 5f 0c 00 00 00 14 00 00 00 14 00 00 00 ff ff 00 00 00 01 02 00 7f ff 5f 3a
19:32:41.993       	00 00 49 5f 0a 00 00 00 14 00 00 00 14 00 00 00 ff ff 00 00 01 01 02 00 6a 82
19:32:41.993       	00 00 49 5f 0d 00 00 00 14 00 00 00 14 00 00 00 ff ff 00 00 00 01 02 00 00 a4 00 04 02
19:32:41.994       	00 00 49 5f 09 00 00 00 14 00 00 00 14 00 00 00 ff ff 00 00 01 01 02 00 a4
19:32:41.995       	00 00 49 5f 0a 00 00 00 14 00 00 00 14 00 00 00 ff ff 00 00 00 01 02 00 3f 00
19:32:41.995       	00 00 49 5f 0a 00 00 00 14 00 00 00 14 00 00 00 ff ff 00 00 01 01 02 00 61 28
19:32:41.996       	00 00 49 5f 0d 00 00 00 14 00 00 00 14 00 00 00 ff ff 00 00 00 01 02 00 00 c0 00 00 28
19:32:41.996       	00 00 49 5f 09 00 00 00 14 00 00 00 14 00 00 00 ff ff 00 00 01 01 02 00 c0
19:32:41.998       	00 00 00 00 30 00 00 00 14 00 00 00 14 00 00 00 ff ff 00 00 01 01 02 00 62 26 82 02 78 21 83 02 3f 00 a5 06 80 01 71 87 01 01 8a 01 05 8b 03 2f 06 0e c6 0c 90 01 60 83 01 01 83 01 02 83 01 0a
19:32:41.998       	00 00 49 5f 0a 00 00 00 14 00 00 00 14 00 00 00 ff ff 00 00 01 01 02 00 91 10
19:32:41.999       	00 00 49 5f 0d 00 00 00 14 00 00 00 14 00 00 00 ff ff 00 00 00 01 02 00 00 a4 00 04 02
19:32:42.000       	00 00 49 5f 09 00 00 00 14 00 00 00 14 00 00 00 ff ff 00 00 01 01 02 00 a4
19:32:42.000       	00 00 49 5f 0a 00 00 00 14 00 00 00 14 00 00 00 ff ff 00 00 00 01 02 00 7f ff
19:32:42.022       	00 00 49 5f 0a 00 00 00 14 00 00 00 14 00 00 00 ff ff 00 00 01 01 02 00 61 32
19:32:42.023       	00 00 49 5f 0d 00 00 00 14 00 00 00 14 00 00 00 ff ff 00 00 00 01 02 00 00 c0 00 00 32
19:32:42.023       	00 00 49 5f 09 00 00 00 14 00 00 00 14 00 00 00 ff ff 00 00 01 01 02 00 c0
19:32:42.025       	00 00 00 00 3a 00 00 00 14 00 00 00 14 00 00 00 ff ff 00 00 01 01 02 00 62 30 82 02 78 21 83 02 7f f1 84 10 a0 00 00 00 87 10 02 ff 33 ff 01 89 00 00 01 00 8a 01 05 8b 03 2f 06 0e c6 0c 90 01 60 83 01 01 83 01 81 83 01 0a
19:32:42.025       	00 00 49 5f 0a 00 00 00 14 00 00 00 14 00 00 00 ff ff 00 00 01 01 02 00 91 10
19:32:42.026       	00 00 49 5f 0d 00 00 00 14 00 00 00 14 00 00 00 ff ff 00 00 00 01 02 00 00 a4 00 04 02
19:32:42.027       	00 00 49 5f 09 00 00 00 14 00 00 00 14 00 00 00 ff ff 00 00 01 01 02 00 a4
19:32:42.027       	00 00 49 5f 0a 00 00 00 14 00 00 00 14 00 00 00 ff ff 00 00 00 01 02 00 5f 3a
19:32:42.029       	00 00 49 5f 0a 00 00 00 14 00 00 00 14 00 00 00 ff ff 00 00 01 01 02 00 6a 82
19:32:42.030       	00 00 49 5f 0d 00 00 00 14 00 00 00 14 00 00 00 ff ff 00 00 00 01 02 00 00 a4 08 04 04
19:32:42.030       	00 00 49 5f 09 00 00 00 14 00 00 00 14 00 00 00 ff ff 00 00 01 01 02 00 a4
19:32:42.031       	00 00 49 5f 0c 00 00 00 14 00 00 00 14 00 00 00 ff ff 00 00 00 01 02 00 7f ff 5f c0
19:32:42.033       	00 00 49 5f 0a 00 00 00 14 00 00 00 14 00 00 00 ff ff 00 00 01 01 02 00 6a 82
19:32:42.034       	00 00 49 5f 0d 00 00 00 14 00 00 00 14 00 00 00 ff ff 00 00 00 01 02 00 00 a4 00 04 02
19:32:42.034       	00 00 49 5f 09 00 00 00 14 00 00 00 14 00 00 00 ff ff 00 00 01 01 02 00 a4
19:32:42.035       	00 00 49 5f 0a 00 00 00 14 00 00 00 14 00 00 00 ff ff 00 00 00 01 02 00 3f 00
19:32:42.036       	00 00 49 5f 0a 00 00 00 14 00 00 00 14 00 00 00 ff ff 00 00 01 01 02 00 61 28
19:32:42.036       	00 00 49 5f 0d 00 00 00 14 00 00 00 14 00 00 00 ff ff 00 00 00 01 02 00 00 c0 00 00 28
19:32:42.037       	00 00 49 5f 09 00 00 00 14 00 00 00 14 00 00 00 ff ff 00 00 01 01 02 00 c0
19:32:42.039       	00 00 00 00 30 00 00 00 14 00 00 00 14 00 00 00 ff ff 00 00 01 01 02 00 62 26 82 02 78 21 83 02 3f 00 a5 06 80 01 71 87 01 01 8a 01 05 8b 03 2f 06 0e c6 0c 90 01 60 83 01 01 83 01 02 83 01 0a
19:32:42.039       	00 00 49 5f 0a 00 00 00 14 00 00 00 14 00 00 00 ff ff 00 00 01 01 02 00 91 10
19:32:42.040       	00 00 49 5f 0d 00 00 00 14 00 00 00 14 00 00 00 ff ff 00 00 00 01 02 00 00 a4 00 04 02
19:32:42.040       	00 00 49 5f 09 00 00 00 14 00 00 00 14 00 00 00 ff ff 00 00 01 01 02 00 a4
19:32:42.041       	00 00 49 5f 0a 00 00 00 14 00 00 00 14 00 00 00 ff ff 00 00 00 01 02 00 7f ff
19:32:42.063       	00 00 49 5f 0a 00 00 00 14 00 00 00 14 00 00 00 ff ff 00 00 01 01 02 00 61 32
19:32:42.063       	00 00 49 5f 0d 00 00 00 14 00 00 00 14 00 00 00 ff ff 00 00 00 01 02 00 00 c0 00 00 32
19:32:42.063       	00 00 49 5f 09 00 00 00 14 00 00 00 14 00 00 00 ff ff 00 00 01 01 02 00 c0
19:32:42.066       	00 00 00 00 3a 00 00 00 14 00 00 00 14 00 00 00 ff ff 00 00 01 01 02 00 62 30 82 02 78 21 83 02 7f f1 84 10 a0 00 00 00 87 10 02 ff 33 ff 01 89 00 00 01 00 8a 01 05 8b 03 2f 06 0e c6 0c 90 01 60 83 01 01 83 01 81 83 01 0a
19:32:42.066       	00 00 49 5f 0a 00 00 00 14 00 00 00 14 00 00 00 ff ff 00 00 01 01 02 00 91 10
19:32:42.067       	00 00 49 5f 0d 00 00 00 14 00 00 00 14 00 00 00 ff ff 00 00 00 01 02 00 00 a4 00 04 02
19:32:42.067       	00 00 49 5f 09 00 00 00 14 00 00 00 14 00 00 00 ff ff 00 00 01 01 02 00 a4
19:32:42.068       	00 00 49 5f 0a 00 00 00 14 00 00 00 14 00 00 00 ff ff 00 00 00 01 02 00 5f c0
19:32:42.069       	00 00 49 5f 0a 00 00 00 14 00 00 00 14 00 00 00 ff ff 00 00 01 01 02 00 6a 82
19:32:42.070       	00 00 49 5f 0d 00 00 00 14 00 00 00 14 00 00 00 ff ff 00 00 00 01 02 00 00 a4 08 04 04
19:32:42.071       	00 00 49 5f 09 00 00 00 14 00 00 00 14 00 00 00 ff ff 00 00 01 01 02 00 a4
19:32:42.071       	00 00 49 5f 0c 00 00 00 14 00 00 00 14 00 00 00 ff ff 00 00 00 01 02 00 7f ff 5f c0
19:32:42.073       	00 00 49 5f 0a 00 00 00 14 00 00 00 14 00 00 00 ff ff 00 00 01 01 02 00 6a 82
19:32:42.074       	00 00 49 5f 0d 00 00 00 14 00 00 00 14 00 00 00 ff ff 00 00 00 01 02 00 00 a4 00 04 02
19:32:42.074       	00 00 49 5f 09 00 00 00 14 00 00 00 14 00 00 00 ff ff 00 00 01 01 02 00 a4
19:32:42.075       	00 00 49 5f 0a 00 00 00 14 00 00 00 14 00 00 00 ff ff 00 00 00 01 02 00 3f 00
19:32:42.076       	00 00 49 5f 0a 00 00 00 14 00 00 00 14 00 00 00 ff ff 00 00 01 01 02 00 61 28
19:32:42.076       	00 00 49 5f 0d 00 00 00 14 00 00 00 14 00 00 00 ff ff 00 00 00 01 02 00 00 c0 00 00 28
19:32:42.077       	00 00 49 5f 09 00 00 00 14 00 00 00 14 00 00 00 ff ff 00 00 01 01 02 00 c0
19:32:42.079       	00 00 00 00 30 00 00 00 14 00 00 00 14 00 00 00 ff ff 00 00 01 01 02 00 62 26 82 02 78 21 83 02 3f 00 a5 06 80 01 71 87 01 01 8a 01 05 8b 03 2f 06 0e c6 0c 90 01 60 83 01 01 83 01 02 83 01 0a
19:32:42.079       	00 00 49 5f 0a 00 00 00 14 00 00 00 14 00 00 00 ff ff 00 00 01 01 02 00 91 10
19:32:42.079       	00 00 49 5f 0d 00 00 00 14 00 00 00 14 00 00 00 ff ff 00 00 00 01 02 00 00 a4 00 04 02
19:32:42.080       	00 00 49 5f 09 00 00 00 14 00 00 00 14 00 00 00 ff ff 00 00 01 01 02 00 a4
19:32:42.080       	00 00 49 5f 0a 00 00 00 14 00 00 00 14 00 00 00 ff ff 00 00 00 01 02 00 7f ff
19:32:42.102       	00 00 49 5f 0a 00 00 00 14 00 00 00 14 00 00 00 ff ff 00 00 01 01 02 00 61 32
19:32:42.103       	00 00 49 5f 0d 00 00 00 14 00 00 00 14 00 00 00 ff ff 00 00 00 01 02 00 00 c0 00 00 32
19:32:42.103       	00 00 49 5f 09 00 00 00 14 00 00 00 14 00 00 00 ff ff 00 00 01 01 02 00 c0
19:32:42.105       	00 00 00 00 3a 00 00 00 14 00 00 00 14 00 00 00 ff ff 00 00 01 01 02 00 62 30 82 02 78 21 83 02 7f f1 84 10 a0 00 00 00 87 10 02 ff 33 ff 01 89 00 00 01 00 8a 01 05 8b 03 2f 06 0e c6 0c 90 01 60 83 01 01 83 01 81 83 01 0a
19:32:42.106       	00 00 49 5f 0a 00 00 00 14 00 00 00 14 00 00 00 ff ff 00 00 01 01 02 00 91 10
19:32:42.106       	00 00 49 5f 0d 00 00 00 14 00 00 00 14 00 00 00 ff ff 00 00 00 01 02 00 00 a4 00 04 02
19:32:42.107       	00 00 49 5f 09 00 00 00 14 00 00 00 14 00 00 00 ff ff 00 00 01 01 02 00 a4
19:32:42.107       	00 00 49 5f 0a 00 00 00 14 00 00 00 14 00 00 00 ff ff 00 00 00 01 02 00 5f c0
19:32:42.109       	00 00 49 5f 0a 00 00 00 14 00 00 00 14 00 00 00 ff ff 00 00 01 01 02 00 6a 82
19:32:42.110       	00 00 49 5f 0d 00 00 00 14 00 00 00 14 00 00 00 ff ff 00 00 00 01 02 00 80 12 00 00 10
19:32:42.110       	00 00 49 5f 09 00 00 00 14 00 00 00 14 00 00 00 ff ff 00 00 01 01 02 00 12
19:32:42.111       	00 00 49 5f 18 00 00 00 14 00 00 00 14 00 00 00 ff ff 00 00 01 01 02 00 d0 0e 81 03 01 05 00 82 02 81 82 99 03 03 09 0a
19:32:42.111       	00 00 49 5f 0a 00 00 00 14 00 00 00 14 00 00 00 ff ff 00 00 01 01 02 00 90 00
19:32:42.112       	00 00 49 5f 0d 00 00 00 14 00 00 00 14 00 00 00 ff ff 00 00 00 01 02 00 00 a4 08 04 04
19:32:42.112       	00 00 49 5f 09 00 00 00 14 00 00 00 14 00 00 00 ff ff 00 00 01 01 02 00 a4
19:32:42.113       	00 00 49 5f 0c 00 00 00 14 00 00 00 14 00 00 00 ff ff 00 00 00 01 02 00 7f ff 6f 3b
19:32:42.116       	00 00 49 5f 0a 00 00 00 14 00 00 00 14 00 00 00 ff ff 00 00 01 01 02 00 61 1b
19:32:42.117       	00 00 49 5f 0d 00 00 00 14 00 00 00 14 00 00 00 ff ff 00 00 00 01 02 00 00 c0 00 00 1b
19:32:42.117       	00 00 49 5f 09 00 00 00 14 00 00 00 14 00 00 00 ff ff 00 00 01 01 02 00 c0
19:32:42.118       	00 00 49 5f 23 00 00 00 14 00 00 00 14 00 00 00 ff ff 00 00 01 01 02 00 62 19 82 05 42 21 00 1a 14 83 02 6f 3b 8a 01 05 8b 03 6f 06 08 80 02 02 08 88 00
19:32:42.118       	00 00 49 5f 0a 00 00 00 14 00 00 00 14 00 00 00 ff ff 00 00 01 01 02 00 90 00
19:32:42.119       	00 00 49 5f 0d 00 00 00 14 00 00 00 14 00 00 00 ff ff 00 00 00 01 02 00 80 14 00 00 0c
19:32:42.120       	00 00 49 5f 09 00 00 00 14 00 00 00 14 00 00 00 ff ff 00 00 01 01 02 00 14
19:32:42.120       	00 00 49 5f 14 00 00 00 14 00 00 00 14 00 00 00 ff ff 00 00 00 01 02 00 81 03 01 05 00 02 02 82 81 83 01 00
19:32:42.122       	00 00 49 5f 0a 00 00 00 14 00 00 00 14 00 00 00 ff ff 00 00 01 01 02 00 91 0f
19:32:42.123       	00 00 49 5f 0d 00 00 00 14 00 00 00 14 00 00 00 ff ff 00 00 00 01 02 00 80 12 00 00 0f
19:32:42.123       	00 00 49 5f 09 00 00 00 14 00 00 00 14 00 00 00 ff ff 00 00 01 01 02 00 12
19:32:42.124       	00 00 49 5f 17 00 00 00 14 00 00 00 14 00 00 00 ff ff 00 00 01 01 02 00 d0 0d 81 03 01 03 00 82 02 81 82 84 02 01 1e
19:32:42.124       	00 00 49 5f 0a 00 00 00 14 00 00 00 14 00 00 00 ff ff 00 00 01 01 02 00 90 00
19:32:42.125       	00 00 49 5f 0d 00 00 00 14 00 00 00 14 00 00 00 ff ff 00 00 00 01 02 00 00 a4 08 04 04
19:32:42.125       	00 00 49 5f 09 00 00 00 14 00 00 00 14 00 00 00 ff ff 00 00 01 01 02 00 a4
19:32:42.126       	00 00 49 5f 0c 00 00 00 14 00 00 00 14 00 00 00 ff ff 00 00 00 01 02 00 7f ff 6f 60
19:32:42.129       	00 00 49 5f 0a 00 00 00 14 00 00 00 14 00 00 00 ff ff 00 00 01 01 02 00 61 19
19:32:42.129       	00 00 49 5f 0d 00 00 00 14 00 00 00 14 00 00 00 ff ff 00 00 00 01 02 00 00 c0 00 00 19
19:32:42.130       	00 00 49 5f 09 00 00 00 14 00 00 00 14 00 00 00 ff ff 00 00 01 01 02 00 c0
19:32:42.131       	00 00 49 5f 21 00 00 00 14 00 00 00 14 00 00 00 ff ff 00 00 01 01 02 00 62 17 82 02 41 21 83 02 6f 60 8a 01 05 8b 03 6f 06 05 80 02 00 28 88 01 50
19:32:42.131       	00 00 49 5f 0a 00 00 00 14 00 00 00 14 00 00 00 ff ff 00 00 01 01 02 00 90 00
19:32:42.132       	00 00 49 5f 0d 00 00 00 14 00 00 00 14 00 00 00 ff ff 00 00 00 01 02 00 00 b0 00 00 28
19:32:42.145       	00 00 49 5f 09 00 00 00 14 00 00 00 14 00 00 00 ff ff 00 00 01 01 02 00 b0
19:32:42.147       	00 00 1e 55 30 00 00 00 14 00 00 00 14 00 00 00 ff ff 00 00 01 01 02 00 ff ff ff 00 00 ff ff ff 00 00 ff ff ff 00 00 ff ff ff 00 00 ff ff ff 00 00 ff ff ff 00 00 ff ff ff 00 00 ff ff ff 00 00
19:32:42.147       	00 00 49 5f 0a 00 00 00 14 00 00 00 14 00 00 00 ff ff 00 00 01 01 02 00 90 00
19:32:42.147       	00 00 49 5f 0d 00 00 00 14 00 00 00 14 00 00 00 ff ff 00 00 00 01 02 00 00 a4 08 04 04
19:32:42.148       	00 00 49 5f 09 00 00 00 14 00 00 00 14 00 00 00 ff ff 00 00 01 01 02 00 a4
19:32:42.148       	00 00 49 5f 0c 00 00 00 14 00 00 00 14 00 00 00 ff ff 00 00 00 01 02 00 7f ff 6f 61
19:32:42.151       	00 00 49 5f 0a 00 00 00 14 00 00 00 14 00 00 00 ff ff 00 00 01 01 02 00 61 19
19:32:42.152       	00 00 49 5f 0d 00 00 00 14 00 00 00 14 00 00 00 ff ff 00 00 00 01 02 00 00 c0 00 00 19
19:32:42.152       	00 00 49 5f 09 00 00 00 14 00 00 00 14 00 00 00 ff ff 00 00 01 01 02 00 c0
19:32:42.153       	00 00 49 5f 21 00 00 00 14 00 00 00 14 00 00 00 ff ff 00 00 01 01 02 00 62 17 82 02 41 21 83 02 6f 61 8a 01 05 8b 03 6f 06 02 80 02 00 28 88 01 88
19:32:42.154       	00 00 49 5f 0a 00 00 00 14 00 00 00 14 00 00 00 ff ff 00 00 01 01 02 00 90 00
19:32:42.154       	00 00 49 5f 0d 00 00 00 14 00 00 00 14 00 00 00 ff ff 00 00 00 01 02 00 00 b0 00 00 28
19:32:42.167       	00 00 49 5f 09 00 00 00 14 00 00 00 14 00 00 00 ff ff 00 00 01 01 02 00 b0
19:32:42.169       	00 00 00 00 30 00 00 00 14 00 00 00 14 00 00 00 ff ff 00 00 01 01 02 00 64 f0 10 40 00 64 f0 11 40 00 54 f4 00 40 00 54 f5 10 40 00 ff ff ff 00 00 ff ff ff 00 00 ff ff ff 00 00 ff ff ff 00 00
19:32:42.169       	00 00 49 5f 0a 00 00 00 14 00 00 00 14 00 00 00 ff ff 00 00 01 01 02 00 90 00
19:32:42.170       	00 00 49 5f 0d 00 00 00 14 00 00 00 14 00 00 00 ff ff 00 00 00 01 02 00 00 a4 08 04 04
19:32:42.170       	00 00 49 5f 09 00 00 00 14 00 00 00 14 00 00 00 ff ff 00 00 01 01 02 00 a4
19:32:42.171       	00 00 49 5f 0c 00 00 00 14 00 00 00 14 00 00 00 ff ff 00 00 00 01 02 00 7f ff 6f 62
19:32:42.174       	00 00 49 5f 0a 00 00 00 14 00 00 00 14 00 00 00 ff ff 00 00 01 01 02 00 61 19
19:32:42.174       	00 00 49 5f 0d 00 00 00 14 00 00 00 14 00 00 00 ff ff 00 00 00 01 02 00 00 c0 00 00 19
19:32:42.175       	00 00 49 5f 09 00 00 00 14 00 00 00 14 00 00 00 ff ff 00 00 01 01 02 00 c0
19:32:42.176       	00 00 49 5f 21 00 00 00 14 00 00 00 14 00 00 00 ff ff 00 00 01 01 02 00 62 17 82 02 41 21 83 02 6f 62 8a 01 05 8b 03 6f 06 02 80 02 00 05 88 01 98
19:32:42.176       	00 00 49 5f 0a 00 00 00 14 00 00 00 14 00 00 00 ff ff 00 00 01 01 02 00 90 00
19:32:42.177       	00 00 49 5f 0d 00 00 00 14 00 00 00 14 00 00 00 ff ff 00 00 00 01 02 00 00 b0 00 00 05
19:32:42.189       	00 00 49 5f 09 00 00 00 14 00 00 00 14 00 00 00 ff ff 00 00 01 01 02 00 b0
19:32:42.190       	00 00 49 5f 0d 00 00 00 14 00 00 00 14 00 00 00 ff ff 00 00 01 01 02 00 54 f4 00 40 00
19:32:42.190       	00 00 49 5f 0a 00 00 00 14 00 00 00 14 00 00 00 ff ff 00 00 01 01 02 00 90 00
19:32:42.191       	00 00 49 5f 0d 00 00 00 14 00 00 00 14 00 00 00 ff ff 00 00 00 01 02 00 00 a4 08 04 04
19:32:42.191       	00 00 49 5f 09 00 00 00 14 00 00 00 14 00 00 00 ff ff 00 00 01 01 02 00 a4
19:32:42.192       	00 00 49 5f 0c 00 00 00 14 00 00 00 14 00 00 00 ff ff 00 00 00 01 02 00 7f ff 6f d9
19:32:42.194       	00 00 49 5f 0a 00 00 00 14 00 00 00 14 00 00 00 ff ff 00 00 01 01 02 00 61 19
19:32:42.195       	00 00 49 5f 0d 00 00 00 14 00 00 00 14 00 00 00 ff ff 00 00 00 01 02 00 00 c0 00 00 19
19:32:42.195       	00 00 49 5f 09 00 00 00 14 00 00 00 14 00 00 00 ff ff 00 00 01 01 02 00 c0
19:32:42.197       	00 00 49 5f 21 00 00 00 14 00 00 00 14 00 00 00 ff ff 00 00 01 01 02 00 62 17 82 02 41 21 83 02 6f d9 8a 01 05 8b 03 6f 06 02 80 02 00 0f 88 01 e8
19:32:42.197       	00 00 49 5f 0a 00 00 00 14 00 00 00 14 00 00 00 ff ff 00 00 01 01 02 00 90 00
19:32:42.198       	00 00 49 5f 0d 00 00 00 14 00 00 00 14 00 00 00 ff ff 00 00 00 01 02 00 00 b0 00 00 0f
19:32:42.210       	00 00 49 5f 09 00 00 00 14 00 00 00 14 00 00 00 ff ff 00 00 01 01 02 00 b0
19:32:42.211       	00 00 49 5f 17 00 00 00 14 00 00 00 14 00 00 00 ff ff 00 00 01 01 02 00 54 f4 00 ff ff ff ff ff ff ff ff ff ff ff ff
19:32:42.211       	00 00 49 5f 0a 00 00 00 14 00 00 00 14 00 00 00 ff ff 00 00 01 01 02 00 90 00
19:32:42.212       	00 00 49 5f 0d 00 00 00 14 00 00 00 14 00 00 00 ff ff 00 00 00 01 02 00 00 a4 08 04 04
19:32:42.213       	00 00 49 5f 09 00 00 00 14 00 00 00 14 00 00 00 ff ff 00 00 01 01 02 00 a4
19:32:42.213       	00 00 49 5f 0c 00 00 00 14 00 00 00 14 00 00 00 ff ff 00 00 00 01 02 00 7f ff 6f 46
19:32:42.217       	00 00 49 5f 0a 00 00 00 14 00 00 00 14 00 00 00 ff ff 00 00 01 01 02 00 61 18
19:32:42.217       	00 00 49 5f 0d 00 00 00 14 00 00 00 14 00 00 00 ff ff 00 00 00 01 02 00 00 c0 00 00 18
19:32:42.218       	00 00 49 5f 09 00 00 00 14 00 00 00 14 00 00 00 ff ff 00 00 01 01 02 00 c0
19:32:42.219       	00 00 49 5f 20 00 00 00 14 00 00 00 14 00 00 00 ff ff 00 00 01 01 02 00 62 16 82 02 41 21 83 02 6f 46 8a 01 05 8b 03 6f 06 0a 80 02 00 11 88 00
19:32:42.219       	00 00 49 5f 0a 00 00 00 14 00 00 00 14 00 00 00 ff ff 00 00 01 01 02 00 90 00
19:32:42.220       	00 00 49 5f 0d 00 00 00 14 00 00 00 14 00 00 00 ff ff 00 00 00 01 02 00 00 b0 00 00 11
19:32:42.220       	00 00 49 5f 09 00 00 00 14 00 00 00 14 00 00 00 ff ff 00 00 01 01 02 00 b0
19:32:42.221       	00 00 49 5f 19 00 00 00 14 00 00 00 14 00 00 00 ff ff 00 00 01 01 02 00 00 52 65 64 74 65 61 47 4f ff ff ff ff ff ff ff ff
19:32:42.221       	00 00 49 5f 0a 00 00 00 14 00 00 00 14 00 00 00 ff ff 00 00 01 01 02 00 90 00
19:32:42.222       	00 00 49 5f 0d 00 00 00 14 00 00 00 14 00 00 00 ff ff 00 00 00 01 02 00 00 a4 08 04 04
19:32:42.223       	00 00 49 5f 09 00 00 00 14 00 00 00 14 00 00 00 ff ff 00 00 01 01 02 00 a4
19:32:42.223       	00 00 49 5f 0c 00 00 00 14 00 00 00 14 00 00 00 ff ff 00 00 00 01 02 00 7f 20 6f 46
19:32:42.224       	00 00 49 5f 0a 00 00 00 14 00 00 00 14 00 00 00 ff ff 00 00 01 01 02 00 6a 82
19:32:42.225       	00 00 49 5f 0d 00 00 00 14 00 00 00 14 00 00 00 ff ff 00 00 00 01 02 00 00 a4 00 04 02
19:32:42.225       	00 00 49 5f 09 00 00 00 14 00 00 00 14 00 00 00 ff ff 00 00 01 01 02 00 a4
19:32:42.226       	00 00 49 5f 0a 00 00 00 14 00 00 00 14 00 00 00 ff ff 00 00 00 01 02 00 3f 00
19:32:42.227       	00 00 49 5f 0a 00 00 00 14 00 00 00 14 00 00 00 ff ff 00 00 01 01 02 00 61 28
19:32:42.227       	00 00 49 5f 0d 00 00 00 14 00 00 00 14 00 00 00 ff ff 00 00 00 01 02 00 00 c0 00 00 28
19:32:42.228       	00 00 49 5f 09 00 00 00 14 00 00 00 14 00 00 00 ff ff 00 00 01 01 02 00 c0
19:32:42.230       	00 00 44 45 30 00 00 00 14 00 00 00 14 00 00 00 ff ff 00 00 01 01 02 00 62 26 82 02 78 21 83 02 3f 00 a5 06 80 01 71 87 01 01 8a 01 05 8b 03 2f 06 0e c6 0c 90 01 60 83 01 01 83 01 02 83 01 0a
19:32:42.230       	00 00 49 5f 0a 00 00 00 14 00 00 00 14 00 00 00 ff ff 00 00 01 01 02 00 90 00
19:32:42.230       	00 00 49 5f 0d 00 00 00 14 00 00 00 14 00 00 00 ff ff 00 00 00 01 02 00 00 a4 00 04 02
19:32:42.231       	00 00 49 5f 09 00 00 00 14 00 00 00 14 00 00 00 ff ff 00 00 01 01 02 00 a4
19:32:42.231       	00 00 49 5f 0a 00 00 00 14 00 00 00 14 00 00 00 ff ff 00 00 00 01 02 00 7f 20
19:32:42.232       	00 00 49 5f 0a 00 00 00 14 00 00 00 14 00 00 00 ff ff 00 00 01 01 02 00 6a 82
19:32:42.233       	00 00 49 5f 0d 00 00 00 14 00 00 00 14 00 00 00 ff ff 00 00 00 01 02 00 00 a4 08 04 04
19:32:42.233       	00 00 49 5f 09 00 00 00 14 00 00 00 14 00 00 00 ff ff 00 00 01 01 02 00 a4
19:32:42.234       	00 00 49 5f 0c 00 00 00 14 00 00 00 14 00 00 00 ff ff 00 00 00 01 02 00 7f ff 6f c5
19:32:42.236       	00 00 49 5f 0a 00 00 00 14 00 00 00 14 00 00 00 ff ff 00 00 01 01 02 00 6a 82
19:32:42.237       	00 00 49 5f 0d 00 00 00 14 00 00 00 14 00 00 00 ff ff 00 00 00 01 02 00 00 a4 00 04 02
19:32:42.237       	00 00 49 5f 09 00 00 00 14 00 00 00 14 00 00 00 ff ff 00 00 01 01 02 00 a4
19:32:42.238       	00 00 49 5f 0a 00 00 00 14 00 00 00 14 00 00 00 ff ff 00 00 00 01 02 00 3f 00
19:32:42.238       	00 00 49 5f 0a 00 00 00 14 00 00 00 14 00 00 00 ff ff 00 00 01 01 02 00 61 28
19:32:42.239       	00 00 49 5f 0d 00 00 00 14 00 00 00 14 00 00 00 ff ff 00 00 00 01 02 00 00 c0 00 00 28
19:32:42.239       	00 00 49 5f 09 00 00 00 14 00 00 00 14 00 00 00 ff ff 00 00 01 01 02 00 c0
19:32:42.241       	00 00 44 45 30 00 00 00 14 00 00 00 14 00 00 00 ff ff 00 00 01 01 02 00 62 26 82 02 78 21 83 02 3f 00 a5 06 80 01 71 87 01 01 8a 01 05 8b 03 2f 06 0e c6 0c 90 01 60 83 01 01 83 01 02 83 01 0a
19:32:42.242       	00 00 49 5f 0a 00 00 00 14 00 00 00 14 00 00 00 ff ff 00 00 01 01 02 00 90 00
19:32:42.242       	00 00 49 5f 0d 00 00 00 14 00 00 00 14 00 00 00 ff ff 00 00 00 01 02 00 00 a4 00 04 02
19:32:42.243       	00 00 49 5f 09 00 00 00 14 00 00 00 14 00 00 00 ff ff 00 00 01 01 02 00 a4
19:32:42.243       	00 00 49 5f 0a 00 00 00 14 00 00 00 14 00 00 00 ff ff 00 00 00 01 02 00 7f ff
19:32:42.265       	00 00 49 5f 0a 00 00 00 14 00 00 00 14 00 00 00 ff ff 00 00 01 01 02 00 61 32
19:32:42.266       	00 00 49 5f 0d 00 00 00 14 00 00 00 14 00 00 00 ff ff 00 00 00 01 02 00 00 c0 00 00 32
19:32:42.266       	00 00 49 5f 09 00 00 00 14 00 00 00 14 00 00 00 ff ff 00 00 01 01 02 00 c0
19:32:42.268       	00 00 44 45 3a 00 00 00 14 00 00 00 14 00 00 00 ff ff 00 00 01 01 02 00 62 30 82 02 78 21 83 02 7f f1 84 10 a0 00 00 00 87 10 02 ff 33 ff 01 89 00 00 01 00 8a 01 05 8b 03 2f 06 0e c6 0c 90 01 60 83 01 01 83 01 81 83 01 0a
19:32:42.269       	00 00 49 5f 0a 00 00 00 14 00 00 00 14 00 00 00 ff ff 00 00 01 01 02 00 90 00
19:32:42.269       	00 00 49 5f 0d 00 00 00 14 00 00 00 14 00 00 00 ff ff 00 00 00 01 02 00 00 a4 00 04 02
19:32:42.270       	00 00 49 5f 09 00 00 00 14 00 00 00 14 00 00 00 ff ff 00 00 01 01 02 00 a4
19:32:42.270       	00 00 49 5f 0a 00 00 00 14 00 00 00 14 00 00 00 ff ff 00 00 00 01 02 00 6f c5
19:32:42.272       	00 00 49 5f 0a 00 00 00 14 00 00 00 14 00 00 00 ff ff 00 00 01 01 02 00 6a 82
19:32:42.273       	00 00 49 5f 0d 00 00 00 14 00 00 00 14 00 00 00 ff ff 00 00 00 01 02 00 00 a4 08 04 04
19:32:42.273       	00 00 49 5f 09 00 00 00 14 00 00 00 14 00 00 00 ff ff 00 00 01 01 02 00 a4
19:32:42.274       	00 00 49 5f 0c 00 00 00 14 00 00 00 14 00 00 00 ff ff 00 00 00 01 02 00 7f ff 6f b7
19:32:42.277       	00 00 49 5f 0a 00 00 00 14 00 00 00 14 00 00 00 ff ff 00 00 01 01 02 00 61 1c
19:32:42.277       	00 00 49 5f 0d 00 00 00 14 00 00 00 14 00 00 00 ff ff 00 00 00 01 02 00 00 c0 00 00 1c
19:32:42.278       	00 00 49 5f 09 00 00 00 14 00 00 00 14 00 00 00 ff ff 00 00 01 01 02 00 c0
19:32:42.279       	00 00 49 5f 24 00 00 00 14 00 00 00 14 00 00 00 ff ff 00 00 01 01 02 00 62 1a 82 05 42 21 00 04 01 83 02 6f b7 8a 01 05 8b 03 6f 06 0a 80 02 00 04 88 01 08
19:32:42.279       	00 00 49 5f 0a 00 00 00 14 00 00 00 14 00 00 00 ff ff 00 00 01 01 02 00 90 00
19:32:42.280       	00 00 49 5f 0d 00 00 00 14 00 00 00 14 00 00 00 ff ff 00 00 00 01 02 00 00 b2 01 04 04
19:32:42.281       	00 00 49 5f 09 00 00 00 14 00 00 00 14 00 00 00 ff ff 00 00 01 01 02 00 b2
19:32:42.281       	00 00 49 5f 0c 00 00 00 14 00 00 00 14 00 00 00 ff ff 00 00 01 01 02 00 ff ff ff 00
19:32:42.281       	00 00 49 5f 0a 00 00 00 14 00 00 00 14 00 00 00 ff ff 00 00 01 01 02 00 90 00
19:32:42.282       	00 00 49 5f 0d 00 00 00 14 00 00 00 14 00 00 00 ff ff 00 00 00 01 02 00 00 a4 08 04 04
19:32:42.282       	00 00 49 5f 09 00 00 00 14 00 00 00 14 00 00 00 ff ff 00 00 01 01 02 00 a4
19:32:42.283       	00 00 49 5f 0c 00 00 00 14 00 00 00 14 00 00 00 ff ff 00 00 00 01 02 00 7f ff 6f 3b
19:32:42.286       	00 00 49 5f 0a 00 00 00 14 00 00 00 14 00 00 00 ff ff 00 00 01 01 02 00 61 1b
19:32:42.287       	00 00 49 5f 0d 00 00 00 14 00 00 00 14 00 00 00 ff ff 00 00 00 01 02 00 00 c0 00 00 1b
19:32:42.287       	00 00 49 5f 09 00 00 00 14 00 00 00 14 00 00 00 ff ff 00 00 01 01 02 00 c0
19:32:42.288       	00 00 49 5f 23 00 00 00 14 00 00 00 14 00 00 00 ff ff 00 00 01 01 02 00 62 19 82 05 42 21 00 1a 14 83 02 6f 3b 8a 01 05 8b 03 6f 06 08 80 02 02 08 88 00
19:32:42.289       	00 00 49 5f 0a 00 00 00 14 00 00 00 14 00 00 00 ff ff 00 00 01 01 02 00 90 00
19:32:42.289       	00 00 49 5f 0d 00 00 00 14 00 00 00 14 00 00 00 ff ff 00 00 00 01 02 00 00 a2 01 04 1a
19:32:42.290       	00 00 49 5f 09 00 00 00 14 00 00 00 14 00 00 00 ff ff 00 00 01 01 02 00 a2
19:32:42.290       	00 00 49 5f 22 00 00 00 14 00 00 00 14 00 00 00 ff ff 00 00 00 01 02 00 ff ff ff ff ff ff ff ff ff ff ff ff ff ff ff ff ff ff ff ff ff ff ff ff ff ff
19:32:42.305       	00 00 49 5f 0a 00 00 00 14 00 00 00 14 00 00 00 ff ff 00 00 01 01 02 00 61 14
19:32:42.306       	00 00 49 5f 0d 00 00 00 14 00 00 00 14 00 00 00 ff ff 00 00 00 01 02 00 00 c0 00 00 14
19:32:42.306       	00 00 49 5f 09 00 00 00 14 00 00 00 14 00 00 00 ff ff 00 00 01 01 02 00 c0
19:32:42.307       	00 00 49 5f 1c 00 00 00 14 00 00 00 14 00 00 00 ff ff 00 00 01 01 02 00 01 02 03 04 05 06 07 08 09 0a 0b 0c 0d 0e 0f 10 11 12 13 14
19:32:42.308       	00 00 49 5f 0a 00 00 00 14 00 00 00 14 00 00 00 ff ff 00 00 01 01 02 00 90 00
19:32:42.308       	00 00 49 5f 0d 00 00 00 14 00 00 00 14 00 00 00 ff ff 00 00 00 01 02 00 80 14 00 00 10
19:32:42.309       	00 00 49 5f 09 00 00 00 14 00 00 00 14 00 00 00 ff ff 00 00 01 01 02 00 14
19:32:42.309       	00 00 49 5f 18 00 00 00 14 00 00 00 14 00 00 00 ff ff 00 00 00 01 02 00 81 03 01 03 00 02 02 82 81 83 01 00 84 02 01 1e
19:32:42.337       	00 00 49 5f 0a 00 00 00 14 00 00 00 14 00 00 00 ff ff 00 00 01 01 02 00 91 35
19:32:42.338       	00 00 49 5f 0d 00 00 00 14 00 00 00 14 00 00 00 ff ff 00 00 00 01 02 00 80 12 00 00 35
19:32:42.338       	00 00 49 5f 09 00 00 00 14 00 00 00 14 00 00 00 ff ff 00 00 01 01 02 00 12
19:32:42.341       	00 00 00 00 3d 00 00 00 14 00 00 00 14 00 00 00 ff ff 00 00 01 01 02 00 d0 33 81 03 01 23 04 82 02 81 82 8d 11 04 56 65 72 69 66 79 42 69 6e 64 53 74 61 72 74 01 91 02 ff ff 97 11 04 3f e6 cb bb 20 39 ed 09 89 59 64 d5 7a c7 ec 22
19:32:42.341       	00 00 49 5f 0a 00 00 00 14 00 00 00 14 00 00 00 ff ff 00 00 01 01 02 00 90 00
19:32:42.342       	00 00 49 5f 0d 00 00 00 14 00 00 00 14 00 00 00 ff ff 00 00 00 01 02 00 00 a4 08 04 04
19:32:42.342       	00 00 49 5f 09 00 00 00 14 00 00 00 14 00 00 00 ff ff 00 00 01 01 02 00 a4
19:32:42.343       	00 00 49 5f 0c 00 00 00 14 00 00 00 14 00 00 00 ff ff 00 00 00 01 02 00 7f 20 6f c5
19:32:42.344       	00 00 49 5f 0a 00 00 00 14 00 00 00 14 00 00 00 ff ff 00 00 01 01 02 00 6a 82
19:32:42.344       	00 00 49 5f 0d 00 00 00 14 00 00 00 14 00 00 00 ff ff 00 00 00 01 02 00 00 a4 00 04 02
19:32:42.345       	00 00 49 5f 09 00 00 00 14 00 00 00 14 00 00 00 ff ff 00 00 01 01 02 00 a4
19:32:42.346       	00 00 49 5f 0a 00 00 00 14 00 00 00 14 00 00 00 ff ff 00 00 00 01 02 00 3f 00
19:32:42.347       	00 00 49 5f 0a 00 00 00 14 00 00 00 14 00 00 00 ff ff 00 00 01 01 02 00 61 28
19:32:42.347       	00 00 49 5f 0d 00 00 00 14 00 00 00 14 00 00 00 ff ff 00 00 00 01 02 00 00 c0 00 00 28
19:32:42.348       	00 00 49 5f 09 00 00 00 14 00 00 00 14 00 00 00 ff ff 00 00 01 01 02 00 c0
19:32:42.350       	00 00 44 45 30 00 00 00 14 00 00 00 14 00 00 00 ff ff 00 00 01 01 02 00 62 26 82 02 78 21 83 02 3f 00 a5 06 80 01 71 87 01 01 8a 01 05 8b 03 2f 06 0e c6 0c 90 01 60 83 01 01 83 01 02 83 01 0a
19:32:42.350       	00 00 49 5f 0a 00 00 00 14 00 00 00 14 00 00 00 ff ff 00 00 01 01 02 00 90 00
19:32:42.350       	00 00 49 5f 0d 00 00 00 14 00 00 00 14 00 00 00 ff ff 00 00 00 01 02 00 00 a4 00 04 02
19:32:42.351       	00 00 49 5f 09 00 00 00 14 00 00 00 14 00 00 00 ff ff 00 00 01 01 02 00 a4
19:32:42.351       	00 00 49 5f 0a 00 00 00 14 00 00 00 14 00 00 00 ff ff 00 00 00 01 02 00 7f 20
19:32:42.352       	00 00 49 5f 0a 00 00 00 14 00 00 00 14 00 00 00 ff ff 00 00 01 01 02 00 6a 82
19:32:42.353       	00 00 49 5f 0d 00 00 00 14 00 00 00 14 00 00 00 ff ff 00 00 00 01 02 00 00 a4 08 04 04
19:32:42.354       	00 00 49 5f 09 00 00 00 14 00 00 00 14 00 00 00 ff ff 00 00 01 01 02 00 a4
19:32:42.354       	00 00 49 5f 0c 00 00 00 14 00 00 00 14 00 00 00 ff ff 00 00 00 01 02 00 7f ff 6f 4b
19:32:42.356       	00 00 49 5f 0a 00 00 00 14 00 00 00 14 00 00 00 ff ff 00 00 01 01 02 00 6a 82
19:32:42.357       	00 00 49 5f 0d 00 00 00 14 00 00 00 14 00 00 00 ff ff 00 00 00 01 02 00 00 a4 00 04 02
19:32:42.357       	00 00 49 5f 09 00 00 00 14 00 00 00 14 00 00 00 ff ff 00 00 01 01 02 00 a4
19:32:42.358       	00 00 49 5f 0a 00 00 00 14 00 00 00 14 00 00 00 ff ff 00 00 00 01 02 00 3f 00
19:32:42.359       	00 00 49 5f 0a 00 00 00 14 00 00 00 14 00 00 00 ff ff 00 00 01 01 02 00 61 28
19:32:42.359       	00 00 49 5f 0d 00 00 00 14 00 00 00 14 00 00 00 ff ff 00 00 00 01 02 00 00 c0 00 00 28
19:32:42.359       	00 00 49 5f 09 00 00 00 14 00 00 00 14 00 00 00 ff ff 00 00 01 01 02 00 c0
19:32:42.361       	00 00 44 45 30 00 00 00 14 00 00 00 14 00 00 00 ff ff 00 00 01 01 02 00 62 26 82 02 78 21 83 02 3f 00 a5 06 80 01 71 87 01 01 8a 01 05 8b 03 2f 06 0e c6 0c 90 01 60 83 01 01 83 01 02 83 01 0a
19:32:42.362       	00 00 49 5f 0a 00 00 00 14 00 00 00 14 00 00 00 ff ff 00 00 01 01 02 00 90 00
19:32:42.362       	00 00 49 5f 0d 00 00 00 14 00 00 00 14 00 00 00 ff ff 00 00 00 01 02 00 00 a4 00 04 02
19:32:42.363       	00 00 49 5f 09 00 00 00 14 00 00 00 14 00 00 00 ff ff 00 00 01 01 02 00 a4
19:32:42.363       	00 00 49 5f 0a 00 00 00 14 00 00 00 14 00 00 00 ff ff 00 00 00 01 02 00 7f ff
19:32:42.385       	00 00 49 5f 0a 00 00 00 14 00 00 00 14 00 00 00 ff ff 00 00 01 01 02 00 61 32
19:32:42.386       	00 00 49 5f 0d 00 00 00 14 00 00 00 14 00 00 00 ff ff 00 00 00 01 02 00 00 c0 00 00 32
19:32:42.386       	00 00 49 5f 09 00 00 00 14 00 00 00 14 00 00 00 ff ff 00 00 01 01 02 00 c0
19:32:42.388       	00 00 00 00 3a 00 00 00 14 00 00 00 14 00 00 00 ff ff 00 00 01 01 02 00 62 30 82 02 78 21 83 02 7f f1 84 10 a0 00 00 00 87 10 02 ff 33 ff 01 89 00 00 01 00 8a 01 05 8b 03 2f 06 0e c6 0c 90 01 60 83 01 01 83 01 81 83 01 0a
19:32:42.388       	00 00 49 5f 0a 00 00 00 14 00 00 00 14 00 00 00 ff ff 00 00 01 01 02 00 90 00
19:32:42.389       	00 00 49 5f 0d 00 00 00 14 00 00 00 14 00 00 00 ff ff 00 00 00 01 02 00 00 a4 00 04 02
19:32:42.390       	00 00 49 5f 09 00 00 00 14 00 00 00 14 00 00 00 ff ff 00 00 01 01 02 00 a4
19:32:42.390       	00 00 49 5f 0a 00 00 00 14 00 00 00 14 00 00 00 ff ff 00 00 00 01 02 00 6f 4b
19:32:42.392       	00 00 49 5f 0a 00 00 00 14 00 00 00 14 00 00 00 ff ff 00 00 01 01 02 00 6a 82
19:32:42.394       	00 00 49 5f 0d 00 00 00 14 00 00 00 14 00 00 00 ff ff 00 00 00 01 02 00 00 a4 08 04 04
19:32:42.395       	00 00 49 5f 09 00 00 00 14 00 00 00 14 00 00 00 ff ff 00 00 01 01 02 00 a4
19:32:42.395       	00 00 49 5f 0c 00 00 00 14 00 00 00 14 00 00 00 ff ff 00 00 00 01 02 00 7f ff 6f e4
19:32:42.398       	00 00 49 5f 0a 00 00 00 14 00 00 00 14 00 00 00 ff ff 00 00 01 01 02 00 61 1c
19:32:42.399       	00 00 49 5f 0d 00 00 00 14 00 00 00 14 00 00 00 ff ff 00 00 00 01 02 00 00 c0 00 00 1c
19:32:42.399       	00 00 49 5f 09 00 00 00 14 00 00 00 14 00 00 00 ff ff 00 00 01 01 02 00 c0
19:32:42.400       	00 00 49 5f 24 00 00 00 14 00 00 00 14 00 00 00 ff ff 00 00 01 01 02 00 62 1a 82 05 42 21 00 50 01 83 02 6f e4 8a 01 05 8b 03 6f 06 05 80 02 00 50 88 01 c0
19:32:42.400       	00 00 49 5f 0a 00 00 00 14 00 00 00 14 00 00 00 ff ff 00 00 01 01 02 00 90 00
19:32:42.401       	00 00 49 5f 0d 00 00 00 14 00 00 00 14 00 00 00 ff ff 00 00 00 01 02 00 00 b2 01 04 50
19:32:42.414       	00 00 49 5f 09 00 00 00 14 00 00 00 14 00 00 00 ff ff 00 00 01 01 02 00 b2
19:32:42.418       	00 00 2f 75 58 00 00 00 14 00 00 00 14 00 00 00 ff ff 00 00 01 01 02 00 a0 34 80 01 07 81 20 ff ff ff ff ff ff ff ff ff ff ff ff ff ff ff ff ff ff ff ff ff ff ff ff ff ff ff ff ff ff ff ff 82 04 ff ff ff ff 83 04 ff ff ff ff 84 01 ff ff ff ff ff ff ff ff ff ff ff ff ff ff ff ff ff ff ff ff ff ff ff ff ff ff ff
19:32:42.418       	00 00 49 5f 0a 00 00 00 14 00 00 00 14 00 00 00 ff ff 00 00 01 01 02 00 90 00
19:32:42.419       	00 00 49 5f 0d 00 00 00 14 00 00 00 14 00 00 00 ff ff 00 00 00 01 02 00 00 a4 08 04 04
19:32:42.419       	00 00 49 5f 09 00 00 00 14 00 00 00 14 00 00 00 ff ff 00 00 01 01 02 00 a4
19:32:42.420       	00 00 49 5f 0c 00 00 00 14 00 00 00 14 00 00 00 ff ff 00 00 00 01 02 00 7f ff 6f e3
19:32:42.423       	00 00 49 5f 0a 00 00 00 14 00 00 00 14 00 00 00 ff ff 00 00 01 01 02 00 61 19
19:32:42.423       	00 00 49 5f 0d 00 00 00 14 00 00 00 14 00 00 00 ff ff 00 00 00 01 02 00 00 c0 00 00 19
19:32:42.424       	00 00 49 5f 09 00 00 00 14 00 00 00 14 00 00 00 ff ff 00 00 01 01 02 00 c0
19:32:42.425       	00 00 49 5f 21 00 00 00 14 00 00 00 14 00 00 00 ff ff 00 00 01 01 02 00 62 17 82 02 41 21 83 02 6f e3 8a 01 05 8b 03 6f 06 05 80 02 00 12 88 01 f0
19:32:42.425       	00 00 49 5f 0a 00 00 00 14 00 00 00 14 00 00 00 ff ff 00 00 01 01 02 00 90 00
19:32:42.426       	00 00 49 5f 0d 00 00 00 14 00 00 00 14 00 00 00 ff ff 00 00 00 01 02 00 00 b0 00 00 12
19:32:42.439       	00 00 49 5f 09 00 00 00 14 00 00 00 14 00 00 00 ff ff 00 00 01 01 02 00 b0
19:32:42.440       	00 00 49 5f 1a 00 00 00 14 00 00 00 14 00 00 00 ff ff 00 00 01 01 02 00 0b f6 64 f0 10 88 03 dc d8 f7 ad 69 64 f0 10 e8 fa 00
19:32:42.440       	00 00 49 5f 0a 00 00 00 14 00 00 00 14 00 00 00 ff ff 00 00 01 01 02 00 90 00
19:32:42.440       	00 00 49 5f 0d 00 00 00 14 00 00 00 14 00 00 00 ff ff 00 00 00 01 02 00 00 a4 08 04 04
19:32:42.441       	00 00 49 5f 09 00 00 00 14 00 00 00 14 00 00 00 ff ff 00 00 01 01 02 00 a4
19:32:42.441       	00 00 49 5f 0c 00 00 00 14 00 00 00 14 00 00 00 ff ff 00 00 00 01 02 00 7f ff 6f 49
19:32:42.443       	00 00 49 5f 0a 00 00 00 14 00 00 00 14 00 00 00 ff ff 00 00 01 01 02 00 6a 82
19:32:42.444       	00 00 49 5f 0d 00 00 00 14 00 00 00 14 00 00 00 ff ff 00 00 00 01 02 00 00 a4 00 04 02
19:32:42.445       	00 00 49 5f 09 00 00 00 14 00 00 00 14 00 00 00 ff ff 00 00 01 01 02 00 a4
19:32:42.445       	00 00 49 5f 0a 00 00 00 14 00 00 00 14 00 00 00 ff ff 00 00 00 01 02 00 3f 00
19:32:42.446       	00 00 49 5f 0a 00 00 00 14 00 00 00 14 00 00 00 ff ff 00 00 01 01 02 00 61 28
19:32:42.447       	00 00 49 5f 0d 00 00 00 14 00 00 00 14 00 00 00 ff ff 00 00 00 01 02 00 00 c0 00 00 28
19:32:42.447       	00 00 49 5f 09 00 00 00 14 00 00 00 14 00 00 00 ff ff 00 00 01 01 02 00 c0
19:32:42.449       	00 00 00 00 30 00 00 00 14 00 00 00 14 00 00 00 ff ff 00 00 01 01 02 00 62 26 82 02 78 21 83 02 3f 00 a5 06 80 01 71 87 01 01 8a 01 05 8b 03 2f 06 0e c6 0c 90 01 60 83 01 01 83 01 02 83 01 0a
19:32:42.449       	00 00 49 5f 0a 00 00 00 14 00 00 00 14 00 00 00 ff ff 00 00 01 01 02 00 90 00
19:32:42.450       	00 00 49 5f 0d 00 00 00 14 00 00 00 14 00 00 00 ff ff 00 00 00 01 02 00 00 a4 00 04 02
19:32:42.450       	00 00 49 5f 09 00 00 00 14 00 00 00 14 00 00 00 ff ff 00 00 01 01 02 00 a4
19:32:42.451       	00 00 49 5f 0a 00 00 00 14 00 00 00 14 00 00 00 ff ff 00 00 00 01 02 00 7f ff
19:32:42.473       	00 00 49 5f 0a 00 00 00 14 00 00 00 14 00 00 00 ff ff 00 00 01 01 02 00 61 32
19:32:42.473       	00 00 49 5f 0d 00 00 00 14 00 00 00 14 00 00 00 ff ff 00 00 00 01 02 00 00 c0 00 00 32
19:32:42.474       	00 00 49 5f 09 00 00 00 14 00 00 00 14 00 00 00 ff ff 00 00 01 01 02 00 c0
19:32:42.476       	00 00 00 00 3a 00 00 00 14 00 00 00 14 00 00 00 ff ff 00 00 01 01 02 00 62 30 82 02 78 21 83 02 7f f1 84 10 a0 00 00 00 87 10 02 ff 33 ff 01 89 00 00 01 00 8a 01 05 8b 03 2f 06 0e c6 0c 90 01 60 83 01 01 83 01 81 83 01 0a
19:32:42.476       	00 00 49 5f 0a 00 00 00 14 00 00 00 14 00 00 00 ff ff 00 00 01 01 02 00 90 00
19:32:42.477       	00 00 49 5f 0d 00 00 00 14 00 00 00 14 00 00 00 ff ff 00 00 00 01 02 00 00 a4 00 04 02
19:32:42.477       	00 00 49 5f 09 00 00 00 14 00 00 00 14 00 00 00 ff ff 00 00 01 01 02 00 a4
19:32:42.478       	00 00 49 5f 0a 00 00 00 14 00 00 00 14 00 00 00 ff ff 00 00 00 01 02 00 6f 49
19:32:42.480       	00 00 49 5f 0a 00 00 00 14 00 00 00 14 00 00 00 ff ff 00 00 01 01 02 00 6a 82
19:32:42.481       	00 00 49 5f 0d 00 00 00 14 00 00 00 14 00 00 00 ff ff 00 00 00 01 02 00 00 a4 08 04 04
19:32:42.481       	00 00 49 5f 09 00 00 00 14 00 00 00 14 00 00 00 ff ff 00 00 01 01 02 00 a4
19:32:42.482       	00 00 49 5f 0c 00 00 00 14 00 00 00 14 00 00 00 ff ff 00 00 00 01 02 00 7f ff 6f e4
19:32:42.485       	00 00 49 5f 0a 00 00 00 14 00 00 00 14 00 00 00 ff ff 00 00 01 01 02 00 61 1c
19:32:42.485       	00 00 49 5f 0d 00 00 00 14 00 00 00 14 00 00 00 ff ff 00 00 00 01 02 00 00 c0 00 00 1c
19:32:42.486       	00 00 49 5f 09 00 00 00 14 00 00 00 14 00 00 00 ff ff 00 00 01 01 02 00 c0
19:32:42.487       	00 00 49 5f 24 00 00 00 14 00 00 00 14 00 00 00 ff ff 00 00 01 01 02 00 62 1a 82 05 42 21 00 50 01 83 02 6f e4 8a 01 05 8b 03 6f 06 05 80 02 00 50 88 01 c0
19:32:42.487       	00 00 49 5f 0a 00 00 00 14 00 00 00 14 00 00 00 ff ff 00 00 01 01 02 00 90 00
19:32:42.488       	00 00 49 5f 0d 00 00 00 14 00 00 00 14 00 00 00 ff ff 00 00 00 01 02 00 00 dc 01 04 50
19:32:42.489       	00 00 49 5f 09 00 00 00 14 00 00 00 14 00 00 00 ff ff 00 00 01 01 02 00 dc
19:32:42.489       	00 00 44 45 58 00 00 00 14 00 00 00 14 00 00 00 ff ff 00 00 00 01 02 00 a0 34 80 01 07 81 20 00 00 00 00 00 00 00 00 00 00 00 00 00 00 00 00 00 00 00 00 00 00 00 00 00 00 00 00 00 00 00 00 82 04 00 00 00 00 83 04 00 00 00 00 84 01 00 ff ff ff ff ff ff ff ff ff ff ff ff ff ff ff ff ff ff ff ff ff ff ff ff ff ff
19:32:42.518       	00 00 49 5f 0a 00 00 00 14 00 00 00 14 00 00 00 ff ff 00 00 01 01 02 00 90 00
19:32:42.519       	00 00 49 5f 0d 00 00 00 14 00 00 00 14 00 00 00 ff ff 00 00 00 01 02 00 00 a4 08 04 04
19:32:42.520       	00 00 49 5f 09 00 00 00 14 00 00 00 14 00 00 00 ff ff 00 00 01 01 02 00 a4
19:32:42.520       	00 00 49 5f 0c 00 00 00 14 00 00 00 14 00 00 00 ff ff 00 00 00 01 02 00 7f ff 6f e3
19:32:42.523       	00 00 49 5f 0a 00 00 00 14 00 00 00 14 00 00 00 ff ff 00 00 01 01 02 00 61 19
19:32:42.524       	00 00 49 5f 0d 00 00 00 14 00 00 00 14 00 00 00 ff ff 00 00 00 01 02 00 00 c0 00 00 19
19:32:42.524       	00 00 49 5f 09 00 00 00 14 00 00 00 14 00 00 00 ff ff 00 00 01 01 02 00 c0
19:32:42.525       	00 00 49 5f 21 00 00 00 14 00 00 00 14 00 00 00 ff ff 00 00 01 01 02 00 62 17 82 02 41 21 83 02 6f e3 8a 01 05 8b 03 6f 06 05 80 02 00 12 88 01 f0
19:32:42.525       	00 00 49 5f 0a 00 00 00 14 00 00 00 14 00 00 00 ff ff 00 00 01 01 02 00 90 00
19:32:42.526       	00 00 49 5f 0d 00 00 00 14 00 00 00 14 00 00 00 ff ff 00 00 00 01 02 00 00 d6 00 00 12
19:32:42.527       	00 00 49 5f 09 00 00 00 14 00 00 00 14 00 00 00 ff ff 00 00 01 01 02 00 d6
19:32:42.527       	00 00 49 5f 1a 00 00 00 14 00 00 00 14 00 00 00 ff ff 00 00 00 01 02 00 0b f6 ff ff ff ff ff ff ff ff ff ff 64 f0 10 ff fe 00
19:32:42.563       	00 00 49 5f 0a 00 00 00 14 00 00 00 14 00 00 00 ff ff 00 00 01 01 02 00 90 00
19:32:42.564       	00 00 49 5f 0d 00 00 00 14 00 00 00 14 00 00 00 ff ff 00 00 00 01 02 00 00 a4 08 04 04
19:32:42.564       	00 00 49 5f 09 00 00 00 14 00 00 00 14 00 00 00 ff ff 00 00 01 01 02 00 a4
19:32:42.565       	00 00 49 5f 0c 00 00 00 14 00 00 00 14 00 00 00 ff ff 00 00 00 01 02 00 7f ff 6f 40
19:32:42.567       	00 00 49 5f 0a 00 00 00 14 00 00 00 14 00 00 00 ff ff 00 00 01 01 02 00 6a 82
19:32:42.567       	00 00 49 5f 0d 00 00 00 14 00 00 00 14 00 00 00 ff ff 00 00 00 01 02 00 00 a4 00 04 02
19:32:42.568       	00 00 49 5f 09 00 00 00 14 00 00 00 14 00 00 00 ff ff 00 00 01 01 02 00 a4
19:32:42.568       	00 00 49 5f 0a 00 00 00 14 00 00 00 14 00 00 00 ff ff 00 00 00 01 02 00 3f 00
19:32:42.569       	00 00 49 5f 0a 00 00 00 14 00 00 00 14 00 00 00 ff ff 00 00 01 01 02 00 61 28
19:32:42.570       	00 00 49 5f 0d 00 00 00 14 00 00 00 14 00 00 00 ff ff 00 00 00 01 02 00 00 c0 00 00 28
19:32:42.570       	00 00 49 5f 09 00 00 00 14 00 00 00 14 00 00 00 ff ff 00 00 01 01 02 00 c0
19:32:42.573       	00 00 00 00 30 00 00 00 14 00 00 00 14 00 00 00 ff ff 00 00 01 01 02 00 62 26 82 02 78 21 83 02 3f 00 a5 06 80 01 71 87 01 01 8a 01 05 8b 03 2f 06 0e c6 0c 90 01 60 83 01 01 83 01 02 83 01 0a
19:32:42.573       	00 00 49 5f 0a 00 00 00 14 00 00 00 14 00 00 00 ff ff 00 00 01 01 02 00 90 00
19:32:42.574       	00 00 49 5f 0d 00 00 00 14 00 00 00 14 00 00 00 ff ff 00 00 00 01 02 00 00 a4 00 04 02
19:32:42.574       	00 00 49 5f 09 00 00 00 14 00 00 00 14 00 00 00 ff ff 00 00 01 01 02 00 a4
19:32:42.575       	00 00 49 5f 0a 00 00 00 14 00 00 00 14 00 00 00 ff ff 00 00 00 01 02 00 7f ff
19:32:42.597       	00 00 49 5f 0a 00 00 00 14 00 00 00 14 00 00 00 ff ff 00 00 01 01 02 00 61 32
19:32:42.597       	00 00 49 5f 0d 00 00 00 14 00 00 00 14 00 00 00 ff ff 00 00 00 01 02 00 00 c0 00 00 32
19:32:42.598       	00 00 49 5f 09 00 00 00 14 00 00 00 14 00 00 00 ff ff 00 00 01 01 02 00 c0
19:32:42.600       	00 00 00 00 3a 00 00 00 14 00 00 00 14 00 00 00 ff ff 00 00 01 01 02 00 62 30 82 02 78 21 83 02 7f f1 84 10 a0 00 00 00 87 10 02 ff 33 ff 01 89 00 00 01 00 8a 01 05 8b 03 2f 06 0e c6 0c 90 01 60 83 01 01 83 01 81 83 01 0a
19:32:42.600       	00 00 49 5f 0a 00 00 00 14 00 00 00 14 00 00 00 ff ff 00 00 01 01 02 00 90 00
19:32:42.601       	00 00 49 5f 0d 00 00 00 14 00 00 00 14 00 00 00 ff ff 00 00 00 01 02 00 00 a4 00 04 02
19:32:42.602       	00 00 49 5f 09 00 00 00 14 00 00 00 14 00 00 00 ff ff 00 00 01 01 02 00 a4
19:32:42.602       	00 00 49 5f 0a 00 00 00 14 00 00 00 14 00 00 00 ff ff 00 00 00 01 02 00 6f 40
19:32:42.604       	00 00 49 5f 0a 00 00 00 14 00 00 00 14 00 00 00 ff ff 00 00 01 01 02 00 6a 82
19:32:42.764       	00 00 49 5f 0d 00 00 00 14 00 00 00 14 00 00 00 ff ff 00 00 00 01 02 00 00 a4 08 04 04
19:32:42.764       	00 00 49 5f 09 00 00 00 14 00 00 00 14 00 00 00 ff ff 00 00 01 01 02 00 a4
19:32:42.765       	00 00 49 5f 0c 00 00 00 14 00 00 00 14 00 00 00 ff ff 00 00 00 01 02 00 7f ff 6f e3
19:32:42.768       	00 00 49 5f 0a 00 00 00 14 00 00 00 14 00 00 00 ff ff 00 00 01 01 02 00 61 19
19:32:42.768       	00 00 49 5f 0d 00 00 00 14 00 00 00 14 00 00 00 ff ff 00 00 00 01 02 00 00 c0 00 00 19
19:32:42.769       	00 00 49 5f 09 00 00 00 14 00 00 00 14 00 00 00 ff ff 00 00 01 01 02 00 c0
19:32:42.770       	00 00 49 5f 21 00 00 00 14 00 00 00 14 00 00 00 ff ff 00 00 01 01 02 00 62 17 82 02 41 21 83 02 6f e3 8a 01 05 8b 03 6f 06 05 80 02 00 12 88 01 f0
19:32:42.770       	00 00 49 5f 0a 00 00 00 14 00 00 00 14 00 00 00 ff ff 00 00 01 01 02 00 90 00
19:32:42.771       	00 00 49 5f 0d 00 00 00 14 00 00 00 14 00 00 00 ff ff 00 00 00 01 02 00 00 b0 00 00 12
19:32:42.784       	00 00 49 5f 09 00 00 00 14 00 00 00 14 00 00 00 ff ff 00 00 01 01 02 00 b0
19:32:42.785       	00 00 49 5f 1a 00 00 00 14 00 00 00 14 00 00 00 ff ff 00 00 01 01 02 00 0b f6 ff ff ff ff ff ff ff ff ff ff 64 f0 10 ff fe 00
19:32:42.785       	00 00 49 5f 0a 00 00 00 14 00 00 00 14 00 00 00 ff ff 00 00 01 01 02 00 90 00
19:32:42.787       	00 00 49 5f 0d 00 00 00 14 00 00 00 14 00 00 00 ff ff 00 00 00 01 02 00 00 a4 08 04 04
19:32:42.787       	00 00 49 5f 09 00 00 00 14 00 00 00 14 00 00 00 ff ff 00 00 01 01 02 00 a4
19:32:42.788       	00 00 49 5f 0c 00 00 00 14 00 00 00 14 00 00 00 ff ff 00 00 00 01 02 00 7f ff 6f e4
19:32:42.791       	00 00 49 5f 0a 00 00 00 14 00 00 00 14 00 00 00 ff ff 00 00 01 01 02 00 61 1c
19:32:42.792       	00 00 49 5f 0d 00 00 00 14 00 00 00 14 00 00 00 ff ff 00 00 00 01 02 00 00 c0 00 00 1c
19:32:42.792       	00 00 49 5f 09 00 00 00 14 00 00 00 14 00 00 00 ff ff 00 00 01 01 02 00 c0
19:32:42.793       	00 00 49 5f 24 00 00 00 14 00 00 00 14 00 00 00 ff ff 00 00 01 01 02 00 62 1a 82 05 42 21 00 50 01 83 02 6f e4 8a 01 05 8b 03 6f 06 05 80 02 00 50 88 01 c0
19:32:42.793       	00 00 49 5f 0a 00 00 00 14 00 00 00 14 00 00 00 ff ff 00 00 01 01 02 00 90 00
19:32:42.794       	00 00 49 5f 0d 00 00 00 14 00 00 00 14 00 00 00 ff ff 00 00 00 01 02 00 00 dc 01 04 50
19:32:42.795       	00 00 49 5f 09 00 00 00 14 00 00 00 14 00 00 00 ff ff 00 00 01 01 02 00 dc
19:32:42.795       	00 00 00 00 58 00 00 00 14 00 00 00 14 00 00 00 ff ff 00 00 00 01 02 00 a0 34 80 01 07 81 20 00 00 00 00 00 00 00 00 00 00 00 00 00 00 00 00 00 00 00 00 00 00 00 00 00 00 00 00 00 00 00 00 82 04 00 00 00 00 83 04 00 00 00 00 84 01 00 ff ff ff ff ff ff ff ff ff ff ff ff ff ff ff ff ff ff ff ff ff ff ff ff ff ff
19:32:42.822       	00 00 49 5f 0a 00 00 00 14 00 00 00 14 00 00 00 ff ff 00 00 01 01 02 00 90 00
19:32:42.928       	00 00 49 5f 0d 00 00 00 14 00 00 00 14 00 00 00 ff ff 00 00 00 01 02 00 00 dc 01 04 50
19:32:42.929       	00 00 49 5f 09 00 00 00 14 00 00 00 14 00 00 00 ff ff 00 00 01 01 02 00 dc
19:32:42.929       	00 00 00 00 58 00 00 00 14 00 00 00 14 00 00 00 ff ff 00 00 00 01 02 00 a0 34 80 01 07 81 20 ff ff ff ff ff ff ff ff ff ff ff ff ff ff ff ff ff ff ff ff ff ff ff ff ff ff ff ff ff ff ff ff 82 04 ff ff ff ff 83 04 ff ff ff ff 84 01 ff ff ff ff ff ff ff ff ff ff ff ff ff ff ff ff ff ff ff ff ff ff ff ff ff ff ff
19:32:42.958       	00 00 49 5f 0a 00 00 00 14 00 00 00 14 00 00 00 ff ff 00 00 01 01 02 00 90 00
19:32:43.132       	00 00 49 5f 0d 00 00 00 14 00 00 00 14 00 00 00 ff ff 00 00 00 01 02 00 80 7c 00 00 00
19:32:43.135       	00 00 49 5f 0a 00 00 00 14 00 00 00 14 00 00 00 ff ff 00 00 01 01 02 00 90 00
19:32:43.135       	00 00 49 5f 0d 00 00 00 14 00 00 00 14 00 00 00 ff ff 00 00 00 01 00 00 00 70 00 00 01
19:32:43.136       	00 00 49 5f 09 00 00 00 14 00 00 00 14 00 00 00 ff ff 00 00 01 01 00 00 70
19:32:43.136       	00 00 49 5f 09 00 00 00 14 00 00 00 14 00 00 00 ff ff 00 00 01 01 00 00 01
19:32:43.136       	00 00 49 5f 0a 00 00 00 14 00 00 00 14 00 00 00 ff ff 00 00 01 01 00 00 90 00
19:32:43.137       	00 00 49 5f 0d 00 00 00 14 00 00 00 14 00 00 00 ff ff 00 00 00 01 00 00 01 a4 04 00 10
19:32:43.137       	00 00 49 5f 09 00 00 00 14 00 00 00 14 00 00 00 ff ff 00 00 01 01 00 00 a4
19:32:43.138       	00 00 49 5f 18 00 00 00 14 00 00 00 14 00 00 00 ff ff 00 00 00 01 00 00 a0 00 00 05 59 10 10 ff ff ff ff 89 00 00 01 00
19:32:43.141       	00 00 49 5f 0a 00 00 00 14 00 00 00 14 00 00 00 ff ff 00 00 01 01 00 00 61 25
19:32:43.141       	00 00 49 5f 0d 00 00 00 14 00 00 00 14 00 00 00 ff ff 00 00 00 01 00 00 01 c0 00 00 25
19:32:43.142       	00 00 49 5f 09 00 00 00 14 00 00 00 14 00 00 00 ff ff 00 00 01 01 00 00 c0
19:32:43.144       	00 00 00 00 2d 00 00 00 14 00 00 00 14 00 00 00 ff ff 00 00 01 01 00 00 6f 23 84 10 a0 00 00 05 59 10 10 ff ff ff ff 89 00 00 01 00 a5 04 9f 65 01 ff e0 09 82 03 02 03 00 03 02 05 20
19:32:43.144       	00 00 49 5f 0a 00 00 00 14 00 00 00 14 00 00 00 ff ff 00 00 01 01 00 00 90 00
19:32:43.146       	00 00 49 5f 0d 00 00 00 14 00 00 00 14 00 00 00 ff ff 00 00 00 01 00 00 81 e2 91 00 06
19:32:43.146       	00 00 49 5f 09 00 00 00 14 00 00 00 14 00 00 00 ff ff 00 00 01 01 00 00 e2
19:32:43.147       	00 00 49 5f 0e 00 00 00 14 00 00 00 14 00 00 00 ff ff 00 00 00 01 00 00 bf 3e 03 5c 01 5a
19:32:43.147       	00 00 49 5f 0a 00 00 00 14 00 00 00 14 00 00 00 ff ff 00 00 01 01 00 00 61 15
19:32:43.148       	00 00 49 5f 0d 00 00 00 14 00 00 00 14 00 00 00 ff ff 00 00 00 01 00 00 01 c0 00 00 15
19:32:43.148       	00 00 49 5f 09 00 00 00 14 00 00 00 14 00 00 00 ff ff 00 00 01 01 00 00 c0
19:32:43.150       	00 00 49 5f 1d 00 00 00 14 00 00 00 14 00 00 00 ff ff 00 00 01 01 00 00 bf 3e 12 5a 10 89 03 40 11 02 44 00 00 00 00 00 00 13 43 39 40
19:32:43.150       	00 00 49 5f 0a 00 00 00 14 00 00 00 14 00 00 00 ff ff 00 00 01 01 00 00 90 00
19:32:43.152       	00 00 49 5f 0d 00 00 00 14 00 00 00 14 00 00 00 ff ff 00 00 00 01 00 00 00 70 80 01 00
19:32:43.153       	00 00 49 5f 0a 00 00 00 14 00 00 00 14 00 00 00 ff ff 00 00 01 01 00 00 90 00
19:32:43.164       	00 00 49 5f 0d 00 00 00 14 00 00 00 14 00 00 00 ff ff 00 00 00 01 00 00 80 7c 00 02 00
19:32:43.165       	00 00 49 5f 0a 00 00 00 14 00 00 00 14 00 00 00 ff ff 00 00 01 01 00 00 90 00
19:32:43.166       	00 00 49 5f 0d 00 00 00 14 00 00 00 14 00 00 00 ff ff 00 00 00 01 02 00 00 a4 08 04 06
19:32:43.166       	00 00 49 5f 09 00 00 00 14 00 00 00 14 00 00 00 ff ff 00 00 01 01 02 00 a4
19:32:43.167       	00 00 49 5f 0e 00 00 00 14 00 00 00 14 00 00 00 ff ff 00 00 00 01 02 00 7f ff 5f c0 4f 07
19:32:43.169       	00 00 49 5f 0a 00 00 00 14 00 00 00 14 00 00 00 ff ff 00 00 01 01 02 00 6a 82
19:32:43.170       	00 00 49 5f 0d 00 00 00 14 00 00 00 14 00 00 00 ff ff 00 00 00 01 02 00 00 a4 00 04 02
19:32:43.170       	00 00 49 5f 09 00 00 00 14 00 00 00 14 00 00 00 ff ff 00 00 01 01 02 00 a4
19:32:43.171       	00 00 49 5f 0a 00 00 00 14 00 00 00 14 00 00 00 ff ff 00 00 00 01 02 00 3f 00
19:32:43.172       	00 00 49 5f 0a 00 00 00 14 00 00 00 14 00 00 00 ff ff 00 00 01 01 02 00 61 28
19:32:43.172       	00 00 49 5f 0d 00 00 00 14 00 00 00 14 00 00 00 ff ff 00 00 00 01 02 00 00 c0 00 00 28
19:32:43.173       	00 00 49 5f 09 00 00 00 14 00 00 00 14 00 00 00 ff ff 00 00 01 01 02 00 c0
19:32:43.175       	00 00 00 00 30 00 00 00 14 00 00 00 14 00 00 00 ff ff 00 00 01 01 02 00 62 26 82 02 78 21 83 02 3f 00 a5 06 80 01 71 87 01 01 8a 01 05 8b 03 2f 06 0e c6 0c 90 01 60 83 01 01 83 01 02 83 01 0a
19:32:43.175       	00 00 49 5f 0a 00 00 00 14 00 00 00 14 00 00 00 ff ff 00 00 01 01 02 00 90 00
19:32:43.175       	00 00 49 5f 0d 00 00 00 14 00 00 00 14 00 00 00 ff ff 00 00 00 01 02 00 00 a4 00 04 02
19:32:43.176       	00 00 49 5f 09 00 00 00 14 00 00 00 14 00 00 00 ff ff 00 00 01 01 02 00 a4
19:32:43.177       	00 00 49 5f 0a 00 00 00 14 00 00 00 14 00 00 00 ff ff 00 00 00 01 02 00 7f ff
19:32:43.198       	00 00 49 5f 0a 00 00 00 14 00 00 00 14 00 00 00 ff ff 00 00 01 01 02 00 61 32
19:32:43.199       	00 00 49 5f 0d 00 00 00 14 00 00 00 14 00 00 00 ff ff 00 00 00 01 02 00 00 c0 00 00 32
19:32:43.199       	00 00 49 5f 09 00 00 00 14 00 00 00 14 00 00 00 ff ff 00 00 01 01 02 00 c0
19:32:43.202       	00 00 00 00 3a 00 00 00 14 00 00 00 14 00 00 00 ff ff 00 00 01 01 02 00 62 30 82 02 78 21 83 02 7f f1 84 10 a0 00 00 00 87 10 02 ff 33 ff 01 89 00 00 01 00 8a 01 05 8b 03 2f 06 0e c6 0c 90 01 60 83 01 01 83 01 81 83 01 0a
19:32:43.202       	00 00 49 5f 0a 00 00 00 14 00 00 00 14 00 00 00 ff ff 00 00 01 01 02 00 90 00
19:32:43.203       	00 00 49 5f 0d 00 00 00 14 00 00 00 14 00 00 00 ff ff 00 00 00 01 02 00 00 a4 00 04 02
19:32:43.203       	00 00 49 5f 09 00 00 00 14 00 00 00 14 00 00 00 ff ff 00 00 01 01 02 00 a4
19:32:43.204       	00 00 49 5f 0a 00 00 00 14 00 00 00 14 00 00 00 ff ff 00 00 00 01 02 00 5f c0
19:32:43.206       	00 00 49 5f 0a 00 00 00 14 00 00 00 14 00 00 00 ff ff 00 00 01 01 02 00 6a 82
19:32:43.210       	00 00 49 5f 0d 00 00 00 14 00 00 00 14 00 00 00 ff ff 00 00 00 01 02 00 00 a4 08 04 04
19:32:43.210       	00 00 49 5f 09 00 00 00 14 00 00 00 14 00 00 00 ff ff 00 00 01 01 02 00 a4
19:32:43.211       	00 00 49 5f 0c 00 00 00 14 00 00 00 14 00 00 00 ff ff 00 00 00 01 02 00 7f ff 6f 07
19:32:43.215       	00 00 49 5f 0a 00 00 00 14 00 00 00 14 00 00 00 ff ff 00 00 01 01 02 00 61 19
19:32:43.215       	00 00 49 5f 0d 00 00 00 14 00 00 00 14 00 00 00 ff ff 00 00 00 01 02 00 00 c0 00 00 19
19:32:43.216       	00 00 49 5f 09 00 00 00 14 00 00 00 14 00 00 00 ff ff 00 00 01 01 02 00 c0
19:32:43.217       	00 00 49 5f 21 00 00 00 14 00 00 00 14 00 00 00 ff ff 00 00 01 01 02 00 62 17 82 02 41 21 83 02 6f 07 8a 01 05 8b 03 6f 06 02 80 02 00 09 88 01 38
19:32:43.217       	00 00 49 5f 0a 00 00 00 14 00 00 00 14 00 00 00 ff ff 00 00 01 01 02 00 90 00
19:32:43.218       	00 00 49 5f 0d 00 00 00 14 00 00 00 14 00 00 00 ff ff 00 00 00 01 02 00 00 b0 00 00 09
19:32:43.233       	00 00 49 5f 09 00 00 00 14 00 00 00 14 00 00 00 ff ff 00 00 01 01 02 00 b0
19:32:43.234       	00 00 49 5f 11 00 00 00 14 00 00 00 14 00 00 00 ff ff 00 00 01 01 02 00 08 49 45 00 36 12 53 72 82
19:32:43.234       	00 00 49 5f 0a 00 00 00 14 00 00 00 14 00 00 00 ff ff 00 00 01 01 02 00 90 00
19:32:43.234       	00 00 49 5f 0d 00 00 00 14 00 00 00 14 00 00 00 ff ff 00 00 00 01 02 00 00 a4 08 04 04
19:32:43.235       	00 00 49 5f 09 00 00 00 14 00 00 00 14 00 00 00 ff ff 00 00 01 01 02 00 a4
19:32:43.236       	00 00 49 5f 0c 00 00 00 14 00 00 00 14 00 00 00 ff ff 00 00 00 01 02 00 7f ff 6f cb
19:32:43.237       	00 00 49 5f 0a 00 00 00 14 00 00 00 14 00 00 00 ff ff 00 00 01 01 02 00 6a 82
19:32:43.238       	00 00 49 5f 0d 00 00 00 14 00 00 00 14 00 00 00 ff ff 00 00 00 01 02 00 00 a4 00 04 02
19:32:43.239       	00 00 49 5f 09 00 00 00 14 00 00 00 14 00 00 00 ff ff 00 00 01 01 02 00 a4
19:32:43.239       	00 00 49 5f 0a 00 00 00 14 00 00 00 14 00 00 00 ff ff 00 00 00 01 02 00 3f 00
19:32:43.240       	00 00 49 5f 0a 00 00 00 14 00 00 00 14 00 00 00 ff ff 00 00 01 01 02 00 61 28
19:32:43.241       	00 00 49 5f 0d 00 00 00 14 00 00 00 14 00 00 00 ff ff 00 00 00 01 02 00 00 c0 00 00 28
19:32:43.241       	00 00 49 5f 09 00 00 00 14 00 00 00 14 00 00 00 ff ff 00 00 01 01 02 00 c0
19:32:43.243       	00 00 00 00 30 00 00 00 14 00 00 00 14 00 00 00 ff ff 00 00 01 01 02 00 62 26 82 02 78 21 83 02 3f 00 a5 06 80 01 71 87 01 01 8a 01 05 8b 03 2f 06 0e c6 0c 90 01 60 83 01 01 83 01 02 83 01 0a
19:32:43.243       	00 00 49 5f 0a 00 00 00 14 00 00 00 14 00 00 00 ff ff 00 00 01 01 02 00 90 00
19:32:43.244       	00 00 49 5f 0d 00 00 00 14 00 00 00 14 00 00 00 ff ff 00 00 00 01 02 00 00 a4 00 04 02
19:32:43.245       	00 00 49 5f 09 00 00 00 14 00 00 00 14 00 00 00 ff ff 00 00 01 01 02 00 a4
19:32:43.246       	00 00 49 5f 0a 00 00 00 14 00 00 00 14 00 00 00 ff ff 00 00 00 01 02 00 7f ff
19:32:43.268       	00 00 49 5f 0a 00 00 00 14 00 00 00 14 00 00 00 ff ff 00 00 01 01 02 00 61 32
19:32:43.268       	00 00 49 5f 0d 00 00 00 14 00 00 00 14 00 00 00 ff ff 00 00 00 01 02 00 00 c0 00 00 32
19:32:43.269       	00 00 49 5f 09 00 00 00 14 00 00 00 14 00 00 00 ff ff 00 00 01 01 02 00 c0
19:32:43.271       	00 00 00 00 3a 00 00 00 14 00 00 00 14 00 00 00 ff ff 00 00 01 01 02 00 62 30 82 02 78 21 83 02 7f f1 84 10 a0 00 00 00 87 10 02 ff 33 ff 01 89 00 00 01 00 8a 01 05 8b 03 2f 06 0e c6 0c 90 01 60 83 01 01 83 01 81 83 01 0a
19:32:43.272       	00 00 00 00 0a 00 00 00 14 00 00 00 14 00 00 00 ff ff 00 00 01 01 02 00 90 00
19:32:43.273       	00 00 49 5f 0d 00 00 00 14 00 00 00 14 00 00 00 ff ff 00 00 00 01 02 00 00 a4 00 04 02
19:32:43.274       	00 00 49 5f 09 00 00 00 14 00 00 00 14 00 00 00 ff ff 00 00 01 01 02 00 a4
19:32:43.275       	00 00 49 5f 0a 00 00 00 14 00 00 00 14 00 00 00 ff ff 00 00 00 01 02 00 6f cb
19:32:43.276       	00 00 49 5f 0a 00 00 00 14 00 00 00 14 00 00 00 ff ff 00 00 01 01 02 00 6a 82
19:32:43.277       	00 00 49 5f 0d 00 00 00 14 00 00 00 14 00 00 00 ff ff 00 00 00 01 02 00 00 88 00 81 22
19:32:43.278       	00 00 49 5f 0a 00 00 00 14 00 00 00 14 00 00 00 ff ff 00 00 01 01 02 00 69 85
19:32:43.279       	00 00 49 5f 0d 00 00 00 14 00 00 00 14 00 00 00 ff ff 00 00 00 01 02 00 00 a4 08 04 04
19:32:43.280       	00 00 49 5f 09 00 00 00 14 00 00 00 14 00 00 00 ff ff 00 00 01 01 02 00 a4
19:32:43.280       	00 00 49 5f 0c 00 00 00 14 00 00 00 14 00 00 00 ff ff 00 00 00 01 02 00 7f ff 6f 38
19:32:43.283       	00 00 49 5f 0a 00 00 00 14 00 00 00 14 00 00 00 ff ff 00 00 01 01 02 00 61 19
19:32:43.284       	00 00 49 5f 0d 00 00 00 14 00 00 00 14 00 00 00 ff ff 00 00 00 01 02 00 00 c0 00 00 19
19:32:43.284       	00 00 49 5f 09 00 00 00 14 00 00 00 14 00 00 00 ff ff 00 00 01 01 02 00 c0
19:32:43.286       	00 00 49 5f 21 00 00 00 14 00 00 00 14 00 00 00 ff ff 00 00 01 01 02 00 62 17 82 02 41 21 83 02 6f 38 8a 01 05 8b 03 6f 06 02 80 02 00 11 88 01 20
19:32:43.286       	00 00 49 5f 0a 00 00 00 14 00 00 00 14 00 00 00 ff ff 00 00 01 01 02 00 90 00
19:32:43.287       	00 00 49 5f 0d 00 00 00 14 00 00 00 14 00 00 00 ff ff 00 00 00 01 02 00 00 a4 08 04 04
19:32:43.288       	00 00 49 5f 09 00 00 00 14 00 00 00 14 00 00 00 ff ff 00 00 01 01 02 00 a4
19:32:43.289       	00 00 49 5f 0c 00 00 00 14 00 00 00 14 00 00 00 ff ff 00 00 00 01 02 00 7f ff 6f 13
19:32:43.292       	00 00 49 5f 0a 00 00 00 14 00 00 00 14 00 00 00 ff ff 00 00 01 01 02 00 6a 82
19:32:43.292       	00 00 49 5f 0d 00 00 00 14 00 00 00 14 00 00 00 ff ff 00 00 00 01 02 00 00 a4 00 04 02
19:32:43.293       	00 00 49 5f 09 00 00 00 14 00 00 00 14 00 00 00 ff ff 00 00 01 01 02 00 a4
19:32:43.294       	00 00 49 5f 0a 00 00 00 14 00 00 00 14 00 00 00 ff ff 00 00 00 01 02 00 3f 00
19:32:43.295       	00 00 49 5f 0a 00 00 00 14 00 00 00 14 00 00 00 ff ff 00 00 01 01 02 00 61 28
19:32:43.296       	00 00 49 5f 0d 00 00 00 14 00 00 00 14 00 00 00 ff ff 00 00 00 01 02 00 00 c0 00 00 28
19:32:43.297       	00 00 49 5f 09 00 00 00 14 00 00 00 14 00 00 00 ff ff 00 00 01 01 02 00 c0
19:32:43.298       	00 00 00 00 30 00 00 00 14 00 00 00 14 00 00 00 ff ff 00 00 01 01 02 00 62 26 82 02 78 21 83 02 3f 00 a5 06 80 01 71 87 01 01 8a 01 05 8b 03 2f 06 0e c6 0c 90 01 60 83 01 01 83 01 02 83 01 0a
19:32:43.298       	00 00 49 5f 0a 00 00 00 14 00 00 00 14 00 00 00 ff ff 00 00 01 01 02 00 90 00
19:32:43.299       	00 00 49 5f 0d 00 00 00 14 00 00 00 14 00 00 00 ff ff 00 00 00 01 02 00 00 a4 00 04 02
19:32:43.300       	00 00 49 5f 09 00 00 00 14 00 00 00 14 00 00 00 ff ff 00 00 01 01 02 00 a4
19:32:43.301       	00 00 49 5f 0a 00 00 00 14 00 00 00 14 00 00 00 ff ff 00 00 00 01 02 00 7f ff
19:32:43.323       	00 00 49 5f 0a 00 00 00 14 00 00 00 14 00 00 00 ff ff 00 00 01 01 02 00 61 32
19:32:43.323       	00 00 49 5f 0d 00 00 00 14 00 00 00 14 00 00 00 ff ff 00 00 00 01 02 00 00 c0 00 00 32
19:32:43.324       	00 00 49 5f 09 00 00 00 14 00 00 00 14 00 00 00 ff ff 00 00 01 01 02 00 c0
19:32:43.326       	00 00 00 00 3a 00 00 00 14 00 00 00 14 00 00 00 ff ff 00 00 01 01 02 00 62 30 82 02 78 21 83 02 7f f1 84 10 a0 00 00 00 87 10 02 ff 33 ff 01 89 00 00 01 00 8a 01 05 8b 03 2f 06 0e c6 0c 90 01 60 83 01 01 83 01 81 83 01 0a
19:32:43.326       	00 00 49 5f 0a 00 00 00 14 00 00 00 14 00 00 00 ff ff 00 00 01 01 02 00 90 00
19:32:43.327       	00 00 49 5f 0d 00 00 00 14 00 00 00 14 00 00 00 ff ff 00 00 00 01 02 00 00 a4 00 04 02
19:32:43.327       	00 00 49 5f 09 00 00 00 14 00 00 00 14 00 00 00 ff ff 00 00 01 01 02 00 a4
19:32:43.328       	00 00 49 5f 0a 00 00 00 14 00 00 00 14 00 00 00 ff ff 00 00 00 01 02 00 6f 13
19:32:43.330       	00 00 49 5f 0a 00 00 00 14 00 00 00 14 00 00 00 ff ff 00 00 01 01 02 00 6a 82
19:32:43.330       	00 00 49 5f 0d 00 00 00 14 00 00 00 14 00 00 00 ff ff 00 00 00 01 02 00 00 a4 08 04 04
19:32:43.331       	00 00 49 5f 09 00 00 00 14 00 00 00 14 00 00 00 ff ff 00 00 01 01 02 00 a4
19:32:43.332       	00 00 49 5f 0c 00 00 00 14 00 00 00 14 00 00 00 ff ff 00 00 00 01 02 00 7f ff 6f 38
19:32:43.335       	00 00 49 5f 0a 00 00 00 14 00 00 00 14 00 00 00 ff ff 00 00 01 01 02 00 61 19
19:32:43.336       	00 00 49 5f 0d 00 00 00 14 00 00 00 14 00 00 00 ff ff 00 00 00 01 02 00 00 c0 00 00 19
19:32:43.336       	00 00 49 5f 09 00 00 00 14 00 00 00 14 00 00 00 ff ff 00 00 01 01 02 00 c0
19:32:43.337       	00 00 49 5f 21 00 00 00 14 00 00 00 14 00 00 00 ff ff 00 00 01 01 02 00 62 17 82 02 41 21 83 02 6f 38 8a 01 05 8b 03 6f 06 02 80 02 00 11 88 01 20
19:32:43.337       	00 00 49 5f 0a 00 00 00 14 00 00 00 14 00 00 00 ff ff 00 00 01 01 02 00 90 00
19:32:43.338       	00 00 49 5f 0d 00 00 00 14 00 00 00 14 00 00 00 ff ff 00 00 00 01 02 00 00 b0 00 00 11
19:32:43.351       	00 00 49 5f 09 00 00 00 14 00 00 00 14 00 00 00 ff ff 00 00 01 01 02 00 b0
19:32:43.352       	00 00 49 5f 19 00 00 00 14 00 00 00 14 00 00 00 ff ff 00 00 01 01 02 00 00 00 1c 0c 23 16 00 00 40 00 10 00 00 00 00 00 00
19:32:43.352       	00 00 49 5f 0a 00 00 00 14 00 00 00 14 00 00 00 ff ff 00 00 01 01 02 00 90 00
19:32:43.353       	00 00 49 5f 0d 00 00 00 14 00 00 00 14 00 00 00 ff ff 00 00 00 01 02 00 00 a4 08 04 04
19:32:43.353       	00 00 49 5f 09 00 00 00 14 00 00 00 14 00 00 00 ff ff 00 00 01 01 02 00 a4
19:32:43.356       	00 00 49 5f 0c 00 00 00 14 00 00 00 14 00 00 00 ff ff 00 00 00 01 02 00 7f ff 6f 11
19:32:43.358       	00 00 49 5f 0a 00 00 00 14 00 00 00 14 00 00 00 ff ff 00 00 01 01 02 00 6a 82
19:32:43.358       	00 00 49 5f 0d 00 00 00 14 00 00 00 14 00 00 00 ff ff 00 00 00 01 02 00 00 a4 00 04 02
19:32:43.359       	00 00 49 5f 09 00 00 00 14 00 00 00 14 00 00 00 ff ff 00 00 01 01 02 00 a4
19:32:43.360       	00 00 49 5f 0a 00 00 00 14 00 00 00 14 00 00 00 ff ff 00 00 00 01 02 00 3f 00
19:32:43.360       	00 00 49 5f 0a 00 00 00 14 00 00 00 14 00 00 00 ff ff 00 00 01 01 02 00 61 28
19:32:43.361       	00 00 49 5f 0d 00 00 00 14 00 00 00 14 00 00 00 ff ff 00 00 00 01 02 00 00 c0 00 00 28
19:32:43.361       	00 00 49 5f 09 00 00 00 14 00 00 00 14 00 00 00 ff ff 00 00 01 01 02 00 c0
19:32:43.363       	00 00 00 00 30 00 00 00 14 00 00 00 14 00 00 00 ff ff 00 00 01 01 02 00 62 26 82 02 78 21 83 02 3f 00 a5 06 80 01 71 87 01 01 8a 01 05 8b 03 2f 06 0e c6 0c 90 01 60 83 01 01 83 01 02 83 01 0a
19:32:43.363       	00 00 49 5f 0a 00 00 00 14 00 00 00 14 00 00 00 ff ff 00 00 01 01 02 00 90 00
19:32:43.364       	00 00 49 5f 0d 00 00 00 14 00 00 00 14 00 00 00 ff ff 00 00 00 01 02 00 00 a4 00 04 02
19:32:43.365       	00 00 49 5f 09 00 00 00 14 00 00 00 14 00 00 00 ff ff 00 00 01 01 02 00 a4
19:32:43.365       	00 00 49 5f 0a 00 00 00 14 00 00 00 14 00 00 00 ff ff 00 00 00 01 02 00 7f ff
19:32:43.387       	00 00 49 5f 0a 00 00 00 14 00 00 00 14 00 00 00 ff ff 00 00 01 01 02 00 61 32
19:32:43.388       	00 00 49 5f 0d 00 00 00 14 00 00 00 14 00 00 00 ff ff 00 00 00 01 02 00 00 c0 00 00 32
19:32:43.388       	00 00 49 5f 09 00 00 00 14 00 00 00 14 00 00 00 ff ff 00 00 01 01 02 00 c0
19:32:43.390       	00 00 56 f3 3a 00 00 00 14 00 00 00 14 00 00 00 ff ff 00 00 01 01 02 00 62 30 82 02 78 21 83 02 7f f1 84 10 a0 00 00 00 87 10 02 ff 33 ff 01 89 00 00 01 00 8a 01 05 8b 03 2f 06 0e c6 0c 90 01 60 83 01 01 83 01 81 83 01 0a
19:32:43.391       	00 00 49 5f 0a 00 00 00 14 00 00 00 14 00 00 00 ff ff 00 00 01 01 02 00 90 00
19:32:43.391       	00 00 49 5f 0d 00 00 00 14 00 00 00 14 00 00 00 ff ff 00 00 00 01 02 00 00 a4 00 04 02
19:32:43.392       	00 00 49 5f 09 00 00 00 14 00 00 00 14 00 00 00 ff ff 00 00 01 01 02 00 a4
19:32:43.393       	00 00 49 5f 0a 00 00 00 14 00 00 00 14 00 00 00 ff ff 00 00 00 01 02 00 6f 11
19:32:43.394       	00 00 49 5f 0a 00 00 00 14 00 00 00 14 00 00 00 ff ff 00 00 01 01 02 00 6a 82
19:32:43.399       	00 00 49 5f 0d 00 00 00 14 00 00 00 14 00 00 00 ff ff 00 00 00 01 02 00 00 a4 08 04 04
19:32:43.400       	00 00 49 5f 09 00 00 00 14 00 00 00 14 00 00 00 ff ff 00 00 01 01 02 00 a4
19:32:43.400       	00 00 49 5f 0c 00 00 00 14 00 00 00 14 00 00 00 ff ff 00 00 00 01 02 00 7f ff 6f ad
19:32:43.403       	00 00 49 5f 0a 00 00 00 14 00 00 00 14 00 00 00 ff ff 00 00 01 01 02 00 61 19
19:32:43.404       	00 00 49 5f 0d 00 00 00 14 00 00 00 14 00 00 00 ff ff 00 00 00 01 02 00 00 c0 00 00 19
19:32:43.404       	00 00 49 5f 09 00 00 00 14 00 00 00 14 00 00 00 ff ff 00 00 01 01 02 00 c0
19:32:43.406       	00 00 49 5f 21 00 00 00 14 00 00 00 14 00 00 00 ff ff 00 00 01 01 02 00 62 17 82 02 41 21 83 02 6f ad 8a 01 05 8b 03 6f 06 0a 80 02 00 04 88 01 18
19:32:43.406       	00 00 49 5f 0a 00 00 00 14 00 00 00 14 00 00 00 ff ff 00 00 01 01 02 00 90 00
19:32:43.408       	00 00 49 5f 0d 00 00 00 14 00 00 00 14 00 00 00 ff ff 00 00 00 01 02 00 00 a4 08 04 06
19:32:43.409       	00 00 49 5f 09 00 00 00 14 00 00 00 14 00 00 00 ff ff 00 00 01 01 02 00 a4
19:32:43.409       	00 00 49 5f 0e 00 00 00 14 00 00 00 14 00 00 00 ff ff 00 00 00 01 02 00 7f 10 5f 3a 4f 30
19:32:43.410       	00 00 49 5f 0a 00 00 00 14 00 00 00 14 00 00 00 ff ff 00 00 01 01 02 00 6a 82
19:32:43.411       	00 00 49 5f 0d 00 00 00 14 00 00 00 14 00 00 00 ff ff 00 00 00 01 02 00 00 a4 00 04 02
19:32:43.411       	00 00 49 5f 09 00 00 00 14 00 00 00 14 00 00 00 ff ff 00 00 01 01 02 00 a4
19:32:43.412       	00 00 49 5f 0a 00 00 00 14 00 00 00 14 00 00 00 ff ff 00 00 00 01 02 00 3f 00
19:32:43.413       	00 00 49 5f 0a 00 00 00 14 00 00 00 14 00 00 00 ff ff 00 00 01 01 02 00 61 28
19:32:43.413       	00 00 49 5f 0d 00 00 00 14 00 00 00 14 00 00 00 ff ff 00 00 00 01 02 00 00 c0 00 00 28
19:32:43.414       	00 00 49 5f 09 00 00 00 14 00 00 00 14 00 00 00 ff ff 00 00 01 01 02 00 c0
19:32:43.416       	00 00 00 00 30 00 00 00 14 00 00 00 14 00 00 00 ff ff 00 00 01 01 02 00 62 26 82 02 78 21 83 02 3f 00 a5 06 80 01 71 87 01 01 8a 01 05 8b 03 2f 06 0e c6 0c 90 01 60 83 01 01 83 01 02 83 01 0a
19:32:43.416       	00 00 49 5f 0a 00 00 00 14 00 00 00 14 00 00 00 ff ff 00 00 01 01 02 00 90 00
19:32:43.417       	00 00 49 5f 0d 00 00 00 14 00 00 00 14 00 00 00 ff ff 00 00 00 01 02 00 00 a4 00 04 02
19:32:43.417       	00 00 49 5f 09 00 00 00 14 00 00 00 14 00 00 00 ff ff 00 00 01 01 02 00 a4
19:32:43.418       	00 00 49 5f 0a 00 00 00 14 00 00 00 14 00 00 00 ff ff 00 00 00 01 02 00 7f 10
19:32:43.418       	00 00 49 5f 0a 00 00 00 14 00 00 00 14 00 00 00 ff ff 00 00 01 01 02 00 6a 82
19:32:43.421       	00 00 49 5f 0d 00 00 00 14 00 00 00 14 00 00 00 ff ff 00 00 00 01 02 00 00 a4 08 04 04
19:32:43.422       	00 00 49 5f 09 00 00 00 14 00 00 00 14 00 00 00 ff ff 00 00 01 01 02 00 a4
19:32:43.422       	00 00 49 5f 0c 00 00 00 14 00 00 00 14 00 00 00 ff ff 00 00 00 01 02 00 7f ff 6f c5
19:32:43.424       	00 00 49 5f 0a 00 00 00 14 00 00 00 14 00 00 00 ff ff 00 00 01 01 02 00 6a 82
19:32:43.425       	00 00 49 5f 0d 00 00 00 14 00 00 00 14 00 00 00 ff ff 00 00 00 01 02 00 00 a4 00 04 02
19:32:43.425       	00 00 49 5f 09 00 00 00 14 00 00 00 14 00 00 00 ff ff 00 00 01 01 02 00 a4
19:32:43.426       	00 00 49 5f 0a 00 00 00 14 00 00 00 14 00 00 00 ff ff 00 00 00 01 02 00 3f 00
19:32:43.427       	00 00 49 5f 0a 00 00 00 14 00 00 00 14 00 00 00 ff ff 00 00 01 01 02 00 61 28
19:32:43.428       	00 00 49 5f 0d 00 00 00 14 00 00 00 14 00 00 00 ff ff 00 00 00 01 02 00 00 c0 00 00 28
19:32:43.428       	00 00 49 5f 09 00 00 00 14 00 00 00 14 00 00 00 ff ff 00 00 01 01 02 00 c0
19:32:43.430       	00 00 00 00 30 00 00 00 14 00 00 00 14 00 00 00 ff ff 00 00 01 01 02 00 62 26 82 02 78 21 83 02 3f 00 a5 06 80 01 71 87 01 01 8a 01 05 8b 03 2f 06 0e c6 0c 90 01 60 83 01 01 83 01 02 83 01 0a
19:32:43.430       	00 00 49 5f 0a 00 00 00 14 00 00 00 14 00 00 00 ff ff 00 00 01 01 02 00 90 00
19:32:43.431       	00 00 49 5f 0d 00 00 00 14 00 00 00 14 00 00 00 ff ff 00 00 00 01 02 00 00 a4 00 04 02
19:32:43.431       	00 00 49 5f 09 00 00 00 14 00 00 00 14 00 00 00 ff ff 00 00 01 01 02 00 a4
19:32:43.432       	00 00 49 5f 0a 00 00 00 14 00 00 00 14 00 00 00 ff ff 00 00 00 01 02 00 7f ff
19:32:43.454       	00 00 49 5f 0a 00 00 00 14 00 00 00 14 00 00 00 ff ff 00 00 01 01 02 00 61 32
19:32:43.454       	00 00 49 5f 0d 00 00 00 14 00 00 00 14 00 00 00 ff ff 00 00 00 01 02 00 00 c0 00 00 32
19:32:43.455       	00 00 49 5f 09 00 00 00 14 00 00 00 14 00 00 00 ff ff 00 00 01 01 02 00 c0
19:32:43.457       	00 00 00 00 3a 00 00 00 14 00 00 00 14 00 00 00 ff ff 00 00 01 01 02 00 62 30 82 02 78 21 83 02 7f f1 84 10 a0 00 00 00 87 10 02 ff 33 ff 01 89 00 00 01 00 8a 01 05 8b 03 2f 06 0e c6 0c 90 01 60 83 01 01 83 01 81 83 01 0a
19:32:43.457       	00 00 49 5f 0a 00 00 00 14 00 00 00 14 00 00 00 ff ff 00 00 01 01 02 00 90 00
19:32:43.458       	00 00 49 5f 0d 00 00 00 14 00 00 00 14 00 00 00 ff ff 00 00 00 01 02 00 00 a4 00 04 02
19:32:43.458       	00 00 49 5f 09 00 00 00 14 00 00 00 14 00 00 00 ff ff 00 00 01 01 02 00 a4
19:32:43.459       	00 00 49 5f 0a 00 00 00 14 00 00 00 14 00 00 00 ff ff 00 00 00 01 02 00 6f c5
19:32:43.461       	00 00 49 5f 0a 00 00 00 14 00 00 00 14 00 00 00 ff ff 00 00 01 01 02 00 6a 82
19:32:43.463       	00 00 49 5f 0d 00 00 00 14 00 00 00 14 00 00 00 ff ff 00 00 00 01 02 00 00 a4 08 04 04
19:32:43.464       	00 00 49 5f 09 00 00 00 14 00 00 00 14 00 00 00 ff ff 00 00 01 01 02 00 a4
19:32:43.464       	00 00 49 5f 0c 00 00 00 14 00 00 00 14 00 00 00 ff ff 00 00 00 01 02 00 7f ff 6f 14
19:32:43.466       	00 00 49 5f 0a 00 00 00 14 00 00 00 14 00 00 00 ff ff 00 00 01 01 02 00 6a 82
19:32:43.467       	00 00 49 5f 0d 00 00 00 14 00 00 00 14 00 00 00 ff ff 00 00 00 01 02 00 00 a4 00 04 02
19:32:43.467       	00 00 49 5f 09 00 00 00 14 00 00 00 14 00 00 00 ff ff 00 00 01 01 02 00 a4
19:32:43.468       	00 00 49 5f 0a 00 00 00 14 00 00 00 14 00 00 00 ff ff 00 00 00 01 02 00 3f 00
19:32:43.469       	00 00 49 5f 0a 00 00 00 14 00 00 00 14 00 00 00 ff ff 00 00 01 01 02 00 61 28
19:32:43.469       	00 00 49 5f 0d 00 00 00 14 00 00 00 14 00 00 00 ff ff 00 00 00 01 02 00 00 c0 00 00 28
19:32:43.470       	00 00 49 5f 09 00 00 00 14 00 00 00 14 00 00 00 ff ff 00 00 01 01 02 00 c0
19:32:43.472       	00 00 00 00 30 00 00 00 14 00 00 00 14 00 00 00 ff ff 00 00 01 01 02 00 62 26 82 02 78 21 83 02 3f 00 a5 06 80 01 71 87 01 01 8a 01 05 8b 03 2f 06 0e c6 0c 90 01 60 83 01 01 83 01 02 83 01 0a
19:32:43.472       	00 00 49 5f 0a 00 00 00 14 00 00 00 14 00 00 00 ff ff 00 00 01 01 02 00 90 00
19:32:43.473       	00 00 49 5f 0d 00 00 00 14 00 00 00 14 00 00 00 ff ff 00 00 00 01 02 00 00 a4 00 04 02
19:32:43.473       	00 00 49 5f 09 00 00 00 14 00 00 00 14 00 00 00 ff ff 00 00 01 01 02 00 a4
19:32:43.474       	00 00 49 5f 0a 00 00 00 14 00 00 00 14 00 00 00 ff ff 00 00 00 01 02 00 7f ff
19:32:43.496       	00 00 49 5f 0a 00 00 00 14 00 00 00 14 00 00 00 ff ff 00 00 01 01 02 00 61 32
19:32:43.496       	00 00 49 5f 0d 00 00 00 14 00 00 00 14 00 00 00 ff ff 00 00 00 01 02 00 00 c0 00 00 32
19:32:43.496       	00 00 49 5f 09 00 00 00 14 00 00 00 14 00 00 00 ff ff 00 00 01 01 02 00 c0
19:32:43.499       	00 00 00 00 3a 00 00 00 14 00 00 00 14 00 00 00 ff ff 00 00 01 01 02 00 62 30 82 02 78 21 83 02 7f f1 84 10 a0 00 00 00 87 10 02 ff 33 ff 01 89 00 00 01 00 8a 01 05 8b 03 2f 06 0e c6 0c 90 01 60 83 01 01 83 01 81 83 01 0a
19:32:43.499       	00 00 49 5f 0a 00 00 00 14 00 00 00 14 00 00 00 ff ff 00 00 01 01 02 00 90 00
19:32:43.500       	00 00 49 5f 0d 00 00 00 14 00 00 00 14 00 00 00 ff ff 00 00 00 01 02 00 00 a4 00 04 02
19:32:43.500       	00 00 49 5f 09 00 00 00 14 00 00 00 14 00 00 00 ff ff 00 00 01 01 02 00 a4
19:32:43.501       	00 00 49 5f 0a 00 00 00 14 00 00 00 14 00 00 00 ff ff 00 00 00 01 02 00 6f 14
19:32:43.503       	00 00 49 5f 0a 00 00 00 14 00 00 00 14 00 00 00 ff ff 00 00 01 01 02 00 6a 82
19:32:43.505       	00 00 49 5f 0d 00 00 00 14 00 00 00 14 00 00 00 ff ff 00 00 00 01 02 00 00 a4 08 04 04
19:32:43.505       	00 00 49 5f 09 00 00 00 14 00 00 00 14 00 00 00 ff ff 00 00 01 01 02 00 a4
19:32:43.506       	00 00 49 5f 0c 00 00 00 14 00 00 00 14 00 00 00 ff ff 00 00 00 01 02 00 7f ff 6f 18
19:32:43.508       	00 00 49 5f 0a 00 00 00 14 00 00 00 14 00 00 00 ff ff 00 00 01 01 02 00 6a 82
19:32:43.509       	00 00 49 5f 0d 00 00 00 14 00 00 00 14 00 00 00 ff ff 00 00 00 01 02 00 00 a4 00 04 02
19:32:43.509       	00 00 49 5f 09 00 00 00 14 00 00 00 14 00 00 00 ff ff 00 00 01 01 02 00 a4
19:32:43.510       	00 00 49 5f 0a 00 00 00 14 00 00 00 14 00 00 00 ff ff 00 00 00 01 02 00 3f 00
19:32:43.511       	00 00 49 5f 0a 00 00 00 14 00 00 00 14 00 00 00 ff ff 00 00 01 01 02 00 61 28
19:32:43.511       	00 00 49 5f 0d 00 00 00 14 00 00 00 14 00 00 00 ff ff 00 00 00 01 02 00 00 c0 00 00 28
19:32:43.512       	00 00 49 5f 09 00 00 00 14 00 00 00 14 00 00 00 ff ff 00 00 01 01 02 00 c0
19:32:43.514       	00 00 00 00 30 00 00 00 14 00 00 00 14 00 00 00 ff ff 00 00 01 01 02 00 62 26 82 02 78 21 83 02 3f 00 a5 06 80 01 71 87 01 01 8a 01 05 8b 03 2f 06 0e c6 0c 90 01 60 83 01 01 83 01 02 83 01 0a
19:32:43.514       	00 00 49 5f 0a 00 00 00 14 00 00 00 14 00 00 00 ff ff 00 00 01 01 02 00 90 00
19:32:43.514       	00 00 49 5f 0d 00 00 00 14 00 00 00 14 00 00 00 ff ff 00 00 00 01 02 00 00 a4 00 04 02
19:32:43.515       	00 00 49 5f 09 00 00 00 14 00 00 00 14 00 00 00 ff ff 00 00 01 01 02 00 a4
19:32:43.516       	00 00 49 5f 0a 00 00 00 14 00 00 00 14 00 00 00 ff ff 00 00 00 01 02 00 7f ff
19:32:43.537       	00 00 49 5f 0a 00 00 00 14 00 00 00 14 00 00 00 ff ff 00 00 01 01 02 00 61 32
19:32:43.538       	00 00 49 5f 0d 00 00 00 14 00 00 00 14 00 00 00 ff ff 00 00 00 01 02 00 00 c0 00 00 32
19:32:43.538       	00 00 49 5f 09 00 00 00 14 00 00 00 14 00 00 00 ff ff 00 00 01 01 02 00 c0
19:32:43.541       	00 00 00 00 3a 00 00 00 14 00 00 00 14 00 00 00 ff ff 00 00 01 01 02 00 62 30 82 02 78 21 83 02 7f f1 84 10 a0 00 00 00 87 10 02 ff 33 ff 01 89 00 00 01 00 8a 01 05 8b 03 2f 06 0e c6 0c 90 01 60 83 01 01 83 01 81 83 01 0a
19:32:43.541       	00 00 49 5f 0a 00 00 00 14 00 00 00 14 00 00 00 ff ff 00 00 01 01 02 00 90 00
19:32:43.542       	00 00 49 5f 0d 00 00 00 14 00 00 00 14 00 00 00 ff ff 00 00 00 01 02 00 00 a4 00 04 02
19:32:43.542       	00 00 49 5f 09 00 00 00 14 00 00 00 14 00 00 00 ff ff 00 00 01 01 02 00 a4
19:32:43.543       	00 00 49 5f 0a 00 00 00 14 00 00 00 14 00 00 00 ff ff 00 00 00 01 02 00 6f 18
19:32:43.544       	00 00 49 5f 0a 00 00 00 14 00 00 00 14 00 00 00 ff ff 00 00 01 01 02 00 6a 82
19:32:43.554       	00 00 49 5f 0d 00 00 00 14 00 00 00 14 00 00 00 ff ff 00 00 00 01 02 00 00 a4 08 04 04
19:32:43.554       	00 00 49 5f 09 00 00 00 14 00 00 00 14 00 00 00 ff ff 00 00 01 01 02 00 a4
19:32:43.555       	00 00 49 5f 0c 00 00 00 14 00 00 00 14 00 00 00 ff ff 00 00 00 01 02 00 7f ff 6f cd
19:32:43.557       	00 00 49 5f 0a 00 00 00 14 00 00 00 14 00 00 00 ff ff 00 00 01 01 02 00 6a 82
19:32:43.558       	00 00 49 5f 0d 00 00 00 14 00 00 00 14 00 00 00 ff ff 00 00 00 01 02 00 00 a4 00 04 02
19:32:43.559       	00 00 49 5f 09 00 00 00 14 00 00 00 14 00 00 00 ff ff 00 00 01 01 02 00 a4
19:32:43.559       	00 00 49 5f 0a 00 00 00 14 00 00 00 14 00 00 00 ff ff 00 00 00 01 02 00 3f 00
19:32:43.561       	00 00 00 00 0a 00 00 00 14 00 00 00 14 00 00 00 ff ff 00 00 01 01 02 00 61 28
19:32:43.561       	00 00 49 5f 0d 00 00 00 14 00 00 00 14 00 00 00 ff ff 00 00 00 01 02 00 00 c0 00 00 28
19:32:43.562       	00 00 49 5f 09 00 00 00 14 00 00 00 14 00 00 00 ff ff 00 00 01 01 02 00 c0
19:32:43.564       	00 00 00 00 30 00 00 00 14 00 00 00 14 00 00 00 ff ff 00 00 01 01 02 00 62 26 82 02 78 21 83 02 3f 00 a5 06 80 01 71 87 01 01 8a 01 05 8b 03 2f 06 0e c6 0c 90 01 60 83 01 01 83 01 02 83 01 0a
19:32:43.564       	00 00 49 5f 0a 00 00 00 14 00 00 00 14 00 00 00 ff ff 00 00 01 01 02 00 90 00
19:32:43.565       	00 00 49 5f 0d 00 00 00 14 00 00 00 14 00 00 00 ff ff 00 00 00 01 02 00 00 a4 00 04 02
19:32:43.566       	00 00 49 5f 09 00 00 00 14 00 00 00 14 00 00 00 ff ff 00 00 01 01 02 00 a4
19:32:43.566       	00 00 49 5f 0a 00 00 00 14 00 00 00 14 00 00 00 ff ff 00 00 00 01 02 00 7f ff
19:32:43.588       	00 00 49 5f 0a 00 00 00 14 00 00 00 14 00 00 00 ff ff 00 00 01 01 02 00 61 32
19:32:43.589       	00 00 49 5f 0d 00 00 00 14 00 00 00 14 00 00 00 ff ff 00 00 00 01 02 00 00 c0 00 00 32
19:32:43.589       	00 00 49 5f 09 00 00 00 14 00 00 00 14 00 00 00 ff ff 00 00 01 01 02 00 c0
19:32:43.591       	00 00 00 00 3a 00 00 00 14 00 00 00 14 00 00 00 ff ff 00 00 01 01 02 00 62 30 82 02 78 21 83 02 7f f1 84 10 a0 00 00 00 87 10 02 ff 33 ff 01 89 00 00 01 00 8a 01 05 8b 03 2f 06 0e c6 0c 90 01 60 83 01 01 83 01 81 83 01 0a
19:32:43.591       	00 00 49 5f 0a 00 00 00 14 00 00 00 14 00 00 00 ff ff 00 00 01 01 02 00 90 00
19:32:43.592       	00 00 49 5f 0d 00 00 00 14 00 00 00 14 00 00 00 ff ff 00 00 00 01 02 00 00 a4 00 04 02
19:32:43.593       	00 00 49 5f 09 00 00 00 14 00 00 00 14 00 00 00 ff ff 00 00 01 01 02 00 a4
19:32:43.593       	00 00 49 5f 0a 00 00 00 14 00 00 00 14 00 00 00 ff ff 00 00 00 01 02 00 6f cd
19:32:43.595       	00 00 49 5f 0a 00 00 00 14 00 00 00 14 00 00 00 ff ff 00 00 01 01 02 00 6a 82
19:32:43.613       	00 00 49 5f 0d 00 00 00 14 00 00 00 14 00 00 00 ff ff 00 00 00 01 02 00 00 a4 08 04 04
19:32:43.614       	00 00 49 5f 09 00 00 00 14 00 00 00 14 00 00 00 ff ff 00 00 01 01 02 00 a4
19:32:43.615       	00 00 49 5f 0c 00 00 00 14 00 00 00 14 00 00 00 ff ff 00 00 00 01 02 00 7f ff 6f d9
19:32:43.618       	00 00 49 5f 0a 00 00 00 14 00 00 00 14 00 00 00 ff ff 00 00 01 01 02 00 61 19
19:32:43.618       	00 00 49 5f 0d 00 00 00 14 00 00 00 14 00 00 00 ff ff 00 00 00 01 02 00 00 c0 00 00 19
19:32:43.619       	00 00 49 5f 09 00 00 00 14 00 00 00 14 00 00 00 ff ff 00 00 01 01 02 00 c0
19:32:43.620       	00 00 49 5f 21 00 00 00 14 00 00 00 14 00 00 00 ff ff 00 00 01 01 02 00 62 17 82 02 41 21 83 02 6f d9 8a 01 05 8b 03 6f 06 02 80 02 00 0f 88 01 e8
19:32:43.620       	00 00 49 5f 0a 00 00 00 14 00 00 00 14 00 00 00 ff ff 00 00 01 01 02 00 90 00
19:32:43.633       	00 00 49 5f 0d 00 00 00 14 00 00 00 14 00 00 00 ff ff 00 00 00 01 02 00 00 a4 08 04 04
19:32:43.634       	00 00 49 5f 09 00 00 00 14 00 00 00 14 00 00 00 ff ff 00 00 01 01 02 00 a4
19:32:43.634       	00 00 49 5f 0c 00 00 00 14 00 00 00 14 00 00 00 ff ff 00 00 00 01 02 00 7f ff 6f 40
19:32:43.636       	00 00 49 5f 0a 00 00 00 14 00 00 00 14 00 00 00 ff ff 00 00 01 01 02 00 6a 82
19:32:43.637       	00 00 49 5f 0d 00 00 00 14 00 00 00 14 00 00 00 ff ff 00 00 00 01 02 00 00 a4 00 04 02
19:32:43.638       	00 00 49 5f 09 00 00 00 14 00 00 00 14 00 00 00 ff ff 00 00 01 01 02 00 a4
19:32:43.639       	00 00 49 5f 0a 00 00 00 14 00 00 00 14 00 00 00 ff ff 00 00 00 01 02 00 3f 00
19:32:43.640       	00 00 00 00 0a 00 00 00 14 00 00 00 14 00 00 00 ff ff 00 00 01 01 02 00 61 28
19:32:43.640       	00 00 49 5f 0d 00 00 00 14 00 00 00 14 00 00 00 ff ff 00 00 00 01 02 00 00 c0 00 00 28
19:32:43.641       	00 00 49 5f 09 00 00 00 14 00 00 00 14 00 00 00 ff ff 00 00 01 01 02 00 c0
19:32:43.643       	00 00 00 00 30 00 00 00 14 00 00 00 14 00 00 00 ff ff 00 00 01 01 02 00 62 26 82 02 78 21 83 02 3f 00 a5 06 80 01 71 87 01 01 8a 01 05 8b 03 2f 06 0e c6 0c 90 01 60 83 01 01 83 01 02 83 01 0a
19:32:43.643       	00 00 49 5f 0a 00 00 00 14 00 00 00 14 00 00 00 ff ff 00 00 01 01 02 00 90 00
19:32:43.644       	00 00 49 5f 0d 00 00 00 14 00 00 00 14 00 00 00 ff ff 00 00 00 01 02 00 00 a4 00 04 02
19:32:43.644       	00 00 49 5f 09 00 00 00 14 00 00 00 14 00 00 00 ff ff 00 00 01 01 02 00 a4
19:32:43.645       	00 00 49 5f 0a 00 00 00 14 00 00 00 14 00 00 00 ff ff 00 00 00 01 02 00 7f ff
19:32:43.667       	00 00 49 5f 0a 00 00 00 14 00 00 00 14 00 00 00 ff ff 00 00 01 01 02 00 61 32
19:32:43.667       	00 00 49 5f 0d 00 00 00 14 00 00 00 14 00 00 00 ff ff 00 00 00 01 02 00 00 c0 00 00 32
19:32:43.667       	00 00 49 5f 09 00 00 00 14 00 00 00 14 00 00 00 ff ff 00 00 01 01 02 00 c0
19:32:43.670       	00 00 00 00 3a 00 00 00 14 00 00 00 14 00 00 00 ff ff 00 00 01 01 02 00 62 30 82 02 78 21 83 02 7f f1 84 10 a0 00 00 00 87 10 02 ff 33 ff 01 89 00 00 01 00 8a 01 05 8b 03 2f 06 0e c6 0c 90 01 60 83 01 01 83 01 81 83 01 0a
19:32:43.670       	00 00 49 5f 0a 00 00 00 14 00 00 00 14 00 00 00 ff ff 00 00 01 01 02 00 90 00
19:32:43.671       	00 00 49 5f 0d 00 00 00 14 00 00 00 14 00 00 00 ff ff 00 00 00 01 02 00 00 a4 00 04 02
19:32:43.672       	00 00 49 5f 09 00 00 00 14 00 00 00 14 00 00 00 ff ff 00 00 01 01 02 00 a4
19:32:43.672       	00 00 49 5f 0a 00 00 00 14 00 00 00 14 00 00 00 ff ff 00 00 00 01 02 00 6f 40
19:32:43.674       	00 00 49 5f 0a 00 00 00 14 00 00 00 14 00 00 00 ff ff 00 00 01 01 02 00 6a 82
19:32:43.678       	00 00 49 5f 0d 00 00 00 14 00 00 00 14 00 00 00 ff ff 00 00 00 01 02 00 00 a4 08 04 04
19:32:43.678       	00 00 49 5f 09 00 00 00 14 00 00 00 14 00 00 00 ff ff 00 00 01 01 02 00 a4
19:32:43.679       	00 00 49 5f 0c 00 00 00 14 00 00 00 14 00 00 00 ff ff 00 00 00 01 02 00 7f ff 6f ad
19:32:43.682       	00 00 49 5f 0a 00 00 00 14 00 00 00 14 00 00 00 ff ff 00 00 01 01 02 00 61 19
19:32:43.682       	00 00 49 5f 0d 00 00 00 14 00 00 00 14 00 00 00 ff ff 00 00 00 01 02 00 00 c0 00 00 19
19:32:43.683       	00 00 49 5f 09 00 00 00 14 00 00 00 14 00 00 00 ff ff 00 00 01 01 02 00 c0
19:32:43.684       	00 00 49 5f 21 00 00 00 14 00 00 00 14 00 00 00 ff ff 00 00 01 01 02 00 62 17 82 02 41 21 83 02 6f ad 8a 01 05 8b 03 6f 06 0a 80 02 00 04 88 01 18
19:32:43.684       	00 00 49 5f 0a 00 00 00 14 00 00 00 14 00 00 00 ff ff 00 00 01 01 02 00 90 00
19:32:43.685       	00 00 49 5f 0d 00 00 00 14 00 00 00 14 00 00 00 ff ff 00 00 00 01 02 00 00 b0 00 00 04
19:32:43.685       	00 00 49 5f 09 00 00 00 14 00 00 00 14 00 00 00 ff ff 00 00 01 01 02 00 b0
19:32:43.686       	00 00 49 5f 0c 00 00 00 14 00 00 00 14 00 00 00 ff ff 00 00 01 01 02 00 00 00 00 02
19:32:43.686       	00 00 49 5f 0a 00 00 00 14 00 00 00 14 00 00 00 ff ff 00 00 01 01 02 00 90 00
19:32:43.696       	00 00 49 5f 0d 00 00 00 14 00 00 00 14 00 00 00 ff ff 00 00 00 01 02 00 00 a4 08 04 04
19:32:43.697       	00 00 49 5f 09 00 00 00 14 00 00 00 14 00 00 00 ff ff 00 00 01 01 02 00 a4
19:32:43.697       	00 00 49 5f 0c 00 00 00 14 00 00 00 14 00 00 00 ff ff 00 00 00 01 02 00 7f ff 6f d9
19:32:43.700       	00 00 49 5f 0a 00 00 00 14 00 00 00 14 00 00 00 ff ff 00 00 01 01 02 00 61 19
19:32:43.701       	00 00 49 5f 0d 00 00 00 14 00 00 00 14 00 00 00 ff ff 00 00 00 01 02 00 00 c0 00 00 19
19:32:43.701       	00 00 49 5f 09 00 00 00 14 00 00 00 14 00 00 00 ff ff 00 00 01 01 02 00 c0
19:32:43.702       	00 00 49 5f 21 00 00 00 14 00 00 00 14 00 00 00 ff ff 00 00 01 01 02 00 62 17 82 02 41 21 83 02 6f d9 8a 01 05 8b 03 6f 06 02 80 02 00 0f 88 01 e8
19:32:43.702       	00 00 49 5f 0a 00 00 00 14 00 00 00 14 00 00 00 ff ff 00 00 01 01 02 00 90 00
19:32:43.703       	00 00 49 5f 0d 00 00 00 14 00 00 00 14 00 00 00 ff ff 00 00 00 01 02 00 00 b0 00 00 0f
19:32:43.716       	00 00 49 5f 09 00 00 00 14 00 00 00 14 00 00 00 ff ff 00 00 01 01 02 00 b0
19:32:43.717       	00 00 49 5f 17 00 00 00 14 00 00 00 14 00 00 00 ff ff 00 00 01 01 02 00 54 f4 00 ff ff ff ff ff ff ff ff ff ff ff ff
19:32:43.717       	00 00 49 5f 0a 00 00 00 14 00 00 00 14 00 00 00 ff ff 00 00 01 01 02 00 90 00
19:32:43.815       	00 00 49 5f 0d 00 00 00 14 00 00 00 14 00 00 00 ff ff 00 00 00 01 02 00 00 a4 08 04 04
19:32:43.816       	00 00 49 5f 09 00 00 00 14 00 00 00 14 00 00 00 ff ff 00 00 01 01 02 00 a4
19:32:43.817       	00 00 49 5f 0c 00 00 00 14 00 00 00 14 00 00 00 ff ff 00 00 00 01 02 00 7f ff 6f 05
19:32:43.818       	00 00 49 5f 0a 00 00 00 14 00 00 00 14 00 00 00 ff ff 00 00 01 01 02 00 6a 82
19:32:43.819       	00 00 49 5f 0d 00 00 00 14 00 00 00 14 00 00 00 ff ff 00 00 00 01 02 00 00 a4 00 04 02
19:32:43.820       	00 00 49 5f 09 00 00 00 14 00 00 00 14 00 00 00 ff ff 00 00 01 01 02 00 a4
19:32:43.820       	00 00 49 5f 0a 00 00 00 14 00 00 00 14 00 00 00 ff ff 00 00 00 01 02 00 3f 00
19:32:43.821       	00 00 49 5f 0a 00 00 00 14 00 00 00 14 00 00 00 ff ff 00 00 01 01 02 00 61 28
19:32:43.822       	00 00 49 5f 0d 00 00 00 14 00 00 00 14 00 00 00 ff ff 00 00 00 01 02 00 00 c0 00 00 28
19:32:43.822       	00 00 49 5f 09 00 00 00 14 00 00 00 14 00 00 00 ff ff 00 00 01 01 02 00 c0
19:32:43.824       	00 00 3e 2b 30 00 00 00 14 00 00 00 14 00 00 00 ff ff 00 00 01 01 02 00 62 26 82 02 78 21 83 02 3f 00 a5 06 80 01 71 87 01 01 8a 01 05 8b 03 2f 06 0e c6 0c 90 01 60 83 01 01 83 01 02 83 01 0a
19:32:43.824       	00 00 49 5f 0a 00 00 00 14 00 00 00 14 00 00 00 ff ff 00 00 01 01 02 00 90 00
19:32:43.826       	00 00 49 5f 0d 00 00 00 14 00 00 00 14 00 00 00 ff ff 00 00 00 01 02 00 00 a4 00 04 02
19:32:43.827       	00 00 49 5f 09 00 00 00 14 00 00 00 14 00 00 00 ff ff 00 00 01 01 02 00 a4
19:32:43.828       	00 00 49 5f 0a 00 00 00 14 00 00 00 14 00 00 00 ff ff 00 00 00 01 02 00 7f ff
19:32:43.849       	00 00 49 5f 0a 00 00 00 14 00 00 00 14 00 00 00 ff ff 00 00 01 01 02 00 61 32
19:32:43.850       	00 00 49 5f 0d 00 00 00 14 00 00 00 14 00 00 00 ff ff 00 00 00 01 02 00 00 c0 00 00 32
19:32:43.850       	00 00 49 5f 09 00 00 00 14 00 00 00 14 00 00 00 ff ff 00 00 01 01 02 00 c0
19:32:43.853       	00 00 00 00 3a 00 00 00 14 00 00 00 14 00 00 00 ff ff 00 00 01 01 02 00 62 30 82 02 78 21 83 02 7f f1 84 10 a0 00 00 00 87 10 02 ff 33 ff 01 89 00 00 01 00 8a 01 05 8b 03 2f 06 0e c6 0c 90 01 60 83 01 01 83 01 81 83 01 0a
19:32:43.853       	00 00 49 5f 0a 00 00 00 14 00 00 00 14 00 00 00 ff ff 00 00 01 01 02 00 90 00
19:32:43.854       	00 00 49 5f 0d 00 00 00 14 00 00 00 14 00 00 00 ff ff 00 00 00 01 02 00 00 a4 00 04 02
19:32:43.855       	00 00 49 5f 09 00 00 00 14 00 00 00 14 00 00 00 ff ff 00 00 01 01 02 00 a4
19:32:43.855       	00 00 49 5f 0a 00 00 00 14 00 00 00 14 00 00 00 ff ff 00 00 00 01 02 00 6f 05
19:32:43.858       	00 00 49 5f 0a 00 00 00 14 00 00 00 14 00 00 00 ff ff 00 00 01 01 02 00 6a 82
19:32:48.723       	00 00 49 5f 0d 00 00 00 14 00 00 00 14 00 00 00 ff ff 00 00 00 01 02 00 80 14 00 00 27
19:32:48.724       	00 00 49 5f 09 00 00 00 14 00 00 00 14 00 00 00 ff ff 00 00 01 01 02 00 14
19:32:48.724       	00 00 50 9f 2f 00 00 00 14 00 00 00 14 00 00 00 ff ff 00 00 00 01 02 00 81 03 01 23 04 02 02 82 81 83 01 00 8d 19 04 63 6c 4e ed 16 72 43 2d fa 2c f9 50 35 cc f1 7d d4 56 63 b7 39 ac b7 e1
19:32:48.749       	00 00 49 5f 0a 00 00 00 14 00 00 00 14 00 00 00 ff ff 00 00 01 01 02 00 91 3b
19:32:48.749       	00 00 49 5f 0d 00 00 00 14 00 00 00 14 00 00 00 ff ff 00 00 00 01 02 00 80 12 00 00 3b
19:32:48.750       	00 00 49 5f 09 00 00 00 14 00 00 00 14 00 00 00 ff ff 00 00 01 01 02 00 12
19:32:48.753       	00 00 00 00 43 00 00 00 14 00 00 00 14 00 00 00 ff ff 00 00 01 01 02 00 d0 39 81 03 01 23 04 82 02 81 82 8d 0f 04 56 65 72 69 66 79 42 69 6e 64 45 6e 64 02 91 02 ff ff 97 19 04 86 5e 1d a3 b9 ef 5b 0e d0 ca 14 e7 57 a7 e1 da 7e 3a df 93 5c f5 f9 1b
19:32:48.753       	00 00 49 5f 0a 00 00 00 14 00 00 00 14 00 00 00 ff ff 00 00 01 01 02 00 90 00
19:32:48.844       	00 00 49 5f 0d 00 00 00 14 00 00 00 14 00 00 00 ff ff 00 00 00 01 02 00 80 14 00 00 10
19:32:48.844       	00 00 49 5f 09 00 00 00 14 00 00 00 14 00 00 00 ff ff 00 00 01 01 02 00 14
19:32:48.845       	00 00 49 5f 18 00 00 00 14 00 00 00 14 00 00 00 ff ff 00 00 00 01 02 00 81 03 01 23 04 02 02 82 81 83 01 00 8d 02 04 00
19:32:48.856       	00 00 49 5f 0a 00 00 00 14 00 00 00 14 00 00 00 ff ff 00 00 01 01 02 00 90 00
19:32:48.857       	00 00 49 5f 0d 00 00 00 14 00 00 00 14 00 00 00 ff ff 00 00 00 01 02 00 80 c2 00 00 0c
19:32:48.857       	00 00 49 5f 09 00 00 00 14 00 00 00 14 00 00 00 ff ff 00 00 01 01 02 00 c2
19:32:48.858       	00 00 49 5f 14 00 00 00 14 00 00 00 14 00 00 00 ff ff 00 00 00 01 02 00 d6 0a 19 01 03 82 02 82 81 1b 01 02
19:32:48.866       	00 00 49 5f 0a 00 00 00 14 00 00 00 14 00 00 00 ff ff 00 00 01 01 02 00 90 00
19:32:49.269       	00 00 49 5f 0d 00 00 00 14 00 00 00 14 00 00 00 ff ff 00 00 00 01 02 00 00 88 00 81 22
19:32:49.282       	00 00 49 5f 09 00 00 00 14 00 00 00 14 00 00 00 ff ff 00 00 01 01 02 00 88
19:32:49.283       	00 00 36 e5 2a 00 00 00 14 00 00 00 14 00 00 00 ff ff 00 00 00 01 02 00 10 79 c8 f9 dc c6 be e5 b4 a3 6f 55 74 66 86 2b 14 10 f3 f2 84 94 6c af 82 34 e6 3b ad e7 11 bd 6d a5
19:32:49.332       	00 00 49 5f 0a 00 00 00 14 00 00 00 14 00 00 00 ff ff 00 00 01 01 02 00 61 35
19:32:49.332       	00 00 49 5f 0d 00 00 00 14 00 00 00 14 00 00 00 ff ff 00 00 00 01 02 00 00 c0 00 00 35
19:32:49.333       	00 00 49 5f 09 00 00 00 14 00 00 00 14 00 00 00 ff ff 00 00 01 01 02 00 c0
19:32:49.335       	00 00 36 e5 3d 00 00 00 14 00 00 00 14 00 00 00 ff ff 00 00 01 01 02 00 db 08 98 20 56 90 3e 0d 71 f2 10 be 43 26 c0 c6 44 21 1c b0 ec 04 d0 85 b4 52 13 10 11 cf 6f c4 3a cf d0 5d a7 98 1f 0e 3c 77 e7 f2 08 b8 f8 52 da 45 48 44 a0
19:32:49.335       	00 00 49 5f 0a 00 00 00 14 00 00 00 14 00 00 00 ff ff 00 00 01 01 02 00 90 00
19:32:50.494       	00 00 49 5f 0d 00 00 00 14 00 00 00 14 00 00 00 ff ff 00 00 00 01 02 00 00 a4 08 04 04
19:32:50.495       	00 00 49 5f 09 00 00 00 14 00 00 00 14 00 00 00 ff ff 00 00 01 01 02 00 a4
19:32:50.496       	00 00 49 5f 0c 00 00 00 14 00 00 00 14 00 00 00 ff ff 00 00 00 01 02 00 7f ff 6f e3
19:32:50.499       	00 00 49 5f 0a 00 00 00 14 00 00 00 14 00 00 00 ff ff 00 00 01 01 02 00 61 19
19:32:50.499       	00 00 49 5f 0d 00 00 00 14 00 00 00 14 00 00 00 ff ff 00 00 00 01 02 00 00 c0 00 00 19
19:32:50.499       	00 00 49 5f 09 00 00 00 14 00 00 00 14 00 00 00 ff ff 00 00 01 01 02 00 c0
19:32:50.501       	00 00 49 5f 21 00 00 00 14 00 00 00 14 00 00 00 ff ff 00 00 01 01 02 00 62 17 82 02 41 21 83 02 6f e3 8a 01 05 8b 03 6f 06 05 80 02 00 12 88 01 f0
19:32:50.501       	00 00 49 5f 0a 00 00 00 14 00 00 00 14 00 00 00 ff ff 00 00 01 01 02 00 90 00
19:32:50.501       	00 00 49 5f 0d 00 00 00 14 00 00 00 14 00 00 00 ff ff 00 00 00 01 02 00 00 d6 00 00 12
19:32:50.502       	00 00 49 5f 09 00 00 00 14 00 00 00 14 00 00 00 ff ff 00 00 01 01 02 00 d6
19:32:50.502       	00 00 49 5f 1a 00 00 00 14 00 00 00 14 00 00 00 ff ff 00 00 00 01 02 00 0b f6 64 f0 10 88 03 da d1 53 6c b6 64 f0 10 e8 fa 00
19:32:50.528       	00 00 49 5f 0a 00 00 00 14 00 00 00 14 00 00 00 ff ff 00 00 01 01 02 00 90 00
19:32:50.529       	00 00 49 5f 0d 00 00 00 14 00 00 00 14 00 00 00 ff ff 00 00 00 01 02 00 00 a4 08 0c 04
19:32:50.529       	00 00 49 5f 09 00 00 00 14 00 00 00 14 00 00 00 ff ff 00 00 01 01 02 00 a4
19:32:50.530       	00 00 f7 6c 0c 00 00 00 14 00 00 00 14 00 00 00 ff ff 00 00 00 01 02 00 7f ff 6f 7e
19:32:50.533       	00 00 49 5f 0a 00 00 00 14 00 00 00 14 00 00 00 ff ff 00 00 01 01 02 00 90 00
19:32:50.533       	00 00 49 5f 0d 00 00 00 14 00 00 00 14 00 00 00 ff ff 00 00 00 01 02 00 00 d6 00 00 0b
19:32:50.534       	00 00 49 5f 09 00 00 00 14 00 00 00 14 00 00 00 ff ff 00 00 01 01 02 00 d6
19:32:50.535       	00 00 49 5f 13 00 00 00 14 00 00 00 14 00 00 00 ff ff 00 00 00 01 02 00 bb cd f9 8a 64 f0 10 a8 36 00 00
19:32:50.560       	00 00 49 5f 0a 00 00 00 14 00 00 00 14 00 00 00 ff ff 00 00 01 01 02 00 90 00
19:32:50.560       	00 00 49 5f 0d 00 00 00 14 00 00 00 14 00 00 00 ff ff 00 00 00 01 02 00 80 c2 00 00 17
19:32:50.561       	00 00 49 5f 09 00 00 00 14 00 00 00 14 00 00 00 ff ff 00 00 01 01 02 00 c2
19:32:50.562       	00 00 49 5f 1f 00 00 00 14 00 00 00 14 00 00 00 ff ff 00 00 00 01 02 00 d6 15 19 01 03 82 02 82 81 1b 01 00 13 09 64 f0 10 e8 fa 7c 63 23 3f
19:32:50.570       	00 00 49 5f 0a 00 00 00 14 00 00 00 14 00 00 00 ff ff 00 00 01 01 02 00 90 00
19:32:53.786       	00 00 49 5f 0d 00 00 00 65 00 00 00 65 00 00 00 ff ff 00 00 00 01 02 00 80 7c 00 01 00
19:32:53.787       	00 00 49 5f 0a 00 00 00 65 00 00 00 65 00 00 00 ff ff 00 00 01 01 02 00 90 00
19:32:53.788       	00 00 49 5f 0d 00 00 00 65 00 00 00 65 00 00 00 ff ff 00 00 00 01 01 00 80 7c 01 01 00
19:32:53.794       	00 00 49 5f 0a 00 00 00 65 00 00 00 65 00 00 00 ff ff 00 00 01 01 01 00 6c 19
19:32:53.794       	00 00 49 5f 0d 00 00 00 65 00 00 00 65 00 00 00 ff ff 00 00 00 01 01 00 80 7c 01 01 19
19:32:53.795       	00 00 49 5f 09 00 00 00 65 00 00 00 65 00 00 00 ff ff 00 00 01 01 01 00 7c
19:32:53.796       	00 00 49 5f 21 00 00 00 65 00 00 00 65 00 00 00 ff ff 00 00 01 01 01 00 80 17 3b 9f 96 80 3f c7 83 80 31 e0 73 f6 21 13 67 56 07 58 e0 24 04 10 aa
19:32:53.796       	00 00 49 5f 0a 00 00 00 65 00 00 00 65 00 00 00 ff ff 00 00 01 01 01 00 90 00
19:32:53.797       	00 00 49 5f 0d 00 00 00 65 00 00 00 65 00 00 00 ff ff 00 00 00 01 01 00 00 a4 00 04 02
19:32:53.797       	00 00 49 5f 09 00 00 00 65 00 00 00 65 00 00 00 ff ff 00 00 01 01 01 00 a4
19:32:53.798       	00 00 49 5f 0a 00 00 00 65 00 00 00 65 00 00 00 ff ff 00 00 00 01 01 00 3f 00
19:32:53.803       	00 00 49 5f 0a 00 00 00 65 00 00 00 65 00 00 00 ff ff 00 00 01 01 01 00 61 2a
19:32:53.804       	00 00 49 5f 0d 00 00 00 65 00 00 00 65 00 00 00 ff ff 00 00 00 01 01 00 00 c0 00 00 2a
19:32:53.804       	00 00 49 5f 09 00 00 00 65 00 00 00 65 00 00 00 ff ff 00 00 01 01 01 00 c0
19:32:53.806       	00 00 00 00 32 00 00 00 65 00 00 00 65 00 00 00 ff ff 00 00 01 01 01 00 62 28 82 02 78 21 83 02 3f 00 a5 06 80 01 71 87 01 01 8a 01 05 ab 0b 80 01 87 a4 06 83 01 0a 95 01 08 c6 06 90 01 00 83 01 01
19:32:53.806       	00 00 49 5f 0a 00 00 00 65 00 00 00 65 00 00 00 ff ff 00 00 01 01 01 00 90 00
19:32:53.807       	00 00 49 5f 0d 00 00 00 65 00 00 00 65 00 00 00 ff ff 00 00 00 01 01 00 80 aa 00 00 08
19:32:53.808       	00 00 49 5f 09 00 00 00 65 00 00 00 65 00 00 00 ff ff 00 00 01 01 01 00 aa
19:32:53.808       	00 00 49 5f 10 00 00 00 65 00 00 00 65 00 00 00 ff ff 00 00 00 01 01 00 a9 06 82 01 01 83 01 07
19:32:53.811       	00 00 49 5f 0a 00 00 00 65 00 00 00 65 00 00 00 ff ff 00 00 01 01 01 00 90 00
19:32:53.811       	00 00 49 5f 0d 00 00 00 65 00 00 00 65 00 00 00 ff ff 00 00 00 01 01 00 00 a4 08 04 02
19:32:53.812       	00 00 49 5f 09 00 00 00 65 00 00 00 65 00 00 00 ff ff 00 00 01 01 01 00 a4
19:32:53.812       	00 00 49 5f 0a 00 00 00 65 00 00 00 65 00 00 00 ff ff 00 00 00 01 01 00 2f e2
19:32:53.815       	00 00 49 5f 0a 00 00 00 65 00 00 00 65 00 00 00 ff ff 00 00 01 01 01 00 6a 82
19:32:53.816       	00 00 49 5f 0d 00 00 00 65 00 00 00 65 00 00 00 ff ff 00 00 00 01 01 00 00 a4 00 04 02
19:32:53.816       	00 00 49 5f 09 00 00 00 65 00 00 00 65 00 00 00 ff ff 00 00 01 01 01 00 a4
19:32:53.817       	00 00 49 5f 0a 00 00 00 65 00 00 00 65 00 00 00 ff ff 00 00 00 01 01 00 3f 00
19:32:53.819       	00 00 49 5f 0a 00 00 00 65 00 00 00 65 00 00 00 ff ff 00 00 01 01 01 00 61 2a
19:32:53.819       	00 00 49 5f 0d 00 00 00 65 00 00 00 65 00 00 00 ff ff 00 00 00 01 01 00 00 c0 00 00 2a
19:32:53.820       	00 00 49 5f 09 00 00 00 65 00 00 00 65 00 00 00 ff ff 00 00 01 01 01 00 c0
19:32:53.822       	00 00 00 00 32 00 00 00 65 00 00 00 65 00 00 00 ff ff 00 00 01 01 01 00 62 28 82 02 78 21 83 02 3f 00 a5 06 80 01 71 87 01 01 8a 01 05 ab 0b 80 01 87 a4 06 83 01 0a 95 01 08 c6 06 90 01 00 83 01 01
19:32:53.822       	00 00 49 5f 0a 00 00 00 65 00 00 00 65 00 00 00 ff ff 00 00 01 01 01 00 90 00
19:32:53.823       	00 00 49 5f 0d 00 00 00 65 00 00 00 65 00 00 00 ff ff 00 00 00 01 01 00 00 a4 00 04 02
19:32:53.823       	00 00 49 5f 09 00 00 00 65 00 00 00 65 00 00 00 ff ff 00 00 01 01 01 00 a4
19:32:53.824       	00 00 49 5f 0a 00 00 00 65 00 00 00 65 00 00 00 ff ff 00 00 00 01 01 00 2f e2
19:32:53.826       	00 00 49 5f 0a 00 00 00 65 00 00 00 65 00 00 00 ff ff 00 00 01 01 01 00 6a 82
19:32:53.827       	00 00 49 5f 0d 00 00 00 65 00 00 00 65 00 00 00 ff ff 00 00 00 01 01 00 00 a4 00 04 02
19:32:53.827       	00 00 49 5f 09 00 00 00 65 00 00 00 65 00 00 00 ff ff 00 00 01 01 01 00 a4
19:32:53.828       	00 00 49 5f 0a 00 00 00 65 00 00 00 65 00 00 00 ff ff 00 00 00 01 01 00 3f 00
19:32:53.830       	00 00 49 5f 0a 00 00 00 65 00 00 00 65 00 00 00 ff ff 00 00 01 01 01 00 61 2a
19:32:53.831       	00 00 49 5f 0d 00 00 00 65 00 00 00 65 00 00 00 ff ff 00 00 00 01 01 00 00 c0 00 00 2a
19:32:53.831       	00 00 49 5f 09 00 00 00 65 00 00 00 65 00 00 00 ff ff 00 00 01 01 01 00 c0
19:32:53.833       	00 00 00 00 32 00 00 00 65 00 00 00 65 00 00 00 ff ff 00 00 01 01 01 00 62 28 82 02 78 21 83 02 3f 00 a5 06 80 01 71 87 01 01 8a 01 05 ab 0b 80 01 87 a4 06 83 01 0a 95 01 08 c6 06 90 01 00 83 01 01
19:32:53.833       	00 00 49 5f 0a 00 00 00 65 00 00 00 65 00 00 00 ff ff 00 00 01 01 01 00 90 00
19:32:53.834       	00 00 49 5f 0d 00 00 00 65 00 00 00 65 00 00 00 ff ff 00 00 00 01 01 00 00 b0 82 00 0a
19:32:53.837       	00 00 49 5f 0a 00 00 00 65 00 00 00 65 00 00 00 ff ff 00 00 01 01 01 00 6a 82
19:32:53.837       	00 00 49 5f 0d 00 00 00 65 00 00 00 65 00 00 00 ff ff 00 00 00 01 01 00 00 b0 82 00 0a
19:32:53.840       	00 00 49 5f 0a 00 00 00 65 00 00 00 65 00 00 00 ff ff 00 00 01 01 01 00 6a 82
19:32:53.841       	00 00 49 5f 0d 00 00 00 65 00 00 00 65 00 00 00 ff ff 00 00 00 01 01 00 00 a4 08 04 02
19:32:53.841       	00 00 49 5f 09 00 00 00 65 00 00 00 65 00 00 00 ff ff 00 00 01 01 01 00 a4
19:32:53.842       	00 00 49 5f 0a 00 00 00 65 00 00 00 65 00 00 00 ff ff 00 00 00 01 01 00 2f 05
19:32:53.844       	00 00 49 5f 0a 00 00 00 65 00 00 00 65 00 00 00 ff ff 00 00 01 01 01 00 6a 82
19:32:53.845       	00 00 49 5f 0d 00 00 00 65 00 00 00 65 00 00 00 ff ff 00 00 00 01 01 00 00 a4 00 04 02
19:32:53.845       	00 00 49 5f 09 00 00 00 65 00 00 00 65 00 00 00 ff ff 00 00 01 01 01 00 a4
19:32:53.846       	00 00 49 5f 0a 00 00 00 65 00 00 00 65 00 00 00 ff ff 00 00 00 01 01 00 3f 00
19:32:53.848       	00 00 49 5f 0a 00 00 00 65 00 00 00 65 00 00 00 ff ff 00 00 01 01 01 00 61 2a
19:32:53.849       	00 00 49 5f 0d 00 00 00 65 00 00 00 65 00 00 00 ff ff 00 00 00 01 01 00 00 c0 00 00 2a
19:32:53.849       	00 00 49 5f 09 00 00 00 65 00 00 00 65 00 00 00 ff ff 00 00 01 01 01 00 c0
19:32:53.851       	00 00 00 00 32 00 00 00 65 00 00 00 65 00 00 00 ff ff 00 00 01 01 01 00 62 28 82 02 78 21 83 02 3f 00 a5 06 80 01 71 87 01 01 8a 01 05 ab 0b 80 01 87 a4 06 83 01 0a 95 01 08 c6 06 90 01 00 83 01 01
19:32:53.851       	00 00 49 5f 0a 00 00 00 65 00 00 00 65 00 00 00 ff ff 00 00 01 01 01 00 90 00
19:32:53.852       	00 00 49 5f 0d 00 00 00 65 00 00 00 65 00 00 00 ff ff 00 00 00 01 01 00 00 a4 00 04 02
19:32:53.852       	00 00 49 5f 09 00 00 00 65 00 00 00 65 00 00 00 ff ff 00 00 01 01 01 00 a4
19:32:53.853       	00 00 49 5f 0a 00 00 00 65 00 00 00 65 00 00 00 ff ff 00 00 00 01 01 00 2f 05
19:32:53.855       	00 00 49 5f 0a 00 00 00 65 00 00 00 65 00 00 00 ff ff 00 00 01 01 01 00 6a 82
19:32:53.856       	00 00 49 5f 0d 00 00 00 65 00 00 00 65 00 00 00 ff ff 00 00 00 01 01 00 80 10 00 00 1e
19:32:53.856       	00 00 49 5f 09 00 00 00 65 00 00 00 65 00 00 00 ff ff 00 00 01 01 01 00 10
19:32:53.857       	00 00 49 5f 26 00 00 00 65 00 00 00 65 00 00 00 ff ff 00 00 00 01 01 00 ff ff ff ff 5f dd 00 df ff 03 02 1f e2 00 00 00 c3 c9 00 00 00 00 40 00 50 00 00 00 00 08
19:32:53.887       	00 00 49 5f 0a 00 00 00 65 00 00 00 65 00 00 00 ff ff 00 00 01 01 01 00 91 0f
19:32:53.888       	00 00 49 5f 0d 00 00 00 65 00 00 00 65 00 00 00 ff ff 00 00 00 01 01 00 00 a4 08 04 02
19:32:53.889       	00 00 49 5f 09 00 00 00 65 00 00 00 65 00 00 00 ff ff 00 00 01 01 01 00 a4
19:32:53.889       	00 00 49 5f 0a 00 00 00 65 00 00 00 65 00 00 00 ff ff 00 00 00 01 01 00 2f 00
19:32:53.890       	00 00 49 5f 0a 00 00 00 65 00 00 00 65 00 00 00 ff ff 00 00 01 01 01 00 6a 82
19:32:53.890       	00 00 49 5f 0d 00 00 00 65 00 00 00 65 00 00 00 ff ff 00 00 00 01 01 00 00 a4 00 04 02
19:32:53.891       	00 00 49 5f 09 00 00 00 65 00 00 00 65 00 00 00 ff ff 00 00 01 01 01 00 a4
19:32:53.891       	00 00 49 5f 0a 00 00 00 65 00 00 00 65 00 00 00 ff ff 00 00 00 01 01 00 3f 00
19:32:53.892       	00 00 49 5f 0a 00 00 00 65 00 00 00 65 00 00 00 ff ff 00 00 01 01 01 00 61 2a
19:32:53.892       	00 00 49 5f 0d 00 00 00 65 00 00 00 65 00 00 00 ff ff 00 00 00 01 01 00 00 c0 00 00 2a
19:32:53.893       	00 00 49 5f 09 00 00 00 65 00 00 00 65 00 00 00 ff ff 00 00 01 01 01 00 c0
19:32:53.895       	00 00 00 00 32 00 00 00 65 00 00 00 65 00 00 00 ff ff 00 00 01 01 01 00 62 28 82 02 78 21 83 02 3f 00 a5 06 80 01 71 87 01 01 8a 01 05 ab 0b 80 01 87 a4 06 83 01 0a 95 01 08 c6 06 90 01 00 83 01 01
19:32:53.895       	00 00 49 5f 0a 00 00 00 65 00 00 00 65 00 00 00 ff ff 00 00 01 01 01 00 91 0f
19:32:53.896       	00 00 49 5f 0d 00 00 00 65 00 00 00 65 00 00 00 ff ff 00 00 00 01 01 00 00 a4 00 04 02
19:32:53.896       	00 00 49 5f 09 00 00 00 65 00 00 00 65 00 00 00 ff ff 00 00 01 01 01 00 a4
19:32:53.897       	00 00 49 5f 0a 00 00 00 65 00 00 00 65 00 00 00 ff ff 00 00 00 01 01 00 2f 00
19:32:53.897       	00 00 49 5f 0a 00 00 00 65 00 00 00 65 00 00 00 ff ff 00 00 01 01 01 00 6a 82
19:32:53.898       	00 00 49 5f 0d 00 00 00 65 00 00 00 65 00 00 00 ff ff 00 00 00 01 01 00 80 7c 01 01 00
19:32:53.905       	00 00 49 5f 0a 00 00 00 65 00 00 00 65 00 00 00 ff ff 00 00 01 01 01 00 6c 19
19:32:53.906       	00 00 49 5f 0d 00 00 00 65 00 00 00 65 00 00 00 ff ff 00 00 00 01 01 00 80 7c 01 01 19
19:32:53.906       	00 00 49 5f 09 00 00 00 65 00 00 00 65 00 00 00 ff ff 00 00 01 01 01 00 7c
19:32:53.907       	00 00 49 5f 21 00 00 00 65 00 00 00 65 00 00 00 ff ff 00 00 01 01 01 00 80 17 3b 9f 96 80 3f c7 83 80 31 e0 73 f6 21 13 67 56 07 58 e0 24 04 10 aa
19:32:53.907       	00 00 49 5f 0a 00 00 00 65 00 00 00 65 00 00 00 ff ff 00 00 01 01 01 00 90 00
19:32:53.908       	00 00 49 5f 0d 00 00 00 65 00 00 00 65 00 00 00 ff ff 00 00 00 01 01 00 00 a4 00 04 02
19:32:53.908       	00 00 49 5f 09 00 00 00 65 00 00 00 65 00 00 00 ff ff 00 00 01 01 01 00 a4
19:32:53.909       	00 00 49 5f 0a 00 00 00 65 00 00 00 65 00 00 00 ff ff 00 00 00 01 01 00 3f 00
19:32:53.914       	00 00 49 5f 0a 00 00 00 65 00 00 00 65 00 00 00 ff ff 00 00 01 01 01 00 61 2a
19:32:53.915       	00 00 49 5f 0d 00 00 00 65 00 00 00 65 00 00 00 ff ff 00 00 00 01 01 00 00 c0 00 00 2a
19:32:53.915       	00 00 49 5f 09 00 00 00 65 00 00 00 65 00 00 00 ff ff 00 00 01 01 01 00 c0
19:32:53.917       	00 00 00 00 32 00 00 00 65 00 00 00 65 00 00 00 ff ff 00 00 01 01 01 00 62 28 82 02 78 21 83 02 3f 00 a5 06 80 01 71 87 01 01 8a 01 05 ab 0b 80 01 87 a4 06 83 01 0a 95 01 08 c6 06 90 01 00 83 01 01
19:32:53.917       	00 00 49 5f 0a 00 00 00 65 00 00 00 65 00 00 00 ff ff 00 00 01 01 01 00 90 00
19:32:53.918       	00 00 49 5f 0d 00 00 00 65 00 00 00 65 00 00 00 ff ff 00 00 00 01 01 00 80 aa 00 00 08
19:32:53.919       	00 00 49 5f 09 00 00 00 65 00 00 00 65 00 00 00 ff ff 00 00 01 01 01 00 aa
19:32:53.919       	00 00 49 5f 10 00 00 00 65 00 00 00 65 00 00 00 ff ff 00 00 00 01 01 00 a9 06 82 01 01 83 01 07
19:32:53.922       	00 00 49 5f 0a 00 00 00 65 00 00 00 65 00 00 00 ff ff 00 00 01 01 01 00 90 00
19:32:53.922       	00 00 49 5f 0d 00 00 00 65 00 00 00 65 00 00 00 ff ff 00 00 00 01 01 00 00 a4 08 04 02
19:32:53.923       	00 00 49 5f 09 00 00 00 65 00 00 00 65 00 00 00 ff ff 00 00 01 01 01 00 a4
19:32:53.923       	00 00 49 5f 0a 00 00 00 65 00 00 00 65 00 00 00 ff ff 00 00 00 01 01 00 2f e2
19:32:53.926       	00 00 49 5f 0a 00 00 00 65 00 00 00 65 00 00 00 ff ff 00 00 01 01 01 00 6a 82
19:32:53.927       	00 00 49 5f 0d 00 00 00 65 00 00 00 65 00 00 00 ff ff 00 00 00 01 01 00 00 a4 00 04 02
19:32:53.927       	00 00 49 5f 09 00 00 00 65 00 00 00 65 00 00 00 ff ff 00 00 01 01 01 00 a4
19:32:53.928       	00 00 49 5f 0a 00 00 00 65 00 00 00 65 00 00 00 ff ff 00 00 00 01 01 00 3f 00
19:32:53.930       	00 00 49 5f 0a 00 00 00 65 00 00 00 65 00 00 00 ff ff 00 00 01 01 01 00 61 2a
19:32:53.930       	00 00 49 5f 0d 00 00 00 65 00 00 00 65 00 00 00 ff ff 00 00 00 01 01 00 00 c0 00 00 2a
19:32:53.931       	00 00 49 5f 09 00 00 00 65 00 00 00 65 00 00 00 ff ff 00 00 01 01 01 00 c0
19:32:53.933       	00 00 00 00 32 00 00 00 65 00 00 00 65 00 00 00 ff ff 00 00 01 01 01 00 62 28 82 02 78 21 83 02 3f 00 a5 06 80 01 71 87 01 01 8a 01 05 ab 0b 80 01 87 a4 06 83 01 0a 95 01 08 c6 06 90 01 00 83 01 01
19:32:53.933       	00 00 49 5f 0a 00 00 00 65 00 00 00 65 00 00 00 ff ff 00 00 01 01 01 00 90 00
19:32:53.934       	00 00 49 5f 0d 00 00 00 65 00 00 00 65 00 00 00 ff ff 00 00 00 01 01 00 00 a4 00 04 02
19:32:53.934       	00 00 49 5f 09 00 00 00 65 00 00 00 65 00 00 00 ff ff 00 00 01 01 01 00 a4
19:32:53.935       	00 00 49 5f 0a 00 00 00 65 00 00 00 65 00 00 00 ff ff 00 00 00 01 01 00 2f e2
19:32:53.937       	00 00 49 5f 0a 00 00 00 65 00 00 00 65 00 00 00 ff ff 00 00 01 01 01 00 6a 82
19:32:53.938       	00 00 49 5f 0d 00 00 00 65 00 00 00 65 00 00 00 ff ff 00 00 00 01 01 00 00 a4 00 04 02
19:32:53.938       	00 00 49 5f 09 00 00 00 65 00 00 00 65 00 00 00 ff ff 00 00 01 01 01 00 a4
19:32:53.939       	00 00 49 5f 0a 00 00 00 65 00 00 00 65 00 00 00 ff ff 00 00 00 01 01 00 3f 00
19:32:53.941       	00 00 49 5f 0a 00 00 00 65 00 00 00 65 00 00 00 ff ff 00 00 01 01 01 00 61 2a
19:32:53.942       	00 00 49 5f 0d 00 00 00 65 00 00 00 65 00 00 00 ff ff 00 00 00 01 01 00 00 c0 00 00 2a
19:32:53.942       	00 00 49 5f 09 00 00 00 65 00 00 00 65 00 00 00 ff ff 00 00 01 01 01 00 c0
19:32:53.944       	00 00 00 00 32 00 00 00 65 00 00 00 65 00 00 00 ff ff 00 00 01 01 01 00 62 28 82 02 78 21 83 02 3f 00 a5 06 80 01 71 87 01 01 8a 01 05 ab 0b 80 01 87 a4 06 83 01 0a 95 01 08 c6 06 90 01 00 83 01 01
19:32:53.944       	00 00 49 5f 0a 00 00 00 65 00 00 00 65 00 00 00 ff ff 00 00 01 01 01 00 90 00
19:32:53.945       	00 00 49 5f 0d 00 00 00 65 00 00 00 65 00 00 00 ff ff 00 00 00 01 01 00 00 b0 82 00 0a
19:32:53.947       	00 00 49 5f 0a 00 00 00 65 00 00 00 65 00 00 00 ff ff 00 00 01 01 01 00 6a 82
19:32:53.948       	00 00 49 5f 0d 00 00 00 65 00 00 00 65 00 00 00 ff ff 00 00 00 01 01 00 00 b0 82 00 0a
19:32:53.951       	00 00 49 5f 0a 00 00 00 65 00 00 00 65 00 00 00 ff ff 00 00 01 01 01 00 6a 82
19:32:53.951       	00 00 49 5f 0d 00 00 00 65 00 00 00 65 00 00 00 ff ff 00 00 00 01 01 00 00 a4 08 04 02
19:32:53.952       	00 00 49 5f 09 00 00 00 65 00 00 00 65 00 00 00 ff ff 00 00 01 01 01 00 a4
19:32:53.952       	00 00 49 5f 0a 00 00 00 65 00 00 00 65 00 00 00 ff ff 00 00 00 01 01 00 2f 05
19:32:53.955       	00 00 49 5f 0a 00 00 00 65 00 00 00 65 00 00 00 ff ff 00 00 01 01 01 00 6a 82
19:32:53.955       	00 00 49 5f 0d 00 00 00 65 00 00 00 65 00 00 00 ff ff 00 00 00 01 01 00 00 a4 00 04 02
19:32:53.956       	00 00 49 5f 09 00 00 00 65 00 00 00 65 00 00 00 ff ff 00 00 01 01 01 00 a4
19:32:53.957       	00 00 49 5f 0a 00 00 00 65 00 00 00 65 00 00 00 ff ff 00 00 00 01 01 00 3f 00
19:32:53.959       	00 00 49 5f 0a 00 00 00 65 00 00 00 65 00 00 00 ff ff 00 00 01 01 01 00 61 2a
19:32:53.959       	00 00 49 5f 0d 00 00 00 65 00 00 00 65 00 00 00 ff ff 00 00 00 01 01 00 00 c0 00 00 2a
19:32:53.960       	00 00 49 5f 09 00 00 00 65 00 00 00 65 00 00 00 ff ff 00 00 01 01 01 00 c0
19:32:53.962       	00 00 00 00 32 00 00 00 65 00 00 00 65 00 00 00 ff ff 00 00 01 01 01 00 62 28 82 02 78 21 83 02 3f 00 a5 06 80 01 71 87 01 01 8a 01 05 ab 0b 80 01 87 a4 06 83 01 0a 95 01 08 c6 06 90 01 00 83 01 01
19:32:53.962       	00 00 49 5f 0a 00 00 00 65 00 00 00 65 00 00 00 ff ff 00 00 01 01 01 00 90 00
19:32:53.963       	00 00 49 5f 0d 00 00 00 65 00 00 00 65 00 00 00 ff ff 00 00 00 01 01 00 00 a4 00 04 02
19:32:53.963       	00 00 49 5f 09 00 00 00 65 00 00 00 65 00 00 00 ff ff 00 00 01 01 01 00 a4
19:32:53.964       	00 00 49 5f 0a 00 00 00 65 00 00 00 65 00 00 00 ff ff 00 00 00 01 01 00 2f 05
19:32:53.966       	00 00 49 5f 0a 00 00 00 65 00 00 00 65 00 00 00 ff ff 00 00 01 01 01 00 6a 82
19:32:53.967       	00 00 49 5f 0d 00 00 00 65 00 00 00 65 00 00 00 ff ff 00 00 00 01 01 00 80 10 00 00 1e
19:32:53.967       	00 00 49 5f 09 00 00 00 65 00 00 00 65 00 00 00 ff ff 00 00 01 01 01 00 10
19:32:53.968       	00 00 49 5f 26 00 00 00 65 00 00 00 65 00 00 00 ff ff 00 00 00 01 01 00 ff ff ff ff 5f dd 00 df ff 03 02 1f e2 00 00 00 c3 c9 00 00 00 00 40 00 50 00 00 00 00 08
19:32:53.992       	00 00 49 5f 0a 00 00 00 65 00 00 00 65 00 00 00 ff ff 00 00 01 01 01 00 91 0f
19:32:53.993       	00 00 49 5f 0d 00 00 00 65 00 00 00 65 00 00 00 ff ff 00 00 00 01 01 00 00 a4 08 04 02
19:32:53.993       	00 00 49 5f 09 00 00 00 65 00 00 00 65 00 00 00 ff ff 00 00 01 01 01 00 a4
19:32:53.994       	00 00 49 5f 0a 00 00 00 65 00 00 00 65 00 00 00 ff ff 00 00 00 01 01 00 2f 00
19:32:53.994       	00 00 49 5f 0a 00 00 00 65 00 00 00 65 00 00 00 ff ff 00 00 01 01 01 00 6a 82
19:32:53.995       	00 00 49 5f 0d 00 00 00 65 00 00 00 65 00 00 00 ff ff 00 00 00 01 01 00 00 a4 00 04 02
19:32:53.995       	00 00 49 5f 09 00 00 00 65 00 00 00 65 00 00 00 ff ff 00 00 01 01 01 00 a4
19:32:53.996       	00 00 49 5f 0a 00 00 00 65 00 00 00 65 00 00 00 ff ff 00 00 00 01 01 00 3f 00
19:32:53.996       	00 00 49 5f 0a 00 00 00 65 00 00 00 65 00 00 00 ff ff 00 00 01 01 01 00 61 2a
19:32:53.997       	00 00 49 5f 0d 00 00 00 65 00 00 00 65 00 00 00 ff ff 00 00 00 01 01 00 00 c0 00 00 2a
19:32:53.997       	00 00 49 5f 09 00 00 00 65 00 00 00 65 00 00 00 ff ff 00 00 01 01 01 00 c0
19:32:54.000       	00 00 00 00 32 00 00 00 65 00 00 00 65 00 00 00 ff ff 00 00 01 01 01 00 62 28 82 02 78 21 83 02 3f 00 a5 06 80 01 71 87 01 01 8a 01 05 ab 0b 80 01 87 a4 06 83 01 0a 95 01 08 c6 06 90 01 00 83 01 01
19:32:54.000       	00 00 49 5f 0a 00 00 00 65 00 00 00 65 00 00 00 ff ff 00 00 01 01 01 00 91 0f
19:32:54.000       	00 00 49 5f 0d 00 00 00 65 00 00 00 65 00 00 00 ff ff 00 00 00 01 01 00 00 a4 00 04 02
19:32:54.001       	00 00 49 5f 09 00 00 00 65 00 00 00 65 00 00 00 ff ff 00 00 01 01 01 00 a4
19:32:54.001       	00 00 49 5f 0a 00 00 00 65 00 00 00 65 00 00 00 ff ff 00 00 00 01 01 00 2f 00
19:32:54.002       	00 00 49 5f 0a 00 00 00 65 00 00 00 65 00 00 00 ff ff 00 00 01 01 01 00 6a 82
19:32:54.003       	00 00 49 5f 0d 00 00 00 65 00 00 00 65 00 00 00 ff ff 00 00 00 01 01 00 80 7c 01 01 00
19:32:54.009       	00 00 49 5f 0a 00 00 00 65 00 00 00 65 00 00 00 ff ff 00 00 01 01 01 00 6c 19
19:32:54.010       	00 00 49 5f 0d 00 00 00 65 00 00 00 65 00 00 00 ff ff 00 00 00 01 01 00 80 7c 01 01 19
19:32:54.010       	00 00 49 5f 09 00 00 00 65 00 00 00 65 00 00 00 ff ff 00 00 01 01 01 00 7c
19:32:54.012       	00 00 49 5f 21 00 00 00 65 00 00 00 65 00 00 00 ff ff 00 00 01 01 01 00 80 17 3b 9f 96 80 3f c7 83 80 31 e0 73 f6 21 13 67 56 07 58 e0 24 04 10 aa
19:32:54.012       	00 00 49 5f 0a 00 00 00 65 00 00 00 65 00 00 00 ff ff 00 00 01 01 01 00 90 00
19:32:54.012       	00 00 49 5f 0d 00 00 00 65 00 00 00 65 00 00 00 ff ff 00 00 00 01 01 00 00 a4 00 04 02
19:32:54.013       	00 00 49 5f 09 00 00 00 65 00 00 00 65 00 00 00 ff ff 00 00 01 01 01 00 a4
19:32:54.014       	00 00 49 5f 0a 00 00 00 65 00 00 00 65 00 00 00 ff ff 00 00 00 01 01 00 3f 00
19:32:54.019       	00 00 49 5f 0a 00 00 00 65 00 00 00 65 00 00 00 ff ff 00 00 01 01 01 00 61 2a
19:32:54.019       	00 00 49 5f 0d 00 00 00 65 00 00 00 65 00 00 00 ff ff 00 00 00 01 01 00 00 c0 00 00 2a
19:32:54.020       	00 00 49 5f 09 00 00 00 65 00 00 00 65 00 00 00 ff ff 00 00 01 01 01 00 c0
19:32:54.022       	00 00 00 00 32 00 00 00 65 00 00 00 65 00 00 00 ff ff 00 00 01 01 01 00 62 28 82 02 78 21 83 02 3f 00 a5 06 80 01 71 87 01 01 8a 01 05 ab 0b 80 01 87 a4 06 83 01 0a 95 01 08 c6 06 90 01 00 83 01 01
19:32:54.022       	00 00 49 5f 0a 00 00 00 65 00 00 00 65 00 00 00 ff ff 00 00 01 01 01 00 90 00
19:32:54.023       	00 00 49 5f 0d 00 00 00 65 00 00 00 65 00 00 00 ff ff 00 00 00 01 01 00 80 aa 00 00 08
19:32:54.023       	00 00 49 5f 09 00 00 00 65 00 00 00 65 00 00 00 ff ff 00 00 01 01 01 00 aa
19:32:54.024       	00 00 49 5f 10 00 00 00 65 00 00 00 65 00 00 00 ff ff 00 00 00 01 01 00 a9 06 82 01 01 83 01 07
19:32:54.026       	00 00 49 5f 0a 00 00 00 65 00 00 00 65 00 00 00 ff ff 00 00 01 01 01 00 90 00
19:32:54.027       	00 00 49 5f 0d 00 00 00 65 00 00 00 65 00 00 00 ff ff 00 00 00 01 01 00 00 a4 08 04 02
19:32:54.027       	00 00 49 5f 09 00 00 00 65 00 00 00 65 00 00 00 ff ff 00 00 01 01 01 00 a4
19:32:54.028       	00 00 49 5f 0a 00 00 00 65 00 00 00 65 00 00 00 ff ff 00 00 00 01 01 00 2f e2
19:32:54.030       	00 00 49 5f 0a 00 00 00 65 00 00 00 65 00 00 00 ff ff 00 00 01 01 01 00 6a 82
19:32:54.031       	00 00 49 5f 0d 00 00 00 65 00 00 00 65 00 00 00 ff ff 00 00 00 01 01 00 00 a4 00 04 02
19:32:54.031       	00 00 49 5f 09 00 00 00 65 00 00 00 65 00 00 00 ff ff 00 00 01 01 01 00 a4
19:32:54.032       	00 00 49 5f 0a 00 00 00 65 00 00 00 65 00 00 00 ff ff 00 00 00 01 01 00 3f 00
19:32:54.034       	00 00 49 5f 0a 00 00 00 65 00 00 00 65 00 00 00 ff ff 00 00 01 01 01 00 61 2a
19:32:54.035       	00 00 49 5f 0d 00 00 00 65 00 00 00 65 00 00 00 ff ff 00 00 00 01 01 00 00 c0 00 00 2a
19:32:54.035       	00 00 49 5f 09 00 00 00 65 00 00 00 65 00 00 00 ff ff 00 00 01 01 01 00 c0
19:32:54.037       	00 00 00 00 32 00 00 00 65 00 00 00 65 00 00 00 ff ff 00 00 01 01 01 00 62 28 82 02 78 21 83 02 3f 00 a5 06 80 01 71 87 01 01 8a 01 05 ab 0b 80 01 87 a4 06 83 01 0a 95 01 08 c6 06 90 01 00 83 01 01
19:32:54.037       	00 00 49 5f 0a 00 00 00 65 00 00 00 65 00 00 00 ff ff 00 00 01 01 01 00 90 00
19:32:54.038       	00 00 49 5f 0d 00 00 00 65 00 00 00 65 00 00 00 ff ff 00 00 00 01 01 00 00 a4 00 04 02
19:32:54.038       	00 00 49 5f 09 00 00 00 65 00 00 00 65 00 00 00 ff ff 00 00 01 01 01 00 a4
19:32:54.039       	00 00 49 5f 0a 00 00 00 65 00 00 00 65 00 00 00 ff ff 00 00 00 01 01 00 2f e2
19:32:54.041       	00 00 49 5f 0a 00 00 00 65 00 00 00 65 00 00 00 ff ff 00 00 01 01 01 00 6a 82
19:32:54.042       	00 00 49 5f 0d 00 00 00 65 00 00 00 65 00 00 00 ff ff 00 00 00 01 01 00 00 a4 00 04 02
19:32:54.042       	00 00 49 5f 09 00 00 00 65 00 00 00 65 00 00 00 ff ff 00 00 01 01 01 00 a4
19:32:54.043       	00 00 49 5f 0a 00 00 00 65 00 00 00 65 00 00 00 ff ff 00 00 00 01 01 00 3f 00
19:32:54.045       	00 00 49 5f 0a 00 00 00 65 00 00 00 65 00 00 00 ff ff 00 00 01 01 01 00 61 2a
19:32:54.046       	00 00 49 5f 0d 00 00 00 65 00 00 00 65 00 00 00 ff ff 00 00 00 01 01 00 00 c0 00 00 2a
19:32:54.046       	00 00 49 5f 09 00 00 00 65 00 00 00 65 00 00 00 ff ff 00 00 01 01 01 00 c0
19:32:54.048       	00 00 00 00 32 00 00 00 65 00 00 00 65 00 00 00 ff ff 00 00 01 01 01 00 62 28 82 02 78 21 83 02 3f 00 a5 06 80 01 71 87 01 01 8a 01 05 ab 0b 80 01 87 a4 06 83 01 0a 95 01 08 c6 06 90 01 00 83 01 01
19:32:54.048       	00 00 49 5f 0a 00 00 00 65 00 00 00 65 00 00 00 ff ff 00 00 01 01 01 00 90 00
19:32:54.049       	00 00 49 5f 0d 00 00 00 65 00 00 00 65 00 00 00 ff ff 00 00 00 01 01 00 00 b0 82 00 0a
19:32:54.051       	00 00 49 5f 0a 00 00 00 65 00 00 00 65 00 00 00 ff ff 00 00 01 01 01 00 6a 82
19:32:54.052       	00 00 49 5f 0d 00 00 00 65 00 00 00 65 00 00 00 ff ff 00 00 00 01 01 00 00 b0 82 00 0a
19:32:54.055       	00 00 49 5f 0a 00 00 00 65 00 00 00 65 00 00 00 ff ff 00 00 01 01 01 00 6a 82
19:32:54.055       	00 00 49 5f 0d 00 00 00 65 00 00 00 65 00 00 00 ff ff 00 00 00 01 01 00 00 a4 08 04 02
19:32:54.056       	00 00 49 5f 09 00 00 00 65 00 00 00 65 00 00 00 ff ff 00 00 01 01 01 00 a4
19:32:54.056       	00 00 49 5f 0a 00 00 00 65 00 00 00 65 00 00 00 ff ff 00 00 00 01 01 00 2f 05
19:32:54.059       	00 00 49 5f 0a 00 00 00 65 00 00 00 65 00 00 00 ff ff 00 00 01 01 01 00 6a 82
19:32:54.060       	00 00 49 5f 0d 00 00 00 65 00 00 00 65 00 00 00 ff ff 00 00 00 01 01 00 00 a4 00 04 02
19:32:54.060       	00 00 49 5f 09 00 00 00 65 00 00 00 65 00 00 00 ff ff 00 00 01 01 01 00 a4
19:32:54.061       	00 00 49 5f 0a 00 00 00 65 00 00 00 65 00 00 00 ff ff 00 00 00 01 01 00 3f 00
19:32:54.063       	00 00 49 5f 0a 00 00 00 65 00 00 00 65 00 00 00 ff ff 00 00 01 01 01 00 61 2a
19:32:54.063       	00 00 49 5f 0d 00 00 00 65 00 00 00 65 00 00 00 ff ff 00 00 00 01 01 00 00 c0 00 00 2a
19:32:54.064       	00 00 49 5f 09 00 00 00 65 00 00 00 65 00 00 00 ff ff 00 00 01 01 01 00 c0
19:32:54.066       	00 00 00 00 32 00 00 00 65 00 00 00 65 00 00 00 ff ff 00 00 01 01 01 00 62 28 82 02 78 21 83 02 3f 00 a5 06 80 01 71 87 01 01 8a 01 05 ab 0b 80 01 87 a4 06 83 01 0a 95 01 08 c6 06 90 01 00 83 01 01
19:32:54.066       	00 00 49 5f 0a 00 00 00 65 00 00 00 65 00 00 00 ff ff 00 00 01 01 01 00 90 00
19:32:54.067       	00 00 49 5f 0d 00 00 00 65 00 00 00 65 00 00 00 ff ff 00 00 00 01 01 00 00 a4 00 04 02
19:32:54.067       	00 00 49 5f 09 00 00 00 65 00 00 00 65 00 00 00 ff ff 00 00 01 01 01 00 a4
19:32:54.068       	00 00 49 5f 0a 00 00 00 65 00 00 00 65 00 00 00 ff ff 00 00 00 01 01 00 2f 05
19:32:54.070       	00 00 49 5f 0a 00 00 00 65 00 00 00 65 00 00 00 ff ff 00 00 01 01 01 00 6a 82
19:32:54.071       	00 00 49 5f 0d 00 00 00 65 00 00 00 65 00 00 00 ff ff 00 00 00 01 01 00 80 10 00 00 1e
19:32:54.071       	00 00 49 5f 09 00 00 00 65 00 00 00 65 00 00 00 ff ff 00 00 01 01 01 00 10
19:32:54.072       	00 00 49 5f 26 00 00 00 65 00 00 00 65 00 00 00 ff ff 00 00 00 01 01 00 ff ff ff ff 5f dd 00 df ff 03 02 1f e2 00 00 00 c3 c9 00 00 00 00 40 00 50 00 00 00 00 08
19:32:54.102       	00 00 49 5f 0a 00 00 00 65 00 00 00 65 00 00 00 ff ff 00 00 01 01 01 00 91 0f
19:32:54.103       	00 00 49 5f 0d 00 00 00 65 00 00 00 65 00 00 00 ff ff 00 00 00 01 01 00 00 a4 08 04 02
19:32:54.103       	00 00 49 5f 09 00 00 00 65 00 00 00 65 00 00 00 ff ff 00 00 01 01 01 00 a4
19:32:54.104       	00 00 49 5f 0a 00 00 00 65 00 00 00 65 00 00 00 ff ff 00 00 00 01 01 00 2f 00
19:32:54.105       	00 00 49 5f 0a 00 00 00 65 00 00 00 65 00 00 00 ff ff 00 00 01 01 01 00 6a 82
19:32:54.105       	00 00 49 5f 0d 00 00 00 65 00 00 00 65 00 00 00 ff ff 00 00 00 01 01 00 00 a4 00 04 02
19:32:54.106       	00 00 49 5f 09 00 00 00 65 00 00 00 65 00 00 00 ff ff 00 00 01 01 01 00 a4
19:32:54.106       	00 00 49 5f 0a 00 00 00 65 00 00 00 65 00 00 00 ff ff 00 00 00 01 01 00 3f 00
19:32:54.107       	00 00 49 5f 0a 00 00 00 65 00 00 00 65 00 00 00 ff ff 00 00 01 01 01 00 61 2a
19:32:54.108       	00 00 49 5f 0d 00 00 00 65 00 00 00 65 00 00 00 ff ff 00 00 00 01 01 00 00 c0 00 00 2a
19:32:54.108       	00 00 49 5f 09 00 00 00 65 00 00 00 65 00 00 00 ff ff 00 00 01 01 01 00 c0
19:32:54.110       	00 00 00 00 32 00 00 00 65 00 00 00 65 00 00 00 ff ff 00 00 01 01 01 00 62 28 82 02 78 21 83 02 3f 00 a5 06 80 01 71 87 01 01 8a 01 05 ab 0b 80 01 87 a4 06 83 01 0a 95 01 08 c6 06 90 01 00 83 01 01
19:32:54.110       	00 00 49 5f 0a 00 00 00 65 00 00 00 65 00 00 00 ff ff 00 00 01 01 01 00 91 0f
19:32:54.111       	00 00 49 5f 0d 00 00 00 65 00 00 00 65 00 00 00 ff ff 00 00 00 01 01 00 00 a4 00 04 02
19:32:54.111       	00 00 49 5f 09 00 00 00 65 00 00 00 65 00 00 00 ff ff 00 00 01 01 01 00 a4
19:32:54.112       	00 00 49 5f 0a 00 00 00 65 00 00 00 65 00 00 00 ff ff 00 00 00 01 01 00 2f 00
19:32:54.113       	00 00 49 5f 0a 00 00 00 65 00 00 00 65 00 00 00 ff ff 00 00 01 01 01 00 6a 82
19:32:54.114       	00 00 49 5f 0d 00 00 00 65 00 00 00 65 00 00 00 ff ff 00 00 00 01 01 00 80 7c 01 01 00
19:32:54.120       	00 00 49 5f 0a 00 00 00 65 00 00 00 65 00 00 00 ff ff 00 00 01 01 01 00 6c 19
19:32:54.121       	00 00 49 5f 0d 00 00 00 65 00 00 00 65 00 00 00 ff ff 00 00 00 01 01 00 80 7c 01 01 19
19:32:54.121       	00 00 49 5f 09 00 00 00 65 00 00 00 65 00 00 00 ff ff 00 00 01 01 01 00 7c
19:32:54.123       	00 00 49 5f 21 00 00 00 65 00 00 00 65 00 00 00 ff ff 00 00 01 01 01 00 80 17 3b 9f 96 80 3f c7 83 80 31 e0 73 f6 21 13 67 56 07 58 e0 24 04 10 aa
19:32:54.123       	00 00 49 5f 0a 00 00 00 65 00 00 00 65 00 00 00 ff ff 00 00 01 01 01 00 90 00
19:32:54.123       	00 00 49 5f 0d 00 00 00 65 00 00 00 65 00 00 00 ff ff 00 00 00 01 01 00 00 a4 00 04 02
19:32:54.124       	00 00 49 5f 09 00 00 00 65 00 00 00 65 00 00 00 ff ff 00 00 01 01 01 00 a4
19:32:54.124       	00 00 49 5f 0a 00 00 00 65 00 00 00 65 00 00 00 ff ff 00 00 00 01 01 00 3f 00
19:32:54.130       	00 00 49 5f 0a 00 00 00 65 00 00 00 65 00 00 00 ff ff 00 00 01 01 01 00 61 2a
19:32:54.131       	00 00 49 5f 0d 00 00 00 65 00 00 00 65 00 00 00 ff ff 00 00 00 01 01 00 00 c0 00 00 2a
19:32:54.131       	00 00 49 5f 09 00 00 00 65 00 00 00 65 00 00 00 ff ff 00 00 01 01 01 00 c0
19:32:54.133       	00 00 00 00 32 00 00 00 65 00 00 00 65 00 00 00 ff ff 00 00 01 01 01 00 62 28 82 02 78 21 83 02 3f 00 a5 06 80 01 71 87 01 01 8a 01 05 ab 0b 80 01 87 a4 06 83 01 0a 95 01 08 c6 06 90 01 00 83 01 01
19:32:54.133       	00 00 49 5f 0a 00 00 00 65 00 00 00 65 00 00 00 ff ff 00 00 01 01 01 00 90 00
19:32:54.134       	00 00 49 5f 0d 00 00 00 65 00 00 00 65 00 00 00 ff ff 00 00 00 01 01 00 80 aa 00 00 08
19:32:54.134       	00 00 49 5f 09 00 00 00 65 00 00 00 65 00 00 00 ff ff 00 00 01 01 01 00 aa
19:32:54.135       	00 00 49 5f 10 00 00 00 65 00 00 00 65 00 00 00 ff ff 00 00 00 01 01 00 a9 06 82 01 01 83 01 07
19:32:54.137       	00 00 49 5f 0a 00 00 00 65 00 00 00 65 00 00 00 ff ff 00 00 01 01 01 00 90 00
19:32:54.138       	00 00 49 5f 0d 00 00 00 65 00 00 00 65 00 00 00 ff ff 00 00 00 01 01 00 00 a4 08 04 02
19:32:54.139       	00 00 49 5f 09 00 00 00 65 00 00 00 65 00 00 00 ff ff 00 00 01 01 01 00 a4
19:32:54.139       	00 00 49 5f 0a 00 00 00 65 00 00 00 65 00 00 00 ff ff 00 00 00 01 01 00 2f e2
19:32:54.142       	00 00 49 5f 0a 00 00 00 65 00 00 00 65 00 00 00 ff ff 00 00 01 01 01 00 6a 82
19:32:54.142       	00 00 49 5f 0d 00 00 00 65 00 00 00 65 00 00 00 ff ff 00 00 00 01 01 00 00 a4 00 04 02
19:32:54.143       	00 00 49 5f 09 00 00 00 65 00 00 00 65 00 00 00 ff ff 00 00 01 01 01 00 a4
19:32:54.143       	00 00 49 5f 0a 00 00 00 65 00 00 00 65 00 00 00 ff ff 00 00 00 01 01 00 3f 00
19:32:54.145       	00 00 49 5f 0a 00 00 00 65 00 00 00 65 00 00 00 ff ff 00 00 01 01 01 00 61 2a
19:32:54.146       	00 00 49 5f 0d 00 00 00 65 00 00 00 65 00 00 00 ff ff 00 00 00 01 01 00 00 c0 00 00 2a
19:32:54.147       	00 00 49 5f 09 00 00 00 65 00 00 00 65 00 00 00 ff ff 00 00 01 01 01 00 c0
19:32:54.149       	00 00 00 00 32 00 00 00 65 00 00 00 65 00 00 00 ff ff 00 00 01 01 01 00 62 28 82 02 78 21 83 02 3f 00 a5 06 80 01 71 87 01 01 8a 01 05 ab 0b 80 01 87 a4 06 83 01 0a 95 01 08 c6 06 90 01 00 83 01 01
19:32:54.149       	00 00 49 5f 0a 00 00 00 65 00 00 00 65 00 00 00 ff ff 00 00 01 01 01 00 90 00
19:32:54.149       	00 00 49 5f 0d 00 00 00 65 00 00 00 65 00 00 00 ff ff 00 00 00 01 01 00 00 a4 00 04 02
19:32:54.150       	00 00 49 5f 09 00 00 00 65 00 00 00 65 00 00 00 ff ff 00 00 01 01 01 00 a4
19:32:54.150       	00 00 49 5f 0a 00 00 00 65 00 00 00 65 00 00 00 ff ff 00 00 00 01 01 00 2f e2
19:32:54.153       	00 00 49 5f 0a 00 00 00 65 00 00 00 65 00 00 00 ff ff 00 00 01 01 01 00 6a 82
19:32:54.154       	00 00 49 5f 0d 00 00 00 65 00 00 00 65 00 00 00 ff ff 00 00 00 01 01 00 00 a4 00 04 02
19:32:54.154       	00 00 49 5f 09 00 00 00 65 00 00 00 65 00 00 00 ff ff 00 00 01 01 01 00 a4
19:32:54.155       	00 00 49 5f 0a 00 00 00 65 00 00 00 65 00 00 00 ff ff 00 00 00 01 01 00 3f 00
19:32:54.157       	00 00 49 5f 0a 00 00 00 65 00 00 00 65 00 00 00 ff ff 00 00 01 01 01 00 61 2a
19:32:54.158       	00 00 49 5f 0d 00 00 00 65 00 00 00 65 00 00 00 ff ff 00 00 00 01 01 00 00 c0 00 00 2a
19:32:54.158       	00 00 49 5f 09 00 00 00 65 00 00 00 65 00 00 00 ff ff 00 00 01 01 01 00 c0
19:32:54.160       	00 00 00 00 32 00 00 00 65 00 00 00 65 00 00 00 ff ff 00 00 01 01 01 00 62 28 82 02 78 21 83 02 3f 00 a5 06 80 01 71 87 01 01 8a 01 05 ab 0b 80 01 87 a4 06 83 01 0a 95 01 08 c6 06 90 01 00 83 01 01
19:32:54.160       	00 00 49 5f 0a 00 00 00 65 00 00 00 65 00 00 00 ff ff 00 00 01 01 01 00 90 00
19:32:54.161       	00 00 49 5f 0d 00 00 00 65 00 00 00 65 00 00 00 ff ff 00 00 00 01 01 00 00 b0 82 00 0a
19:32:54.163       	00 00 49 5f 0a 00 00 00 65 00 00 00 65 00 00 00 ff ff 00 00 01 01 01 00 6a 82
19:32:54.164       	00 00 49 5f 0d 00 00 00 65 00 00 00 65 00 00 00 ff ff 00 00 00 01 01 00 00 b0 82 00 0a
19:32:54.167       	00 00 49 5f 0a 00 00 00 65 00 00 00 65 00 00 00 ff ff 00 00 01 01 01 00 6a 82
19:32:54.168       	00 00 49 5f 0d 00 00 00 65 00 00 00 65 00 00 00 ff ff 00 00 00 01 01 00 00 a4 08 04 02
19:32:54.168       	00 00 49 5f 09 00 00 00 65 00 00 00 65 00 00 00 ff ff 00 00 01 01 01 00 a4
19:32:54.169       	00 00 49 5f 0a 00 00 00 65 00 00 00 65 00 00 00 ff ff 00 00 00 01 01 00 2f 05
19:32:54.171       	00 00 49 5f 0a 00 00 00 65 00 00 00 65 00 00 00 ff ff 00 00 01 01 01 00 6a 82
19:32:54.172       	00 00 49 5f 0d 00 00 00 65 00 00 00 65 00 00 00 ff ff 00 00 00 01 01 00 00 a4 00 04 02
19:32:54.172       	00 00 49 5f 09 00 00 00 65 00 00 00 65 00 00 00 ff ff 00 00 01 01 01 00 a4
19:32:54.173       	00 00 49 5f 0a 00 00 00 65 00 00 00 65 00 00 00 ff ff 00 00 00 01 01 00 3f 00
19:32:54.175       	00 00 49 5f 0a 00 00 00 65 00 00 00 65 00 00 00 ff ff 00 00 01 01 01 00 61 2a
19:32:54.176       	00 00 49 5f 0d 00 00 00 65 00 00 00 65 00 00 00 ff ff 00 00 00 01 01 00 00 c0 00 00 2a
19:32:54.176       	00 00 49 5f 09 00 00 00 65 00 00 00 65 00 00 00 ff ff 00 00 01 01 01 00 c0
19:32:54.178       	00 00 00 00 32 00 00 00 65 00 00 00 65 00 00 00 ff ff 00 00 01 01 01 00 62 28 82 02 78 21 83 02 3f 00 a5 06 80 01 71 87 01 01 8a 01 05 ab 0b 80 01 87 a4 06 83 01 0a 95 01 08 c6 06 90 01 00 83 01 01
19:32:54.178       	00 00 49 5f 0a 00 00 00 65 00 00 00 65 00 00 00 ff ff 00 00 01 01 01 00 90 00
19:32:54.179       	00 00 49 5f 0d 00 00 00 65 00 00 00 65 00 00 00 ff ff 00 00 00 01 01 00 00 a4 00 04 02
19:32:54.179       	00 00 49 5f 09 00 00 00 65 00 00 00 65 00 00 00 ff ff 00 00 01 01 01 00 a4
19:32:54.180       	00 00 49 5f 0a 00 00 00 65 00 00 00 65 00 00 00 ff ff 00 00 00 01 01 00 2f 05
19:32:54.182       	00 00 49 5f 0a 00 00 00 65 00 00 00 65 00 00 00 ff ff 00 00 01 01 01 00 6a 82
19:32:54.183       	00 00 49 5f 0d 00 00 00 65 00 00 00 65 00 00 00 ff ff 00 00 00 01 01 00 80 10 00 00 1e
19:32:54.184       	00 00 49 5f 09 00 00 00 65 00 00 00 65 00 00 00 ff ff 00 00 01 01 01 00 10
19:32:54.184       	00 00 49 5f 26 00 00 00 65 00 00 00 65 00 00 00 ff ff 00 00 00 01 01 00 ff ff ff ff 5f dd 00 df ff 03 02 1f e2 00 00 00 c3 c9 00 00 00 00 40 00 50 00 00 00 00 08
19:32:54.207       	00 00 49 5f 0a 00 00 00 65 00 00 00 65 00 00 00 ff ff 00 00 01 01 01 00 91 0f
19:32:54.208       	00 00 49 5f 0d 00 00 00 65 00 00 00 65 00 00 00 ff ff 00 00 00 01 01 00 00 a4 08 04 02
19:32:54.208       	00 00 49 5f 09 00 00 00 65 00 00 00 65 00 00 00 ff ff 00 00 01 01 01 00 a4
19:32:54.209       	00 00 49 5f 0a 00 00 00 65 00 00 00 65 00 00 00 ff ff 00 00 00 01 01 00 2f 00
19:32:54.210       	00 00 49 5f 0a 00 00 00 65 00 00 00 65 00 00 00 ff ff 00 00 01 01 01 00 6a 82
19:32:54.210       	00 00 49 5f 0d 00 00 00 65 00 00 00 65 00 00 00 ff ff 00 00 00 01 01 00 00 a4 00 04 02
19:32:54.211       	00 00 49 5f 09 00 00 00 65 00 00 00 65 00 00 00 ff ff 00 00 01 01 01 00 a4
19:32:54.211       	00 00 49 5f 0a 00 00 00 65 00 00 00 65 00 00 00 ff ff 00 00 00 01 01 00 3f 00
19:32:54.212       	00 00 49 5f 0a 00 00 00 65 00 00 00 65 00 00 00 ff ff 00 00 01 01 01 00 61 2a
19:32:54.212       	00 00 49 5f 0d 00 00 00 65 00 00 00 65 00 00 00 ff ff 00 00 00 01 01 00 00 c0 00 00 2a
19:32:54.213       	00 00 49 5f 09 00 00 00 65 00 00 00 65 00 00 00 ff ff 00 00 01 01 01 00 c0
19:32:54.215       	00 00 00 00 32 00 00 00 65 00 00 00 65 00 00 00 ff ff 00 00 01 01 01 00 62 28 82 02 78 21 83 02 3f 00 a5 06 80 01 71 87 01 01 8a 01 05 ab 0b 80 01 87 a4 06 83 01 0a 95 01 08 c6 06 90 01 00 83 01 01
19:32:54.215       	00 00 49 5f 0a 00 00 00 65 00 00 00 65 00 00 00 ff ff 00 00 01 01 01 00 91 0f
19:32:54.216       	00 00 49 5f 0d 00 00 00 65 00 00 00 65 00 00 00 ff ff 00 00 00 01 01 00 00 a4 00 04 02
19:32:54.216       	00 00 49 5f 09 00 00 00 65 00 00 00 65 00 00 00 ff ff 00 00 01 01 01 00 a4
19:32:54.217       	00 00 49 5f 0a 00 00 00 65 00 00 00 65 00 00 00 ff ff 00 00 00 01 01 00 2f 00
19:32:54.217       	00 00 49 5f 0a 00 00 00 65 00 00 00 65 00 00 00 ff ff 00 00 01 01 01 00 6a 82
19:32:54.218       	00 00 49 5f 0d 00 00 00 65 00 00 00 65 00 00 00 ff ff 00 00 00 01 01 00 80 12 00 00 0f
19:32:54.219       	00 00 49 5f 09 00 00 00 65 00 00 00 65 00 00 00 ff ff 00 00 01 01 01 00 12
19:32:54.220       	00 00 49 5f 17 00 00 00 65 00 00 00 65 00 00 00 ff ff 00 00 01 01 01 00 d0 0d 81 03 01 03 00 82 02 81 82 84 02 01 1e
19:32:54.220       	00 00 49 5f 0a 00 00 00 65 00 00 00 65 00 00 00 ff ff 00 00 01 01 01 00 90 00
19:32:54.222       	00 00 49 5f 0d 00 00 00 65 00 00 00 65 00 00 00 ff ff 00 00 00 01 01 00 80 14 00 00 10
19:32:54.222       	00 00 49 5f 09 00 00 00 65 00 00 00 65 00 00 00 ff ff 00 00 01 01 01 00 14
19:32:54.223       	00 00 49 5f 18 00 00 00 65 00 00 00 65 00 00 00 ff ff 00 00 00 01 01 00 81 03 01 03 00 02 02 82 81 83 01 00 84 02 01 1e
19:32:54.234       	00 00 49 5f 0a 00 00 00 65 00 00 00 65 00 00 00 ff ff 00 00 01 01 01 00 90 00
19:32:54.235       	00 00 49 5f 0d 00 00 00 65 00 00 00 65 00 00 00 ff ff 00 00 00 01 01 00 80 7c 00 00 00
19:32:54.236       	00 00 49 5f 0a 00 00 00 65 00 00 00 65 00 00 00 ff ff 00 00 01 01 01 00 90 00
19:32:54.236       	00 00 49 5f 0d 00 00 00 65 00 00 00 65 00 00 00 ff ff 00 00 00 01 00 00 00 70 00 00 01
19:32:54.237       	00 00 49 5f 09 00 00 00 65 00 00 00 65 00 00 00 ff ff 00 00 01 01 00 00 70
19:32:54.237       	00 00 49 5f 09 00 00 00 65 00 00 00 65 00 00 00 ff ff 00 00 01 01 00 00 01
19:32:54.237       	00 00 49 5f 0a 00 00 00 65 00 00 00 65 00 00 00 ff ff 00 00 01 01 00 00 90 00
19:32:54.238       	00 00 49 5f 0d 00 00 00 65 00 00 00 65 00 00 00 ff ff 00 00 00 01 00 00 01 a4 04 00 10
19:32:54.238       	00 00 49 5f 09 00 00 00 65 00 00 00 65 00 00 00 ff ff 00 00 01 01 00 00 a4
19:32:54.239       	00 00 49 5f 18 00 00 00 65 00 00 00 65 00 00 00 ff ff 00 00 00 01 00 00 a0 00 00 05 59 10 10 ff ff ff ff 89 00 00 01 00
19:32:54.242       	00 00 49 5f 0a 00 00 00 65 00 00 00 65 00 00 00 ff ff 00 00 01 01 00 00 61 25
19:32:54.242       	00 00 49 5f 0d 00 00 00 65 00 00 00 65 00 00 00 ff ff 00 00 00 01 00 00 01 c0 00 00 25
19:32:54.243       	00 00 49 5f 09 00 00 00 65 00 00 00 65 00 00 00 ff ff 00 00 01 01 00 00 c0
19:32:54.244       	00 00 00 00 2d 00 00 00 65 00 00 00 65 00 00 00 ff ff 00 00 01 01 00 00 6f 23 84 10 a0 00 00 05 59 10 10 ff ff ff ff 89 00 00 01 00 a5 04 9f 65 01 ff e0 09 82 03 02 03 00 03 02 05 20
19:32:54.244       	00 00 49 5f 0a 00 00 00 65 00 00 00 65 00 00 00 ff ff 00 00 01 01 00 00 90 00
19:32:55.258       	00 00 49 5f 0d 00 00 00 65 00 00 00 65 00 00 00 ff ff 00 00 00 01 00 00 81 e2 91 00 17
19:32:55.258       	00 00 49 5f 09 00 00 00 65 00 00 00 65 00 00 00 ff ff 00 00 01 01 00 00 e2
19:32:55.259       	00 00 49 5f 1f 00 00 00 65 00 00 00 65 00 00 00 ff ff 00 00 00 01 00 00 bf 31 14 a0 0c 5a 0a 98 58 22 54 82 00 02 66 21 16 81 01 00 82 01 01
19:32:55.261       	00 00 49 5f 0a 00 00 00 65 00 00 00 65 00 00 00 ff ff 00 00 01 01 00 00 61 06
19:32:55.261       	00 00 49 5f 0d 00 00 00 65 00 00 00 65 00 00 00 ff ff 00 00 00 01 00 00 01 c0 00 00 06
19:32:55.262       	00 00 49 5f 09 00 00 00 65 00 00 00 65 00 00 00 ff ff 00 00 01 01 00 00 c0
19:32:55.262       	00 00 49 5f 0e 00 00 00 65 00 00 00 65 00 00 00 ff ff 00 00 01 01 00 00 bf 31 03 80 01 05
19:32:55.262       	00 00 49 5f 0a 00 00 00 65 00 00 00 65 00 00 00 ff ff 00 00 01 01 00 00 90 00
19:32:55.268       	00 00 49 5f 0d 00 00 00 65 00 00 00 65 00 00 00 ff ff 00 00 00 01 00 00 00 70 80 01 00
19:32:55.268       	00 00 49 5f 0a 00 00 00 65 00 00 00 65 00 00 00 ff ff 00 00 01 01 00 00 90 00
19:32:56.288       	00 00 49 5f 0d 00 00 00 65 00 00 00 65 00 00 00 ff ff 00 00 00 01 00 00 80 7c 00 01 00
19:32:56.289       	00 00 49 5f 0a 00 00 00 65 00 00 00 65 00 00 00 ff ff 00 00 01 01 00 00 90 00
19:32:56.290       	00 00 49 5f 0d 00 00 00 65 00 00 00 65 00 00 00 ff ff 00 00 00 01 01 00 80 7c 01 01 00
19:33:08.608       	00 00 49 5f 0d 00 00 00 14 00 00 00 14 00 00 00 ff ff 00 00 00 01 01 00 80 7c 00 00 00
19:33:09.890       	00 00 49 5f 0d 00 00 00 14 00 00 00 14 00 00 00 ff ff 00 00 00 01 01 00 80 7c 00 02 00
19:33:11.171       	00 00 49 5f 0d 00 00 00 14 00 00 00 14 00 00 00 ff ff 00 00 00 01 01 00 80 7c 00 02 00
19:33:12.557       	00 00 49 5f 1e 00 00 00 14 00 00 00 14 00 00 00 ff ff 00 00 01 01 00 00 3b 9f 96 80 3f c7 83 80 31 e0 73 f6 21 13 67 56 07 58 e0 24 04 10
19:33:12.657       	00 00 49 5f 0d 00 00 00 14 00 00 00 14 00 00 00 ff ff 00 00 00 01 00 00 80 7c 04 00 09
19:33:12.731       	00 00 49 5f 09 00 00 00 14 00 00 00 14 00 00 00 ff ff 00 00 01 01 00 00 7c
19:33:12.732       	00 00 49 5f 11 00 00 00 14 00 00 00 14 00 00 00 ff ff 00 00 00 01 00 00 80 01 02 90 01 01 91 01 02
19:33:12.739       	00 00 49 5f 0a 00 00 00 14 00 00 00 14 00 00 00 ff ff 00 00 01 01 00 00 61 0a
19:33:12.740       	00 00 49 5f 0d 00 00 00 14 00 00 00 14 00 00 00 ff ff 00 00 00 01 00 00 00 c0 00 00 0a
19:33:12.740       	00 00 49 5f 09 00 00 00 14 00 00 00 14 00 00 00 ff ff 00 00 01 01 00 00 c0
19:33:12.740       	00 00 49 5f 12 00 00 00 14 00 00 00 14 00 00 00 ff ff 00 00 01 01 00 00 80 01 02 90 02 01 01 91 01 02
19:33:12.741       	00 00 49 5f 0a 00 00 00 14 00 00 00 14 00 00 00 ff ff 00 00 01 01 00 00 90 00
19:33:12.741       	00 00 49 5f 0d 00 00 00 14 00 00 00 14 00 00 00 ff ff 00 00 00 01 00 00 00 a4 00 04 02
19:33:12.742       	00 00 49 5f 09 00 00 00 14 00 00 00 14 00 00 00 ff ff 00 00 01 01 00 00 a4
19:33:12.742       	00 00 49 5f 0a 00 00 00 14 00 00 00 14 00 00 00 ff ff 00 00 00 01 00 00 3f 00
19:33:12.748       	00 00 49 5f 0a 00 00 00 14 00 00 00 14 00 00 00 ff ff 00 00 01 01 00 00 61 2a
19:33:12.748       	00 00 49 5f 0d 00 00 00 14 00 00 00 14 00 00 00 ff ff 00 00 00 01 00 00 00 c0 00 00 2a
19:33:12.749       	00 00 49 5f 09 00 00 00 14 00 00 00 14 00 00 00 ff ff 00 00 01 01 00 00 c0
19:33:12.751       	00 00 00 00 32 00 00 00 14 00 00 00 14 00 00 00 ff ff 00 00 01 01 00 00 62 28 82 02 78 21 83 02 3f 00 a5 06 80 01 71 87 01 01 8a 01 05 ab 0b 80 01 87 a4 06 83 01 0a 95 01 08 c6 06 90 01 00 83 01 01
19:33:12.751       	00 00 49 5f 0a 00 00 00 14 00 00 00 14 00 00 00 ff ff 00 00 01 01 00 00 90 00
19:33:12.752       	00 00 49 5f 0d 00 00 00 14 00 00 00 14 00 00 00 ff ff 00 00 00 01 00 00 80 10 00 00 1e
19:33:12.752       	00 00 49 5f 09 00 00 00 14 00 00 00 14 00 00 00 ff ff 00 00 01 01 00 00 10
19:33:12.753       	00 00 49 5f 26 00 00 00 14 00 00 00 14 00 00 00 ff ff 00 00 00 01 00 00 00 00 80 00 00 00 00 00 00 00 00 00 00 00 00 00 00 00 00 00 00 00 00 00 00 00 00 00 00 00
19:33:12.776       	00 00 49 5f 0a 00 00 00 14 00 00 00 14 00 00 00 ff ff 00 00 01 01 00 00 90 00
19:33:12.777       	00 00 49 5f 0d 00 00 00 14 00 00 00 14 00 00 00 ff ff 00 00 00 01 00 00 80 7c 00 02 00
19:33:12.784       	00 00 49 5f 0a 00 00 00 14 00 00 00 14 00 00 00 ff ff 00 00 01 01 00 00 90 00
19:33:12.785       	00 00 49 5f 0d 00 00 00 14 00 00 00 14 00 00 00 ff ff 00 00 00 01 02 00 00 a4 00 04 02
19:33:12.785       	00 00 49 5f 09 00 00 00 14 00 00 00 14 00 00 00 ff ff 00 00 01 01 02 00 a4
19:33:12.786       	00 00 49 5f 0a 00 00 00 14 00 00 00 14 00 00 00 ff ff 00 00 00 01 02 00 3f 00
19:33:12.808       	00 00 49 5f 0a 00 00 00 14 00 00 00 14 00 00 00 ff ff 00 00 01 01 02 00 61 28
19:33:12.809       	00 00 49 5f 0d 00 00 00 14 00 00 00 14 00 00 00 ff ff 00 00 00 01 02 00 00 c0 00 00 28
19:33:12.809       	00 00 49 5f 09 00 00 00 14 00 00 00 14 00 00 00 ff ff 00 00 01 01 02 00 c0
19:33:12.811       	00 00 00 00 30 00 00 00 14 00 00 00 14 00 00 00 ff ff 00 00 01 01 02 00 62 26 82 02 78 21 83 02 3f 00 a5 06 80 01 71 87 01 01 8a 01 05 8b 03 2f 06 0e c6 0c 90 01 60 83 01 01 83 01 02 83 01 0a
19:33:12.811       	00 00 49 5f 0a 00 00 00 14 00 00 00 14 00 00 00 ff ff 00 00 01 01 02 00 90 00
19:33:12.812       	00 00 49 5f 0d 00 00 00 14 00 00 00 14 00 00 00 ff ff 00 00 00 01 02 00 80 aa 00 00 08
19:33:12.813       	00 00 49 5f 09 00 00 00 14 00 00 00 14 00 00 00 ff ff 00 00 01 01 02 00 aa
19:33:12.813       	00 00 49 5f 10 00 00 00 14 00 00 00 14 00 00 00 ff ff 00 00 00 01 02 00 a9 06 82 01 01 83 01 07
19:33:12.818       	00 00 49 5f 0a 00 00 00 14 00 00 00 14 00 00 00 ff ff 00 00 01 01 02 00 90 00
19:33:12.819       	00 00 49 5f 0d 00 00 00 14 00 00 00 14 00 00 00 ff ff 00 00 00 01 02 00 00 a4 08 04 02
19:33:12.819       	00 00 49 5f 09 00 00 00 14 00 00 00 14 00 00 00 ff ff 00 00 01 01 02 00 a4
19:33:12.820       	00 00 49 5f 0a 00 00 00 14 00 00 00 14 00 00 00 ff ff 00 00 00 01 02 00 2f e2
19:33:12.821       	00 00 49 5f 0a 00 00 00 14 00 00 00 14 00 00 00 ff ff 00 00 01 01 02 00 61 18
19:33:12.822       	00 00 49 5f 0d 00 00 00 14 00 00 00 14 00 00 00 ff ff 00 00 00 01 02 00 00 c0 00 00 18
19:33:12.822       	00 00 49 5f 09 00 00 00 14 00 00 00 14 00 00 00 ff ff 00 00 01 01 02 00 c0
19:33:12.823       	00 00 49 5f 20 00 00 00 14 00 00 00 14 00 00 00 ff ff 00 00 01 01 02 00 62 16 82 02 41 21 83 02 2f e2 8a 01 05 8b 03 2f 06 0b 80 02 00 0a 88 00
19:33:12.823       	00 00 49 5f 0a 00 00 00 14 00 00 00 14 00 00 00 ff ff 00 00 01 01 02 00 90 00
19:33:12.824       	00 00 49 5f 0d 00 00 00 14 00 00 00 14 00 00 00 ff ff 00 00 00 01 02 00 00 b0 00 00 0a
19:33:12.825       	00 00 49 5f 09 00 00 00 14 00 00 00 14 00 00 00 ff ff 00 00 01 01 02 00 b0
19:33:12.825       	00 00 49 5f 12 00 00 00 14 00 00 00 14 00 00 00 ff ff 00 00 01 01 02 00 98 58 22 54 82 00 02 66 42 76
19:33:12.825       	00 00 49 5f 0a 00 00 00 14 00 00 00 14 00 00 00 ff ff 00 00 01 01 02 00 90 00
19:33:12.826       	00 00 49 5f 0d 00 00 00 14 00 00 00 14 00 00 00 ff ff 00 00 00 01 02 00 80 10 00 00 1e
19:33:12.826       	00 00 49 5f 09 00 00 00 14 00 00 00 14 00 00 00 ff ff 00 00 01 01 02 00 10
19:33:12.827       	00 00 49 5f 26 00 00 00 14 00 00 00 14 00 00 00 ff ff 00 00 00 01 02 00 ff ff ff ff 5f dd 00 df ff 03 02 1f e2 00 00 00 c3 c9 00 00 00 00 40 00 50 00 00 00 00 08
19:33:12.885       	00 00 49 5f 0a 00 00 00 14 00 00 00 14 00 00 00 ff ff 00 00 01 01 02 00 91 10
19:33:12.885       	00 00 49 5f 0d 00 00 00 14 00 00 00 14 00 00 00 ff ff 00 00 00 01 02 00 00 a4 04 04 10
19:33:12.886       	00 00 49 5f 09 00 00 00 14 00 00 00 14 00 00 00 ff ff 00 00 01 01 02 00 a4
19:33:12.886       	00 00 49 5f 18 00 00 00 14 00 00 00 14 00 00 00 ff ff 00 00 00 01 02 00 a0 00 00 00 87 10 02 ff 33 ff 01 89 00 00 01 00
19:33:12.911       	00 00 49 5f 0a 00 00 00 14 00 00 00 14 00 00 00 ff ff 00 00 01 01 02 00 61 32
19:33:12.912       	00 00 49 5f 0d 00 00 00 14 00 00 00 14 00 00 00 ff ff 00 00 00 01 02 00 00 c0 00 00 32
19:33:12.912       	00 00 49 5f 09 00 00 00 14 00 00 00 14 00 00 00 ff ff 00 00 01 01 02 00 c0
19:33:12.915       	00 00 00 00 3a 00 00 00 14 00 00 00 14 00 00 00 ff ff 00 00 01 01 02 00 62 30 82 02 78 21 83 02 7f f1 84 10 a0 00 00 00 87 10 02 ff 33 ff 01 89 00 00 01 00 8a 01 05 8b 03 2f 06 0e c6 0c 90 01 60 83 01 01 83 01 81 83 01 0a
19:33:12.915       	00 00 49 5f 0a 00 00 00 14 00 00 00 14 00 00 00 ff ff 00 00 01 01 02 00 91 10
19:33:12.916       	00 00 49 5f 0d 00 00 00 14 00 00 00 14 00 00 00 ff ff 00 00 00 01 02 00 00 a4 08 04 04
19:33:12.916       	00 00 49 5f 09 00 00 00 14 00 00 00 14 00 00 00 ff ff 00 00 01 01 02 00 a4
19:33:12.917       	00 00 49 5f 0c 00 00 00 14 00 00 00 14 00 00 00 ff ff 00 00 00 01 02 00 7f ff 6f e4
19:33:12.920       	00 00 49 5f 0a 00 00 00 14 00 00 00 14 00 00 00 ff ff 00 00 01 01 02 00 61 1c
19:33:12.921       	00 00 49 5f 0d 00 00 00 14 00 00 00 14 00 00 00 ff ff 00 00 00 01 02 00 00 c0 00 00 1c
19:33:12.921       	00 00 49 5f 09 00 00 00 14 00 00 00 14 00 00 00 ff ff 00 00 01 01 02 00 c0
19:33:12.922       	00 00 49 5f 24 00 00 00 14 00 00 00 14 00 00 00 ff ff 00 00 01 01 02 00 62 1a 82 05 42 21 00 50 01 83 02 6f e4 8a 01 05 8b 03 6f 06 05 80 02 00 50 88 01 c0
19:33:12.922       	00 00 49 5f 0a 00 00 00 14 00 00 00 14 00 00 00 ff ff 00 00 01 01 02 00 91 10
19:33:12.923       	00 00 49 5f 0d 00 00 00 14 00 00 00 14 00 00 00 ff ff 00 00 00 01 02 00 00 dc 01 04 50
19:33:12.924       	00 00 49 5f 09 00 00 00 14 00 00 00 14 00 00 00 ff ff 00 00 01 01 02 00 dc
19:33:12.924       	00 00 00 00 58 00 00 00 14 00 00 00 14 00 00 00 ff ff 00 00 00 01 02 00 a0 34 80 01 01 81 20 e7 e9 f9 bd 12 58 3d fd 17 71 a3 30 f0 6e c4 9a c6 a6 2e c5 94 65 cb c7 38 92 f5 da 92 cf 4c 55 82 04 00 00 00 04 83 04 00 00 00 04 84 01 22 ff ff ff ff ff ff ff ff ff ff ff ff ff ff ff ff ff ff ff ff ff ff ff ff ff ff
19:33:12.964       	00 00 49 5f 0a 00 00 00 14 00 00 00 14 00 00 00 ff ff 00 00 01 01 02 00 91 10
19:33:12.965       	00 00 49 5f 0d 00 00 00 14 00 00 00 14 00 00 00 ff ff 00 00 00 01 02 00 80 12 00 00 10
19:33:12.966       	00 00 49 5f 09 00 00 00 14 00 00 00 14 00 00 00 ff ff 00 00 01 01 02 00 12
19:33:12.966       	00 00 49 5f 18 00 00 00 14 00 00 00 14 00 00 00 ff ff 00 00 01 01 02 00 d0 0e 81 03 01 05 00 82 02 81 82 99 03 03 09 0a
19:33:12.966       	00 00 49 5f 0a 00 00 00 14 00 00 00 14 00 00 00 ff ff 00 00 01 01 02 00 90 00
19:33:12.967       	00 00 49 5f 0d 00 00 00 14 00 00 00 14 00 00 00 ff ff 00 00 00 01 02 00 00 dc 01 04 50
19:33:12.968       	00 00 49 5f 09 00 00 00 14 00 00 00 14 00 00 00 ff ff 00 00 01 01 02 00 dc
19:33:12.968       	00 00 00 00 58 00 00 00 14 00 00 00 14 00 00 00 ff ff 00 00 00 01 02 00 a0 34 80 01 07 81 20 ff ff ff ff ff ff ff ff ff ff ff ff ff ff ff ff ff ff ff ff ff ff ff ff ff ff ff ff ff ff ff ff 82 04 ff ff ff ff 83 04 ff ff ff ff 84 01 ff ff ff ff ff ff ff ff ff ff ff ff ff ff ff ff ff ff ff ff ff ff ff ff ff ff ff
19:33:13.007       	00 00 49 5f 0a 00 00 00 14 00 00 00 14 00 00 00 ff ff 00 00 01 01 02 00 90 00
19:33:13.008       	00 00 49 5f 0d 00 00 00 14 00 00 00 14 00 00 00 ff ff 00 00 00 01 02 00 80 f2 00 0c 00
19:33:13.039       	00 00 49 5f 0a 00 00 00 14 00 00 00 14 00 00 00 ff ff 00 00 01 01 02 00 90 00
19:33:13.039       	00 00 49 5f 0d 00 00 00 14 00 00 00 14 00 00 00 ff ff 00 00 00 01 02 00 80 14 00 00 0c
19:33:13.040       	00 00 49 5f 09 00 00 00 14 00 00 00 14 00 00 00 ff ff 00 00 01 01 02 00 14
19:33:13.040       	00 00 49 5f 14 00 00 00 14 00 00 00 14 00 00 00 ff ff 00 00 00 01 02 00 81 03 01 05 00 02 02 82 81 83 01 00
19:33:13.042       	00 00 49 5f 0a 00 00 00 14 00 00 00 14 00 00 00 ff ff 00 00 01 01 02 00 91 0f
19:33:13.042       	00 00 49 5f 0d 00 00 00 14 00 00 00 14 00 00 00 ff ff 00 00 00 01 02 00 80 12 00 00 0f
19:33:13.043       	00 00 49 5f 09 00 00 00 14 00 00 00 14 00 00 00 ff ff 00 00 01 01 02 00 12
19:33:13.044       	00 00 49 5f 17 00 00 00 14 00 00 00 14 00 00 00 ff ff 00 00 01 01 02 00 d0 0d 81 03 01 03 00 82 02 81 82 84 02 01 1e
19:33:13.044       	00 00 49 5f 0a 00 00 00 14 00 00 00 14 00 00 00 ff ff 00 00 01 01 02 00 90 00
19:33:13.046       	00 00 49 5f 0d 00 00 00 14 00 00 00 14 00 00 00 ff ff 00 00 00 01 02 00 80 14 00 00 10
19:33:13.046       	00 00 49 5f 09 00 00 00 14 00 00 00 14 00 00 00 ff ff 00 00 01 01 02 00 14
19:33:13.047       	00 00 49 5f 18 00 00 00 14 00 00 00 14 00 00 00 ff ff 00 00 00 01 02 00 81 03 01 03 00 02 02 82 81 83 01 00 84 02 01 1e
19:33:13.074       	00 00 49 5f 0a 00 00 00 14 00 00 00 14 00 00 00 ff ff 00 00 01 01 02 00 91 35
19:33:13.075       	00 00 49 5f 0d 00 00 00 14 00 00 00 14 00 00 00 ff ff 00 00 00 01 02 00 80 12 00 00 35
19:33:13.076       	00 00 49 5f 09 00 00 00 14 00 00 00 14 00 00 00 ff ff 00 00 01 01 02 00 12
19:33:13.078       	00 00 00 00 3d 00 00 00 14 00 00 00 14 00 00 00 ff ff 00 00 01 01 02 00 d0 33 81 03 01 23 04 82 02 81 82 8d 11 04 56 65 72 69 66 79 42 69 6e 64 53 74 61 72 74 01 91 02 ff ff 97 11 04 6a 16 68 bb fd d1 41 7f e1 16 cc 2e 9a 47 07 66
19:33:13.078       	00 00 49 5f 0a 00 00 00 14 00 00 00 14 00 00 00 ff ff 00 00 01 01 02 00 90 00
19:33:13.131       	00 00 49 5f 0d 00 00 00 14 00 00 00 14 00 00 00 ff ff 00 00 00 01 02 00 80 14 00 00 27
19:33:13.131       	00 00 49 5f 09 00 00 00 14 00 00 00 14 00 00 00 ff ff 00 00 01 01 02 00 14
19:33:13.132       	00 00 2b d3 2f 00 00 00 14 00 00 00 14 00 00 00 ff ff 00 00 00 01 02 00 81 03 01 23 04 02 02 82 81 83 01 00 8d 19 04 ed 8c b9 e9 ef 3c 74 ff f6 70 5c 53 c8 8f 63 fb 18 36 6c 8b 5b b9 6a 00
19:33:13.156       	00 00 49 5f 0a 00 00 00 14 00 00 00 14 00 00 00 ff ff 00 00 01 01 02 00 91 3b
19:33:13.157       	00 00 49 5f 0d 00 00 00 14 00 00 00 14 00 00 00 ff ff 00 00 00 01 02 00 80 12 00 00 3b
19:33:13.158       	00 00 49 5f 09 00 00 00 14 00 00 00 14 00 00 00 ff ff 00 00 01 01 02 00 12
19:33:13.161       	00 00 00 00 43 00 00 00 14 00 00 00 14 00 00 00 ff ff 00 00 01 01 02 00 d0 39 81 03 01 23 04 82 02 81 82 8d 0f 04 56 65 72 69 66 79 42 69 6e 64 45 6e 64 02 91 02 ff ff 97 19 04 16 f2 c9 9d 33 21 e8 ba 1a c3 7b ca 96 05 44 54 90 e1 4e 2e bd cd 23 9e
19:33:13.161       	00 00 49 5f 0a 00 00 00 14 00 00 00 14 00 00 00 ff ff 00 00 01 01 02 00 90 00
19:33:13.222       	00 00 49 5f 0d 00 00 00 14 00 00 00 14 00 00 00 ff ff 00 00 00 01 02 00 80 14 00 00 10
19:33:13.222       	00 00 49 5f 09 00 00 00 14 00 00 00 14 00 00 00 ff ff 00 00 01 01 02 00 14
19:33:13.223       	00 00 49 5f 18 00 00 00 14 00 00 00 14 00 00 00 ff ff 00 00 00 01 02 00 81 03 01 23 04 02 02 82 81 83 01 00 8d 02 04 00
19:33:13.234       	00 00 49 5f 0a 00 00 00 14 00 00 00 14 00 00 00 ff ff 00 00 01 01 02 00 90 00
19:33:13.235       	00 00 49 5f 0d 00 00 00 14 00 00 00 14 00 00 00 ff ff 00 00 00 01 02 00 80 c2 00 00 0c
19:33:13.235       	00 00 49 5f 09 00 00 00 14 00 00 00 14 00 00 00 ff ff 00 00 01 01 02 00 c2
19:33:13.236       	00 00 49 5f 14 00 00 00 14 00 00 00 14 00 00 00 ff ff 00 00 00 01 02 00 d6 0a 19 01 03 82 02 82 81 1b 01 01
19:33:13.244       	00 00 49 5f 0a 00 00 00 14 00 00 00 14 00 00 00 ff ff 00 00 01 01 02 00 90 00
19:33:15.576       	00 00 49 5f 0d 00 00 00 14 00 00 00 14 00 00 00 ff ff 00 00 00 01 02 00 00 a4 08 04 02
19:33:15.576       	00 00 49 5f 09 00 00 00 14 00 00 00 14 00 00 00 ff ff 00 00 01 01 02 00 a4
19:33:15.577       	00 00 49 5f 0a 00 00 00 14 00 00 00 14 00 00 00 ff ff 00 00 00 01 02 00 7f ff
19:33:15.599       	00 00 49 5f 0a 00 00 00 14 00 00 00 14 00 00 00 ff ff 00 00 01 01 02 00 61 32
19:33:15.599       	00 00 49 5f 0d 00 00 00 14 00 00 00 14 00 00 00 ff ff 00 00 00 01 02 00 00 c0 00 00 32
19:33:15.600       	00 00 49 5f 09 00 00 00 14 00 00 00 14 00 00 00 ff ff 00 00 01 01 02 00 c0
19:33:15.602       	00 00 fb 0b 3a 00 00 00 14 00 00 00 14 00 00 00 ff ff 00 00 01 01 02 00 62 30 82 02 78 21 83 02 7f f1 84 10 a0 00 00 00 87 10 02 ff 33 ff 01 89 00 00 01 00 8a 01 05 8b 03 2f 06 0e c6 0c 90 01 60 83 01 01 83 01 81 83 01 0a
19:33:15.602       	00 00 49 5f 0a 00 00 00 14 00 00 00 14 00 00 00 ff ff 00 00 01 01 02 00 90 00
19:33:15.603       	00 00 49 5f 0d 00 00 00 14 00 00 00 14 00 00 00 ff ff 00 00 00 01 02 00 00 88 00 81 22
19:33:15.616       	00 00 49 5f 09 00 00 00 14 00 00 00 14 00 00 00 ff ff 00 00 01 01 02 00 88
19:33:15.617       	00 00 fb 0b 2a 00 00 00 14 00 00 00 14 00 00 00 ff ff 00 00 00 01 02 00 10 29 b2 fc e0 0e 5a 05 af fb 35 dd 14 15 51 df 9b 10 c6 01 f2 9a fb e2 82 34 e0 3b 5a 2e c6 c5 78 12
19:33:15.666       	00 00 49 5f 0a 00 00 00 14 00 00 00 14 00 00 00 ff ff 00 00 01 01 02 00 61 35
19:33:15.666       	00 00 49 5f 0d 00 00 00 14 00 00 00 14 00 00 00 ff ff 00 00 00 01 02 00 00 c0 00 00 35
19:33:15.667       	00 00 49 5f 09 00 00 00 14 00 00 00 14 00 00 00 ff ff 00 00 01 01 02 00 c0
19:33:15.669       	00 00 fb 0b 3d 00 00 00 14 00 00 00 14 00 00 00 ff ff 00 00 01 01 02 00 db 08 c6 89 98 3b 6d eb 4f cc 10 59 c4 fe 55 2c 6a a3 a4 50 46 2a bd 17 86 74 92 10 c4 e4 b8 5d f6 dc 91 b9 85 78 a4 89 6c 72 f9 64 08 48 1e c8 3c a1 42 bf eb
19:33:15.669       	00 00 49 5f 0a 00 00 00 14 00 00 00 14 00 00 00 ff ff 00 00 01 01 02 00 90 00
19:33:16.208       	00 00 49 5f 0d 00 00 00 14 00 00 00 14 00 00 00 ff ff 00 00 00 01 02 00 00 a4 08 04 04
19:33:16.208       	00 00 49 5f 09 00 00 00 14 00 00 00 14 00 00 00 ff ff 00 00 01 01 02 00 a4
19:33:16.209       	00 00 49 5f 0c 00 00 00 14 00 00 00 14 00 00 00 ff ff 00 00 00 01 02 00 7f ff 6f e3
19:33:16.212       	00 00 49 5f 0a 00 00 00 14 00 00 00 14 00 00 00 ff ff 00 00 01 01 02 00 61 19
19:33:16.212       	00 00 49 5f 0d 00 00 00 14 00 00 00 14 00 00 00 ff ff 00 00 00 01 02 00 00 c0 00 00 19
19:33:16.212       	00 00 49 5f 09 00 00 00 14 00 00 00 14 00 00 00 ff ff 00 00 01 01 02 00 c0
19:33:16.214       	00 00 49 5f 21 00 00 00 14 00 00 00 14 00 00 00 ff ff 00 00 01 01 02 00 62 17 82 02 41 21 83 02 6f e3 8a 01 05 8b 03 6f 06 05 80 02 00 12 88 01 f0
19:33:16.214       	00 00 49 5f 0a 00 00 00 14 00 00 00 14 00 00 00 ff ff 00 00 01 01 02 00 90 00
19:33:16.214       	00 00 49 5f 0d 00 00 00 14 00 00 00 14 00 00 00 ff ff 00 00 00 01 02 00 00 d6 00 00 12
19:33:16.215       	00 00 49 5f 09 00 00 00 14 00 00 00 14 00 00 00 ff ff 00 00 01 01 02 00 d6
19:33:16.216       	00 00 49 5f 1a 00 00 00 14 00 00 00 14 00 00 00 ff ff 00 00 00 01 02 00 0b f6 64 f0 10 88 03 da fe 24 02 59 64 f0 10 e8 fa 00
19:33:16.241       	00 00 49 5f 0a 00 00 00 14 00 00 00 14 00 00 00 ff ff 00 00 01 01 02 00 90 00
19:33:16.242       	00 00 49 5f 0d 00 00 00 14 00 00 00 14 00 00 00 ff ff 00 00 00 01 02 00 00 a4 08 0c 04
19:33:16.242       	00 00 49 5f 09 00 00 00 14 00 00 00 14 00 00 00 ff ff 00 00 01 01 02 00 a4
19:33:16.243       	00 00 49 5f 0c 00 00 00 14 00 00 00 14 00 00 00 ff ff 00 00 00 01 02 00 7f ff 6f 7e
19:33:16.246       	00 00 49 5f 0a 00 00 00 14 00 00 00 14 00 00 00 ff ff 00 00 01 01 02 00 90 00
19:33:16.246       	00 00 49 5f 0d 00 00 00 14 00 00 00 14 00 00 00 ff ff 00 00 00 01 02 00 00 d6 00 00 0b
19:33:16.247       	00 00 49 5f 09 00 00 00 14 00 00 00 14 00 00 00 ff ff 00 00 01 01 02 00 d6
19:33:16.247       	00 00 49 5f 13 00 00 00 14 00 00 00 14 00 00 00 ff ff 00 00 00 01 02 00 bc cd d9 aa 64 f0 10 a8 36 00 00
19:33:16.273       	00 00 49 5f 0a 00 00 00 14 00 00 00 14 00 00 00 ff ff 00 00 01 01 02 00 90 00
19:33:16.273       	00 00 49 5f 0d 00 00 00 14 00 00 00 14 00 00 00 ff ff 00 00 00 01 02 00 80 c2 00 00 17
19:33:16.274       	00 00 49 5f 09 00 00 00 14 00 00 00 14 00 00 00 ff ff 00 00 01 01 02 00 c2
19:33:16.274       	00 00 49 5f 1f 00 00 00 14 00 00 00 14 00 00 00 ff ff 00 00 00 01 02 00 d6 15 19 01 03 82 02 82 81 1b 01 00 13 09 64 f0 10 e8 fa 7c 63 23 3f
19:33:16.283       	00 00 49 5f 0a 00 00 00 14 00 00 00 14 00 00 00 ff ff 00 00 01 01 02 00 90 00
19:33:19.821       	00 00 49 5f 0d 00 00 00 14 00 00 00 14 00 00 00 ff ff 00 00 00 01 02 00 80 7c 00 00 00
19:33:19.824       	00 00 49 5f 0a 00 00 00 14 00 00 00 14 00 00 00 ff ff 00 00 01 01 02 00 90 00
19:33:19.824       	00 00 49 5f 0d 00 00 00 14 00 00 00 14 00 00 00 ff ff 00 00 00 01 00 00 00 70 00 00 01
19:33:19.825       	00 00 49 5f 09 00 00 00 14 00 00 00 14 00 00 00 ff ff 00 00 01 01 00 00 70
19:33:19.825       	00 00 49 5f 09 00 00 00 14 00 00 00 14 00 00 00 ff ff 00 00 01 01 00 00 01
19:33:19.825       	00 00 49 5f 0a 00 00 00 14 00 00 00 14 00 00 00 ff ff 00 00 01 01 00 00 90 00
19:33:19.825       	00 00 49 5f 0d 00 00 00 14 00 00 00 14 00 00 00 ff ff 00 00 00 01 00 00 01 a4 04 00 10
19:33:19.826       	00 00 49 5f 09 00 00 00 14 00 00 00 14 00 00 00 ff ff 00 00 01 01 00 00 a4
19:33:19.826       	00 00 49 5f 18 00 00 00 14 00 00 00 14 00 00 00 ff ff 00 00 00 01 00 00 a0 00 00 05 59 10 10 ff ff ff ff 89 00 00 01 00
19:33:19.829       	00 00 49 5f 0a 00 00 00 14 00 00 00 14 00 00 00 ff ff 00 00 01 01 00 00 61 25
19:33:19.830       	00 00 49 5f 0d 00 00 00 14 00 00 00 14 00 00 00 ff ff 00 00 00 01 00 00 01 c0 00 00 25
19:33:19.830       	00 00 49 5f 09 00 00 00 14 00 00 00 14 00 00 00 ff ff 00 00 01 01 00 00 c0
19:33:19.832       	00 00 00 00 2d 00 00 00 14 00 00 00 14 00 00 00 ff ff 00 00 01 01 00 00 6f 23 84 10 a0 00 00 05 59 10 10 ff ff ff ff 89 00 00 01 00 a5 04 9f 65 01 ff e0 09 82 03 02 03 00 03 02 05 20
19:33:19.832       	00 00 49 5f 0a 00 00 00 14 00 00 00 14 00 00 00 ff ff 00 00 01 01 00 00 90 00
19:33:19.849       	00 00 49 5f 0d 00 00 00 14 00 00 00 14 00 00 00 ff ff 00 00 00 01 00 00 81 e2 91 00 14
19:33:19.849       	00 00 49 5f 09 00 00 00 14 00 00 00 14 00 00 00 ff ff 00 00 01 01 00 00 e2
19:33:19.850       	00 00 49 5f 1c 00 00 00 14 00 00 00 14 00 00 00 ff ff 00 00 00 01 00 00 bf 32 11 a0 0c 5a 0a 98 58 22 54 82 00 02 66 42 76 81 01 00
19:33:20.098       	00 00 49 5f 0a 00 00 00 14 00 00 00 14 00 00 00 ff ff 00 00 01 01 00 00 61 06
19:33:20.098       	00 00 49 5f 0d 00 00 00 14 00 00 00 14 00 00 00 ff ff 00 00 00 01 00 00 01 c0 00 00 06
19:33:20.099       	00 00 49 5f 09 00 00 00 14 00 00 00 14 00 00 00 ff ff 00 00 01 01 00 00 c0
19:33:20.099       	00 00 49 5f 0e 00 00 00 14 00 00 00 14 00 00 00 ff ff 00 00 01 01 00 00 bf 32 03 80 01 00
19:33:20.100       	00 00 49 5f 0a 00 00 00 14 00 00 00 14 00 00 00 ff ff 00 00 01 01 00 00 90 00
19:33:20.106       	00 00 49 5f 0d 00 00 00 14 00 00 00 14 00 00 00 ff ff 00 00 00 01 00 00 00 70 80 01 00
19:33:20.106       	00 00 49 5f 0a 00 00 00 14 00 00 00 14 00 00 00 ff ff 00 00 01 01 00 00 90 00
19:33:21.288       	00 00 49 5f 1e 00 00 00 14 00 00 00 14 00 00 00 ff ff 00 00 01 01 00 00 3b 9f 96 80 3f c7 83 80 31 e0 73 f6 21 13 67 56 07 58 e0 24 04 10
19:33:21.388       	00 00 49 5f 0d 00 00 00 14 00 00 00 14 00 00 00 ff ff 00 00 00 01 00 00 80 7c 04 00 09
19:33:21.452       	00 00 49 5f 09 00 00 00 14 00 00 00 14 00 00 00 ff ff 00 00 01 01 00 00 7c
19:33:21.452       	00 00 49 5f 11 00 00 00 14 00 00 00 14 00 00 00 ff ff 00 00 00 01 00 00 80 01 02 90 01 01 91 01 02
19:33:21.458       	00 00 49 5f 0a 00 00 00 14 00 00 00 14 00 00 00 ff ff 00 00 01 01 00 00 61 0a
19:33:21.458       	00 00 49 5f 0d 00 00 00 14 00 00 00 14 00 00 00 ff ff 00 00 00 01 00 00 00 c0 00 00 0a
19:33:21.459       	00 00 49 5f 09 00 00 00 14 00 00 00 14 00 00 00 ff ff 00 00 01 01 00 00 c0
19:33:21.459       	00 00 49 5f 12 00 00 00 14 00 00 00 14 00 00 00 ff ff 00 00 01 01 00 00 80 01 02 90 02 01 01 91 01 02
19:33:21.459       	00 00 49 5f 0a 00 00 00 14 00 00 00 14 00 00 00 ff ff 00 00 01 01 00 00 90 00
19:33:21.460       	00 00 49 5f 0d 00 00 00 14 00 00 00 14 00 00 00 ff ff 00 00 00 01 00 00 00 a4 00 04 02
19:33:21.460       	00 00 49 5f 09 00 00 00 14 00 00 00 14 00 00 00 ff ff 00 00 01 01 00 00 a4
19:33:21.461       	00 00 49 5f 0a 00 00 00 14 00 00 00 14 00 00 00 ff ff 00 00 00 01 00 00 3f 00
19:33:21.465       	00 00 49 5f 0a 00 00 00 14 00 00 00 14 00 00 00 ff ff 00 00 01 01 00 00 61 2a
19:33:21.465       	00 00 49 5f 0d 00 00 00 14 00 00 00 14 00 00 00 ff ff 00 00 00 01 00 00 00 c0 00 00 2a
19:33:21.466       	00 00 49 5f 09 00 00 00 14 00 00 00 14 00 00 00 ff ff 00 00 01 01 00 00 c0
19:33:21.468       	00 00 fb f6 32 00 00 00 14 00 00 00 14 00 00 00 ff ff 00 00 01 01 00 00 62 28 82 02 78 21 83 02 3f 00 a5 06 80 01 71 87 01 01 8a 01 05 ab 0b 80 01 87 a4 06 83 01 0a 95 01 08 c6 06 90 01 00 83 01 01
19:33:21.468       	00 00 49 5f 0a 00 00 00 14 00 00 00 14 00 00 00 ff ff 00 00 01 01 00 00 90 00
19:33:21.469       	00 00 49 5f 0d 00 00 00 14 00 00 00 14 00 00 00 ff ff 00 00 00 01 00 00 80 10 00 00 1e
19:33:21.469       	00 00 49 5f 09 00 00 00 14 00 00 00 14 00 00 00 ff ff 00 00 01 01 00 00 10
19:33:21.470       	00 00 49 5f 26 00 00 00 14 00 00 00 14 00 00 00 ff ff 00 00 00 01 00 00 00 00 80 00 00 00 00 00 00 00 00 00 00 00 00 00 00 00 00 00 00 00 00 00 00 00 00 00 00 00
19:33:21.566       	00 00 49 5f 0a 00 00 00 14 00 00 00 14 00 00 00 ff ff 00 00 01 01 00 00 90 00
19:33:21.566       	00 00 49 5f 0d 00 00 00 14 00 00 00 14 00 00 00 ff ff 00 00 00 01 00 00 80 7c 00 02 00
19:33:21.567       	00 00 49 5f 0a 00 00 00 14 00 00 00 14 00 00 00 ff ff 00 00 01 01 00 00 90 00
19:33:21.568       	00 00 49 5f 0d 00 00 00 14 00 00 00 14 00 00 00 ff ff 00 00 00 01 02 00 00 a4 00 04 02
19:33:21.569       	00 00 49 5f 09 00 00 00 14 00 00 00 14 00 00 00 ff ff 00 00 01 01 02 00 a4
19:33:21.569       	00 00 49 5f 0a 00 00 00 14 00 00 00 14 00 00 00 ff ff 00 00 00 01 02 00 3f 00
19:33:21.570       	00 00 49 5f 0a 00 00 00 14 00 00 00 14 00 00 00 ff ff 00 00 01 01 02 00 61 2a
19:33:21.570       	00 00 49 5f 0d 00 00 00 14 00 00 00 14 00 00 00 ff ff 00 00 00 01 02 00 00 c0 00 00 2a
19:33:21.571       	00 00 49 5f 09 00 00 00 14 00 00 00 14 00 00 00 ff ff 00 00 01 01 02 00 c0
19:33:21.573       	00 00 00 00 32 00 00 00 14 00 00 00 14 00 00 00 ff ff 00 00 01 01 02 00 62 28 82 02 78 21 83 02 3f 00 a5 06 80 01 71 87 01 01 8a 01 05 ab 0b 80 01 87 a4 06 83 01 0a 95 01 08 c6 06 90 01 00 83 01 01
19:33:21.573       	00 00 49 5f 0a 00 00 00 14 00 00 00 14 00 00 00 ff ff 00 00 01 01 02 00 90 00
19:33:21.573       	00 00 49 5f 0d 00 00 00 14 00 00 00 14 00 00 00 ff ff 00 00 00 01 02 00 80 aa 00 00 08
19:33:21.574       	00 00 49 5f 09 00 00 00 14 00 00 00 14 00 00 00 ff ff 00 00 01 01 02 00 aa
19:33:21.574       	00 00 49 5f 10 00 00 00 14 00 00 00 14 00 00 00 ff ff 00 00 00 01 02 00 a9 06 82 01 01 83 01 07
19:33:21.579       	00 00 49 5f 0a 00 00 00 14 00 00 00 14 00 00 00 ff ff 00 00 01 01 02 00 90 00
19:33:21.580       	00 00 49 5f 0d 00 00 00 14 00 00 00 14 00 00 00 ff ff 00 00 00 01 02 00 00 a4 08 04 02
19:33:21.581       	00 00 49 5f 09 00 00 00 14 00 00 00 14 00 00 00 ff ff 00 00 01 01 02 00 a4
19:33:21.581       	00 00 49 5f 0a 00 00 00 14 00 00 00 14 00 00 00 ff ff 00 00 00 01 02 00 2f e2
19:33:21.582       	00 00 49 5f 0a 00 00 00 14 00 00 00 14 00 00 00 ff ff 00 00 01 01 02 00 6a 82
19:33:21.582       	00 00 49 5f 0d 00 00 00 14 00 00 00 14 00 00 00 ff ff 00 00 00 01 02 00 00 a4 00 04 02
19:33:21.583       	00 00 49 5f 09 00 00 00 14 00 00 00 14 00 00 00 ff ff 00 00 01 01 02 00 a4
19:33:21.584       	00 00 49 5f 0a 00 00 00 14 00 00 00 14 00 00 00 ff ff 00 00 00 01 02 00 3f 00
19:33:21.584       	00 00 49 5f 0a 00 00 00 14 00 00 00 14 00 00 00 ff ff 00 00 01 01 02 00 61 2a
19:33:21.585       	00 00 49 5f 0d 00 00 00 14 00 00 00 14 00 00 00 ff ff 00 00 00 01 02 00 00 c0 00 00 2a
19:33:21.585       	00 00 49 5f 09 00 00 00 14 00 00 00 14 00 00 00 ff ff 00 00 01 01 02 00 c0
19:33:21.587       	00 00 00 00 32 00 00 00 14 00 00 00 14 00 00 00 ff ff 00 00 01 01 02 00 62 28 82 02 78 21 83 02 3f 00 a5 06 80 01 71 87 01 01 8a 01 05 ab 0b 80 01 87 a4 06 83 01 0a 95 01 08 c6 06 90 01 00 83 01 01
19:33:21.587       	00 00 49 5f 0a 00 00 00 14 00 00 00 14 00 00 00 ff ff 00 00 01 01 02 00 90 00
19:33:21.588       	00 00 49 5f 0d 00 00 00 14 00 00 00 14 00 00 00 ff ff 00 00 00 01 02 00 00 a4 00 04 02
19:33:21.588       	00 00 49 5f 09 00 00 00 14 00 00 00 14 00 00 00 ff ff 00 00 01 01 02 00 a4
19:33:21.589       	00 00 49 5f 0a 00 00 00 14 00 00 00 14 00 00 00 ff ff 00 00 00 01 02 00 2f e2
19:33:21.589       	00 00 49 5f 0a 00 00 00 14 00 00 00 14 00 00 00 ff ff 00 00 01 01 02 00 6a 82
19:33:21.590       	00 00 49 5f 0d 00 00 00 14 00 00 00 14 00 00 00 ff ff 00 00 00 01 02 00 00 a4 00 04 02
19:33:21.591       	00 00 49 5f 09 00 00 00 14 00 00 00 14 00 00 00 ff ff 00 00 01 01 02 00 a4
19:33:21.591       	00 00 49 5f 0a 00 00 00 14 00 00 00 14 00 00 00 ff ff 00 00 00 01 02 00 3f 00
19:33:21.592       	00 00 49 5f 0a 00 00 00 14 00 00 00 14 00 00 00 ff ff 00 00 01 01 02 00 61 2a
19:33:21.592       	00 00 49 5f 0d 00 00 00 14 00 00 00 14 00 00 00 ff ff 00 00 00 01 02 00 00 c0 00 00 2a
19:33:21.593       	00 00 49 5f 09 00 00 00 14 00 00 00 14 00 00 00 ff ff 00 00 01 01 02 00 c0
19:33:21.595       	00 00 00 00 32 00 00 00 14 00 00 00 14 00 00 00 ff ff 00 00 01 01 02 00 62 28 82 02 78 21 83 02 3f 00 a5 06 80 01 71 87 01 01 8a 01 05 ab 0b 80 01 87 a4 06 83 01 0a 95 01 08 c6 06 90 01 00 83 01 01
19:33:21.595       	00 00 49 5f 0a 00 00 00 14 00 00 00 14 00 00 00 ff ff 00 00 01 01 02 00 90 00
19:33:21.595       	00 00 49 5f 0d 00 00 00 14 00 00 00 14 00 00 00 ff ff 00 00 00 01 02 00 00 b0 82 00 0a
19:33:21.596       	00 00 49 5f 0a 00 00 00 14 00 00 00 14 00 00 00 ff ff 00 00 01 01 02 00 6a 82
19:33:21.597       	00 00 49 5f 0d 00 00 00 14 00 00 00 14 00 00 00 ff ff 00 00 00 01 02 00 00 b0 82 00 0a
19:33:21.598       	00 00 49 5f 0a 00 00 00 14 00 00 00 14 00 00 00 ff ff 00 00 01 01 02 00 6a 82
19:33:21.598       	00 00 49 5f 0d 00 00 00 14 00 00 00 14 00 00 00 ff ff 00 00 00 01 02 00 00 a4 08 04 02
19:33:21.599       	00 00 49 5f 09 00 00 00 14 00 00 00 14 00 00 00 ff ff 00 00 01 01 02 00 a4
19:33:21.599       	00 00 49 5f 0a 00 00 00 14 00 00 00 14 00 00 00 ff ff 00 00 00 01 02 00 2f 05
19:33:21.600       	00 00 49 5f 0a 00 00 00 14 00 00 00 14 00 00 00 ff ff 00 00 01 01 02 00 6a 82
19:33:21.601       	00 00 49 5f 0d 00 00 00 14 00 00 00 14 00 00 00 ff ff 00 00 00 01 02 00 00 a4 00 04 02
19:33:21.601       	00 00 49 5f 09 00 00 00 14 00 00 00 14 00 00 00 ff ff 00 00 01 01 02 00 a4
19:33:21.602       	00 00 49 5f 0a 00 00 00 14 00 00 00 14 00 00 00 ff ff 00 00 00 01 02 00 3f 00
19:33:21.602       	00 00 49 5f 0a 00 00 00 14 00 00 00 14 00 00 00 ff ff 00 00 01 01 02 00 61 2a
19:33:21.603       	00 00 49 5f 0d 00 00 00 14 00 00 00 14 00 00 00 ff ff 00 00 00 01 02 00 00 c0 00 00 2a
19:33:21.603       	00 00 49 5f 09 00 00 00 14 00 00 00 14 00 00 00 ff ff 00 00 01 01 02 00 c0
19:33:21.605       	00 00 00 00 32 00 00 00 14 00 00 00 14 00 00 00 ff ff 00 00 01 01 02 00 62 28 82 02 78 21 83 02 3f 00 a5 06 80 01 71 87 01 01 8a 01 05 ab 0b 80 01 87 a4 06 83 01 0a 95 01 08 c6 06 90 01 00 83 01 01
19:33:21.605       	00 00 49 5f 0a 00 00 00 14 00 00 00 14 00 00 00 ff ff 00 00 01 01 02 00 90 00
19:33:21.606       	00 00 49 5f 0d 00 00 00 14 00 00 00 14 00 00 00 ff ff 00 00 00 01 02 00 00 a4 00 04 02
19:33:21.607       	00 00 49 5f 09 00 00 00 14 00 00 00 14 00 00 00 ff ff 00 00 01 01 02 00 a4
19:33:21.607       	00 00 49 5f 0a 00 00 00 14 00 00 00 14 00 00 00 ff ff 00 00 00 01 02 00 2f 05
19:33:21.608       	00 00 49 5f 0a 00 00 00 14 00 00 00 14 00 00 00 ff ff 00 00 01 01 02 00 6a 82
19:33:21.608       	00 00 49 5f 0d 00 00 00 14 00 00 00 14 00 00 00 ff ff 00 00 00 01 02 00 80 10 00 00 1e
19:33:21.609       	00 00 49 5f 09 00 00 00 14 00 00 00 14 00 00 00 ff ff 00 00 01 01 02 00 10
19:33:21.610       	00 00 49 5f 26 00 00 00 14 00 00 00 14 00 00 00 ff ff 00 00 00 01 02 00 ff ff ff ff 5f dd 00 df ff 03 02 1f e2 00 00 00 c3 c9 00 00 00 00 40 00 50 00 00 00 00 08
19:33:21.715       	00 00 49 5f 0a 00 00 00 14 00 00 00 14 00 00 00 ff ff 00 00 01 01 02 00 91 0f
19:33:21.715       	00 00 49 5f 0d 00 00 00 14 00 00 00 14 00 00 00 ff ff 00 00 00 01 02 00 00 a4 08 04 02
19:33:21.716       	00 00 49 5f 09 00 00 00 14 00 00 00 14 00 00 00 ff ff 00 00 01 01 02 00 a4
19:33:21.717       	00 00 49 5f 0a 00 00 00 14 00 00 00 14 00 00 00 ff ff 00 00 00 01 02 00 2f 00
19:33:21.717       	00 00 49 5f 0a 00 00 00 14 00 00 00 14 00 00 00 ff ff 00 00 01 01 02 00 6a 82
19:33:21.718       	00 00 49 5f 0d 00 00 00 14 00 00 00 14 00 00 00 ff ff 00 00 00 01 02 00 00 a4 00 04 02
19:33:21.718       	00 00 49 5f 09 00 00 00 14 00 00 00 14 00 00 00 ff ff 00 00 01 01 02 00 a4
19:33:21.719       	00 00 49 5f 0a 00 00 00 14 00 00 00 14 00 00 00 ff ff 00 00 00 01 02 00 3f 00
19:33:21.719       	00 00 49 5f 0a 00 00 00 14 00 00 00 14 00 00 00 ff ff 00 00 01 01 02 00 61 2a
19:33:21.720       	00 00 49 5f 0d 00 00 00 14 00 00 00 14 00 00 00 ff ff 00 00 00 01 02 00 00 c0 00 00 2a
19:33:21.720       	00 00 49 5f 09 00 00 00 14 00 00 00 14 00 00 00 ff ff 00 00 01 01 02 00 c0
19:33:21.722       	00 00 00 00 32 00 00 00 14 00 00 00 14 00 00 00 ff ff 00 00 01 01 02 00 62 28 82 02 78 21 83 02 3f 00 a5 06 80 01 71 87 01 01 8a 01 05 ab 0b 80 01 87 a4 06 83 01 0a 95 01 08 c6 06 90 01 00 83 01 01
19:33:21.723       	00 00 49 5f 0a 00 00 00 14 00 00 00 14 00 00 00 ff ff 00 00 01 01 02 00 91 0f
19:33:21.723       	00 00 49 5f 0d 00 00 00 14 00 00 00 14 00 00 00 ff ff 00 00 00 01 02 00 00 a4 00 04 02
19:33:21.724       	00 00 49 5f 09 00 00 00 14 00 00 00 14 00 00 00 ff ff 00 00 01 01 02 00 a4
19:33:21.724       	00 00 49 5f 0a 00 00 00 14 00 00 00 14 00 00 00 ff ff 00 00 00 01 02 00 2f 00
19:33:21.725       	00 00 49 5f 0a 00 00 00 14 00 00 00 14 00 00 00 ff ff 00 00 01 01 02 00 6a 82
19:33:21.825       	00 00 49 5f 1e 00 00 00 14 00 00 00 14 00 00 00 ff ff 00 00 01 01 00 00 3b 9f 96 80 3f c7 83 80 31 e0 73 f6 21 13 67 56 07 58 e0 24 04 10
19:33:21.926       	00 00 49 5f 0d 00 00 00 14 00 00 00 14 00 00 00 ff ff 00 00 00 01 00 00 80 7c 04 00 09
19:33:21.989       	00 00 49 5f 09 00 00 00 14 00 00 00 14 00 00 00 ff ff 00 00 01 01 00 00 7c
19:33:21.990       	00 00 49 5f 11 00 00 00 14 00 00 00 14 00 00 00 ff ff 00 00 00 01 00 00 80 01 02 90 01 01 91 01 02
19:33:21.995       	00 00 49 5f 0a 00 00 00 14 00 00 00 14 00 00 00 ff ff 00 00 01 01 00 00 61 0a
19:33:21.996       	00 00 49 5f 0d 00 00 00 14 00 00 00 14 00 00 00 ff ff 00 00 00 01 00 00 00 c0 00 00 0a
19:33:21.996       	00 00 49 5f 09 00 00 00 14 00 00 00 14 00 00 00 ff ff 00 00 01 01 00 00 c0
19:33:21.996       	00 00 49 5f 12 00 00 00 14 00 00 00 14 00 00 00 ff ff 00 00 01 01 00 00 80 01 02 90 02 01 01 91 01 02
19:33:21.997       	00 00 49 5f 0a 00 00 00 14 00 00 00 14 00 00 00 ff ff 00 00 01 01 00 00 90 00
19:33:21.997       	00 00 49 5f 0d 00 00 00 14 00 00 00 14 00 00 00 ff ff 00 00 00 01 00 00 00 a4 00 04 02
19:33:21.998       	00 00 49 5f 09 00 00 00 14 00 00 00 14 00 00 00 ff ff 00 00 01 01 00 00 a4
19:33:21.998       	00 00 49 5f 0a 00 00 00 14 00 00 00 14 00 00 00 ff ff 00 00 00 01 00 00 3f 00
19:33:22.002       	00 00 49 5f 0a 00 00 00 14 00 00 00 14 00 00 00 ff ff 00 00 01 01 00 00 61 2a
19:33:22.003       	00 00 49 5f 0d 00 00 00 14 00 00 00 14 00 00 00 ff ff 00 00 00 01 00 00 00 c0 00 00 2a
19:33:22.003       	00 00 49 5f 09 00 00 00 14 00 00 00 14 00 00 00 ff ff 00 00 01 01 00 00 c0
19:33:22.005       	00 00 18 00 32 00 00 00 14 00 00 00 14 00 00 00 ff ff 00 00 01 01 00 00 62 28 82 02 78 21 83 02 3f 00 a5 06 80 01 71 87 01 01 8a 01 05 ab 0b 80 01 87 a4 06 83 01 0a 95 01 08 c6 06 90 01 00 83 01 01
19:33:22.005       	00 00 49 5f 0a 00 00 00 14 00 00 00 14 00 00 00 ff ff 00 00 01 01 00 00 90 00
19:33:22.006       	00 00 49 5f 0d 00 00 00 14 00 00 00 14 00 00 00 ff ff 00 00 00 01 00 00 80 aa 00 00 08
19:33:22.007       	00 00 49 5f 09 00 00 00 14 00 00 00 14 00 00 00 ff ff 00 00 01 01 00 00 aa
19:33:22.007       	00 00 49 5f 10 00 00 00 14 00 00 00 14 00 00 00 ff ff 00 00 00 01 00 00 a9 06 82 01 01 83 01 07
19:33:22.012       	00 00 49 5f 0a 00 00 00 14 00 00 00 14 00 00 00 ff ff 00 00 01 01 00 00 90 00
19:33:22.013       	00 00 49 5f 0d 00 00 00 14 00 00 00 14 00 00 00 ff ff 00 00 00 01 00 00 80 10 00 00 1e
19:33:22.013       	00 00 49 5f 09 00 00 00 14 00 00 00 14 00 00 00 ff ff 00 00 01 01 00 00 10
19:33:22.014       	00 00 49 5f 26 00 00 00 14 00 00 00 14 00 00 00 ff ff 00 00 00 01 00 00 00 00 80 00 00 00 00 00 00 00 00 00 00 00 00 00 00 00 00 00 00 00 00 00 00 00 00 00 00 00
19:33:22.110       	00 00 49 5f 0a 00 00 00 14 00 00 00 14 00 00 00 ff ff 00 00 01 01 00 00 90 00
19:33:22.110       	00 00 49 5f 0d 00 00 00 14 00 00 00 14 00 00 00 ff ff 00 00 00 01 00 00 80 7c 00 02 00
19:33:22.111       	00 00 49 5f 0a 00 00 00 14 00 00 00 14 00 00 00 ff ff 00 00 01 01 00 00 90 00
19:33:22.112       	00 00 49 5f 0d 00 00 00 14 00 00 00 14 00 00 00 ff ff 00 00 00 01 02 00 00 a4 00 04 02
19:33:22.113       	00 00 49 5f 09 00 00 00 14 00 00 00 14 00 00 00 ff ff 00 00 01 01 02 00 a4
19:33:22.113       	00 00 49 5f 0a 00 00 00 14 00 00 00 14 00 00 00 ff ff 00 00 00 01 02 00 3f 00
19:33:22.114       	00 00 49 5f 0a 00 00 00 14 00 00 00 14 00 00 00 ff ff 00 00 01 01 02 00 61 2a
19:33:22.114       	00 00 49 5f 0d 00 00 00 14 00 00 00 14 00 00 00 ff ff 00 00 00 01 02 00 00 c0 00 00 2a
19:33:22.114       	00 00 49 5f 09 00 00 00 14 00 00 00 14 00 00 00 ff ff 00 00 01 01 02 00 c0
19:33:22.117       	00 00 18 00 32 00 00 00 14 00 00 00 14 00 00 00 ff ff 00 00 01 01 02 00 62 28 82 02 78 21 83 02 3f 00 a5 06 80 01 71 87 01 01 8a 01 05 ab 0b 80 01 87 a4 06 83 01 0a 95 01 08 c6 06 90 01 00 83 01 01
19:33:22.117       	00 00 49 5f 0a 00 00 00 14 00 00 00 14 00 00 00 ff ff 00 00 01 01 02 00 90 00
19:33:22.117       	00 00 49 5f 0d 00 00 00 14 00 00 00 14 00 00 00 ff ff 00 00 00 01 02 00 80 aa 00 00 08
19:33:22.118       	00 00 49 5f 09 00 00 00 14 00 00 00 14 00 00 00 ff ff 00 00 01 01 02 00 aa
19:33:22.118       	00 00 49 5f 10 00 00 00 14 00 00 00 14 00 00 00 ff ff 00 00 00 01 02 00 a9 06 82 01 01 83 01 07
19:33:22.123       	00 00 49 5f 0a 00 00 00 14 00 00 00 14 00 00 00 ff ff 00 00 01 01 02 00 90 00
19:33:22.124       	00 00 49 5f 0d 00 00 00 14 00 00 00 14 00 00 00 ff ff 00 00 00 01 02 00 00 a4 08 04 02
19:33:22.125       	00 00 49 5f 09 00 00 00 14 00 00 00 14 00 00 00 ff ff 00 00 01 01 02 00 a4
19:33:22.125       	00 00 49 5f 0a 00 00 00 14 00 00 00 14 00 00 00 ff ff 00 00 00 01 02 00 2f e2
19:33:22.126       	00 00 49 5f 0a 00 00 00 14 00 00 00 14 00 00 00 ff ff 00 00 01 01 02 00 6a 82
19:33:22.126       	00 00 49 5f 0d 00 00 00 14 00 00 00 14 00 00 00 ff ff 00 00 00 01 02 00 00 a4 00 04 02
19:33:22.127       	00 00 49 5f 09 00 00 00 14 00 00 00 14 00 00 00 ff ff 00 00 01 01 02 00 a4
19:33:22.127       	00 00 49 5f 0a 00 00 00 14 00 00 00 14 00 00 00 ff ff 00 00 00 01 02 00 3f 00
19:33:22.128       	00 00 49 5f 0a 00 00 00 14 00 00 00 14 00 00 00 ff ff 00 00 01 01 02 00 61 2a
19:33:22.128       	00 00 49 5f 0d 00 00 00 14 00 00 00 14 00 00 00 ff ff 00 00 00 01 02 00 00 c0 00 00 2a
19:33:22.129       	00 00 49 5f 09 00 00 00 14 00 00 00 14 00 00 00 ff ff 00 00 01 01 02 00 c0
19:33:22.131       	00 00 18 00 32 00 00 00 14 00 00 00 14 00 00 00 ff ff 00 00 01 01 02 00 62 28 82 02 78 21 83 02 3f 00 a5 06 80 01 71 87 01 01 8a 01 05 ab 0b 80 01 87 a4 06 83 01 0a 95 01 08 c6 06 90 01 00 83 01 01
19:33:22.131       	00 00 49 5f 0a 00 00 00 14 00 00 00 14 00 00 00 ff ff 00 00 01 01 02 00 90 00
19:33:22.132       	00 00 49 5f 0d 00 00 00 14 00 00 00 14 00 00 00 ff ff 00 00 00 01 02 00 00 a4 00 04 02
19:33:22.132       	00 00 49 5f 09 00 00 00 14 00 00 00 14 00 00 00 ff ff 00 00 01 01 02 00 a4
19:33:22.133       	00 00 49 5f 0a 00 00 00 14 00 00 00 14 00 00 00 ff ff 00 00 00 01 02 00 2f e2
19:33:22.133       	00 00 49 5f 0a 00 00 00 14 00 00 00 14 00 00 00 ff ff 00 00 01 01 02 00 6a 82
19:33:22.134       	00 00 49 5f 0d 00 00 00 14 00 00 00 14 00 00 00 ff ff 00 00 00 01 02 00 00 a4 00 04 02
19:33:22.135       	00 00 49 5f 09 00 00 00 14 00 00 00 14 00 00 00 ff ff 00 00 01 01 02 00 a4
19:33:22.135       	00 00 49 5f 0a 00 00 00 14 00 00 00 14 00 00 00 ff ff 00 00 00 01 02 00 3f 00
19:33:22.136       	00 00 49 5f 0a 00 00 00 14 00 00 00 14 00 00 00 ff ff 00 00 01 01 02 00 61 2a
19:33:22.136       	00 00 49 5f 0d 00 00 00 14 00 00 00 14 00 00 00 ff ff 00 00 00 01 02 00 00 c0 00 00 2a
19:33:22.137       	00 00 49 5f 09 00 00 00 14 00 00 00 14 00 00 00 ff ff 00 00 01 01 02 00 c0
19:33:22.139       	00 00 18 00 32 00 00 00 14 00 00 00 14 00 00 00 ff ff 00 00 01 01 02 00 62 28 82 02 78 21 83 02 3f 00 a5 06 80 01 71 87 01 01 8a 01 05 ab 0b 80 01 87 a4 06 83 01 0a 95 01 08 c6 06 90 01 00 83 01 01
19:33:22.139       	00 00 49 5f 0a 00 00 00 14 00 00 00 14 00 00 00 ff ff 00 00 01 01 02 00 90 00
19:33:22.139       	00 00 49 5f 0d 00 00 00 14 00 00 00 14 00 00 00 ff ff 00 00 00 01 02 00 00 b0 82 00 0a
19:33:22.140       	00 00 49 5f 0a 00 00 00 14 00 00 00 14 00 00 00 ff ff 00 00 01 01 02 00 6a 82
19:33:22.141       	00 00 49 5f 0d 00 00 00 14 00 00 00 14 00 00 00 ff ff 00 00 00 01 02 00 00 b0 82 00 0a
19:33:22.142       	00 00 49 5f 0a 00 00 00 14 00 00 00 14 00 00 00 ff ff 00 00 01 01 02 00 6a 82
19:33:22.142       	00 00 49 5f 0d 00 00 00 14 00 00 00 14 00 00 00 ff ff 00 00 00 01 02 00 00 a4 08 04 02
19:33:22.143       	00 00 49 5f 09 00 00 00 14 00 00 00 14 00 00 00 ff ff 00 00 01 01 02 00 a4
19:33:22.144       	00 00 49 5f 0a 00 00 00 14 00 00 00 14 00 00 00 ff ff 00 00 00 01 02 00 2f 05
19:33:22.144       	00 00 49 5f 0a 00 00 00 14 00 00 00 14 00 00 00 ff ff 00 00 01 01 02 00 6a 82
19:33:22.145       	00 00 49 5f 0d 00 00 00 14 00 00 00 14 00 00 00 ff ff 00 00 00 01 02 00 00 a4 00 04 02
19:33:22.145       	00 00 49 5f 09 00 00 00 14 00 00 00 14 00 00 00 ff ff 00 00 01 01 02 00 a4
19:33:22.146       	00 00 49 5f 0a 00 00 00 14 00 00 00 14 00 00 00 ff ff 00 00 00 01 02 00 3f 00
19:33:22.146       	00 00 49 5f 0a 00 00 00 14 00 00 00 14 00 00 00 ff ff 00 00 01 01 02 00 61 2a
19:33:22.147       	00 00 49 5f 0d 00 00 00 14 00 00 00 14 00 00 00 ff ff 00 00 00 01 02 00 00 c0 00 00 2a
19:33:22.147       	00 00 49 5f 09 00 00 00 14 00 00 00 14 00 00 00 ff ff 00 00 01 01 02 00 c0
19:33:22.149       	00 00 18 00 32 00 00 00 14 00 00 00 14 00 00 00 ff ff 00 00 01 01 02 00 62 28 82 02 78 21 83 02 3f 00 a5 06 80 01 71 87 01 01 8a 01 05 ab 0b 80 01 87 a4 06 83 01 0a 95 01 08 c6 06 90 01 00 83 01 01
19:33:22.149       	00 00 49 5f 0a 00 00 00 14 00 00 00 14 00 00 00 ff ff 00 00 01 01 02 00 90 00
19:33:22.150       	00 00 49 5f 0d 00 00 00 14 00 00 00 14 00 00 00 ff ff 00 00 00 01 02 00 00 a4 00 04 02
19:33:22.151       	00 00 49 5f 09 00 00 00 14 00 00 00 14 00 00 00 ff ff 00 00 01 01 02 00 a4
19:33:22.151       	00 00 49 5f 0a 00 00 00 14 00 00 00 14 00 00 00 ff ff 00 00 00 01 02 00 2f 05
19:33:22.152       	00 00 49 5f 0a 00 00 00 14 00 00 00 14 00 00 00 ff ff 00 00 01 01 02 00 6a 82
19:33:22.152       	00 00 49 5f 0d 00 00 00 14 00 00 00 14 00 00 00 ff ff 00 00 00 01 02 00 80 10 00 00 1e
19:33:22.153       	00 00 49 5f 09 00 00 00 14 00 00 00 14 00 00 00 ff ff 00 00 01 01 02 00 10
19:33:22.154       	00 00 49 5f 26 00 00 00 14 00 00 00 14 00 00 00 ff ff 00 00 00 01 02 00 ff ff ff ff 5f dd 00 df ff 03 02 1f e2 00 00 00 c3 c9 00 00 00 00 40 00 50 00 00 00 00 08
19:33:22.258       	00 00 49 5f 0a 00 00 00 14 00 00 00 14 00 00 00 ff ff 00 00 01 01 02 00 91 0f
19:33:22.258       	00 00 49 5f 0d 00 00 00 14 00 00 00 14 00 00 00 ff ff 00 00 00 01 02 00 00 a4 08 04 02
19:33:22.259       	00 00 49 5f 09 00 00 00 14 00 00 00 14 00 00 00 ff ff 00 00 01 01 02 00 a4
19:33:22.259       	00 00 49 5f 0a 00 00 00 14 00 00 00 14 00 00 00 ff ff 00 00 00 01 02 00 2f 00
19:33:22.260       	00 00 49 5f 0a 00 00 00 14 00 00 00 14 00 00 00 ff ff 00 00 01 01 02 00 6a 82
19:33:22.261       	00 00 49 5f 0d 00 00 00 14 00 00 00 14 00 00 00 ff ff 00 00 00 01 02 00 00 a4 00 04 02
19:33:22.261       	00 00 49 5f 09 00 00 00 14 00 00 00 14 00 00 00 ff ff 00 00 01 01 02 00 a4
19:33:22.262       	00 00 49 5f 0a 00 00 00 14 00 00 00 14 00 00 00 ff ff 00 00 00 01 02 00 3f 00
19:33:22.262       	00 00 49 5f 0a 00 00 00 14 00 00 00 14 00 00 00 ff ff 00 00 01 01 02 00 61 2a
19:33:22.263       	00 00 49 5f 0d 00 00 00 14 00 00 00 14 00 00 00 ff ff 00 00 00 01 02 00 00 c0 00 00 2a
19:33:22.263       	00 00 49 5f 09 00 00 00 14 00 00 00 14 00 00 00 ff ff 00 00 01 01 02 00 c0
19:33:22.265       	00 00 18 00 32 00 00 00 14 00 00 00 14 00 00 00 ff ff 00 00 01 01 02 00 62 28 82 02 78 21 83 02 3f 00 a5 06 80 01 71 87 01 01 8a 01 05 ab 0b 80 01 87 a4 06 83 01 0a 95 01 08 c6 06 90 01 00 83 01 01
19:33:22.265       	00 00 49 5f 0a 00 00 00 14 00 00 00 14 00 00 00 ff ff 00 00 01 01 02 00 91 0f
19:33:22.266       	00 00 49 5f 0d 00 00 00 14 00 00 00 14 00 00 00 ff ff 00 00 00 01 02 00 00 a4 00 04 02
19:33:22.266       	00 00 49 5f 09 00 00 00 14 00 00 00 14 00 00 00 ff ff 00 00 01 01 02 00 a4
19:33:22.267       	00 00 49 5f 0a 00 00 00 14 00 00 00 14 00 00 00 ff ff 00 00 00 01 02 00 2f 00
19:33:22.268       	00 00 49 5f 0a 00 00 00 14 00 00 00 14 00 00 00 ff ff 00 00 01 01 02 00 6a 82
19:33:22.373       	00 00 49 5f 1e 00 00 00 14 00 00 00 14 00 00 00 ff ff 00 00 01 01 00 00 3b 9f 96 80 3f c7 83 80 31 e0 73 f6 21 13 67 56 07 58 e0 24 04 10
19:33:22.480       	00 00 49 5f 0d 00 00 00 14 00 00 00 14 00 00 00 ff ff 00 00 00 01 00 00 80 7c 04 00 09
19:33:22.543       	00 00 49 5f 09 00 00 00 14 00 00 00 14 00 00 00 ff ff 00 00 01 01 00 00 7c
19:33:22.544       	00 00 49 5f 11 00 00 00 14 00 00 00 14 00 00 00 ff ff 00 00 00 01 00 00 80 01 02 90 01 01 91 01 02
19:33:22.549       	00 00 49 5f 0a 00 00 00 14 00 00 00 14 00 00 00 ff ff 00 00 01 01 00 00 61 0a
19:33:22.550       	00 00 49 5f 0d 00 00 00 14 00 00 00 14 00 00 00 ff ff 00 00 00 01 00 00 00 c0 00 00 0a
19:33:22.550       	00 00 49 5f 09 00 00 00 14 00 00 00 14 00 00 00 ff ff 00 00 01 01 00 00 c0
19:33:22.551       	00 00 49 5f 12 00 00 00 14 00 00 00 14 00 00 00 ff ff 00 00 01 01 00 00 80 01 02 90 02 01 01 91 01 02
19:33:22.551       	00 00 49 5f 0a 00 00 00 14 00 00 00 14 00 00 00 ff ff 00 00 01 01 00 00 90 00
19:33:22.551       	00 00 49 5f 0d 00 00 00 14 00 00 00 14 00 00 00 ff ff 00 00 00 01 00 00 00 a4 00 04 02
19:33:22.552       	00 00 49 5f 09 00 00 00 14 00 00 00 14 00 00 00 ff ff 00 00 01 01 00 00 a4
19:33:22.552       	00 00 49 5f 0a 00 00 00 14 00 00 00 14 00 00 00 ff ff 00 00 00 01 00 00 3f 00
19:33:22.556       	00 00 49 5f 0a 00 00 00 14 00 00 00 14 00 00 00 ff ff 00 00 01 01 00 00 61 2a
19:33:22.557       	00 00 49 5f 0d 00 00 00 14 00 00 00 14 00 00 00 ff ff 00 00 00 01 00 00 00 c0 00 00 2a
19:33:22.557       	00 00 49 5f 09 00 00 00 14 00 00 00 14 00 00 00 ff ff 00 00 01 01 00 00 c0
19:33:22.559       	00 00 9f ff 32 00 00 00 14 00 00 00 14 00 00 00 ff ff 00 00 01 01 00 00 62 28 82 02 78 21 83 02 3f 00 a5 06 80 01 71 87 01 01 8a 01 05 ab 0b 80 01 87 a4 06 83 01 0a 95 01 08 c6 06 90 01 00 83 01 01
19:33:22.559       	00 00 49 5f 0a 00 00 00 14 00 00 00 14 00 00 00 ff ff 00 00 01 01 00 00 90 00
19:33:22.560       	00 00 49 5f 0d 00 00 00 14 00 00 00 14 00 00 00 ff ff 00 00 00 01 00 00 80 aa 00 00 08
19:33:22.561       	00 00 49 5f 09 00 00 00 14 00 00 00 14 00 00 00 ff ff 00 00 01 01 00 00 aa
19:33:22.561       	00 00 49 5f 10 00 00 00 14 00 00 00 14 00 00 00 ff ff 00 00 00 01 00 00 a9 06 82 01 01 83 01 07
19:33:22.566       	00 00 49 5f 0a 00 00 00 14 00 00 00 14 00 00 00 ff ff 00 00 01 01 00 00 90 00
19:33:22.567       	00 00 49 5f 0d 00 00 00 14 00 00 00 14 00 00 00 ff ff 00 00 00 01 00 00 80 10 00 00 1e
19:33:22.567       	00 00 49 5f 09 00 00 00 14 00 00 00 14 00 00 00 ff ff 00 00 01 01 00 00 10
19:33:22.568       	00 00 49 5f 26 00 00 00 14 00 00 00 14 00 00 00 ff ff 00 00 00 01 00 00 00 00 80 00 00 00 00 00 00 00 00 00 00 00 00 00 00 00 00 00 00 00 00 00 00 00 00 00 00 00
19:33:22.665       	00 00 49 5f 0a 00 00 00 14 00 00 00 14 00 00 00 ff ff 00 00 01 01 00 00 90 00
19:33:22.666       	00 00 49 5f 0d 00 00 00 14 00 00 00 14 00 00 00 ff ff 00 00 00 01 00 00 80 7c 00 02 00
19:33:22.667       	00 00 49 5f 0a 00 00 00 14 00 00 00 14 00 00 00 ff ff 00 00 01 01 00 00 90 00
19:33:22.667       	00 00 49 5f 0d 00 00 00 14 00 00 00 14 00 00 00 ff ff 00 00 00 01 02 00 00 a4 00 04 02
19:33:22.668       	00 00 49 5f 09 00 00 00 14 00 00 00 14 00 00 00 ff ff 00 00 01 01 02 00 a4
19:33:22.668       	00 00 49 5f 0a 00 00 00 14 00 00 00 14 00 00 00 ff ff 00 00 00 01 02 00 3f 00
19:33:22.669       	00 00 49 5f 0a 00 00 00 14 00 00 00 14 00 00 00 ff ff 00 00 01 01 02 00 61 2a
19:33:22.669       	00 00 49 5f 0d 00 00 00 14 00 00 00 14 00 00 00 ff ff 00 00 00 01 02 00 00 c0 00 00 2a
19:33:22.670       	00 00 49 5f 09 00 00 00 14 00 00 00 14 00 00 00 ff ff 00 00 01 01 02 00 c0
19:33:22.672       	00 00 9f ff 32 00 00 00 14 00 00 00 14 00 00 00 ff ff 00 00 01 01 02 00 62 28 82 02 78 21 83 02 3f 00 a5 06 80 01 71 87 01 01 8a 01 05 ab 0b 80 01 87 a4 06 83 01 0a 95 01 08 c6 06 90 01 00 83 01 01
19:33:22.672       	00 00 49 5f 0a 00 00 00 14 00 00 00 14 00 00 00 ff ff 00 00 01 01 02 00 90 00
19:33:22.673       	00 00 49 5f 0d 00 00 00 14 00 00 00 14 00 00 00 ff ff 00 00 00 01 02 00 80 aa 00 00 08
19:33:22.673       	00 00 49 5f 09 00 00 00 14 00 00 00 14 00 00 00 ff ff 00 00 01 01 02 00 aa
19:33:22.674       	00 00 49 5f 10 00 00 00 14 00 00 00 14 00 00 00 ff ff 00 00 00 01 02 00 a9 06 82 01 01 83 01 07
19:33:22.679       	00 00 49 5f 0a 00 00 00 14 00 00 00 14 00 00 00 ff ff 00 00 01 01 02 00 90 00
19:33:22.679       	00 00 49 5f 0d 00 00 00 14 00 00 00 14 00 00 00 ff ff 00 00 00 01 02 00 00 a4 08 04 02
19:33:22.680       	00 00 49 5f 09 00 00 00 14 00 00 00 14 00 00 00 ff ff 00 00 01 01 02 00 a4
19:33:22.680       	00 00 49 5f 0a 00 00 00 14 00 00 00 14 00 00 00 ff ff 00 00 00 01 02 00 2f e2
19:33:22.681       	00 00 49 5f 0a 00 00 00 14 00 00 00 14 00 00 00 ff ff 00 00 01 01 02 00 6a 82
19:33:22.682       	00 00 49 5f 0d 00 00 00 14 00 00 00 14 00 00 00 ff ff 00 00 00 01 02 00 00 a4 00 04 02
19:33:22.682       	00 00 49 5f 09 00 00 00 14 00 00 00 14 00 00 00 ff ff 00 00 01 01 02 00 a4
19:33:22.683       	00 00 49 5f 0a 00 00 00 14 00 00 00 14 00 00 00 ff ff 00 00 00 01 02 00 3f 00
19:33:22.683       	00 00 49 5f 0a 00 00 00 14 00 00 00 14 00 00 00 ff ff 00 00 01 01 02 00 61 2a
19:33:22.684       	00 00 49 5f 0d 00 00 00 14 00 00 00 14 00 00 00 ff ff 00 00 00 01 02 00 00 c0 00 00 2a
19:33:22.684       	00 00 49 5f 09 00 00 00 14 00 00 00 14 00 00 00 ff ff 00 00 01 01 02 00 c0
19:33:22.686       	00 00 9f ff 32 00 00 00 14 00 00 00 14 00 00 00 ff ff 00 00 01 01 02 00 62 28 82 02 78 21 83 02 3f 00 a5 06 80 01 71 87 01 01 8a 01 05 ab 0b 80 01 87 a4 06 83 01 0a 95 01 08 c6 06 90 01 00 83 01 01
19:33:22.686       	00 00 49 5f 0a 00 00 00 14 00 00 00 14 00 00 00 ff ff 00 00 01 01 02 00 90 00
19:33:22.687       	00 00 49 5f 0d 00 00 00 14 00 00 00 14 00 00 00 ff ff 00 00 00 01 02 00 00 a4 00 04 02
19:33:22.687       	00 00 49 5f 09 00 00 00 14 00 00 00 14 00 00 00 ff ff 00 00 01 01 02 00 a4
19:33:22.688       	00 00 49 5f 0a 00 00 00 14 00 00 00 14 00 00 00 ff ff 00 00 00 01 02 00 2f e2
19:33:22.689       	00 00 49 5f 0a 00 00 00 14 00 00 00 14 00 00 00 ff ff 00 00 01 01 02 00 6a 82
19:33:22.689       	00 00 49 5f 0d 00 00 00 14 00 00 00 14 00 00 00 ff ff 00 00 00 01 02 00 00 a4 00 04 02
19:33:22.690       	00 00 49 5f 09 00 00 00 14 00 00 00 14 00 00 00 ff ff 00 00 01 01 02 00 a4
19:33:22.690       	00 00 49 5f 0a 00 00 00 14 00 00 00 14 00 00 00 ff ff 00 00 00 01 02 00 3f 00
19:33:22.691       	00 00 49 5f 0a 00 00 00 14 00 00 00 14 00 00 00 ff ff 00 00 01 01 02 00 61 2a
19:33:22.691       	00 00 49 5f 0d 00 00 00 14 00 00 00 14 00 00 00 ff ff 00 00 00 01 02 00 00 c0 00 00 2a
19:33:22.692       	00 00 49 5f 09 00 00 00 14 00 00 00 14 00 00 00 ff ff 00 00 01 01 02 00 c0
19:33:22.694       	00 00 9f ff 32 00 00 00 14 00 00 00 14 00 00 00 ff ff 00 00 01 01 02 00 62 28 82 02 78 21 83 02 3f 00 a5 06 80 01 71 87 01 01 8a 01 05 ab 0b 80 01 87 a4 06 83 01 0a 95 01 08 c6 06 90 01 00 83 01 01
19:33:22.694       	00 00 49 5f 0a 00 00 00 14 00 00 00 14 00 00 00 ff ff 00 00 01 01 02 00 90 00
19:33:22.695       	00 00 49 5f 0d 00 00 00 14 00 00 00 14 00 00 00 ff ff 00 00 00 01 02 00 00 b0 82 00 0a
19:33:22.696       	00 00 49 5f 0a 00 00 00 14 00 00 00 14 00 00 00 ff ff 00 00 01 01 02 00 6a 82
19:33:22.696       	00 00 49 5f 0d 00 00 00 14 00 00 00 14 00 00 00 ff ff 00 00 00 01 02 00 00 b0 82 00 0a
19:33:22.697       	00 00 49 5f 0a 00 00 00 14 00 00 00 14 00 00 00 ff ff 00 00 01 01 02 00 6a 82
19:33:22.698       	00 00 49 5f 0d 00 00 00 14 00 00 00 14 00 00 00 ff ff 00 00 00 01 02 00 00 a4 08 04 02
19:33:22.698       	00 00 49 5f 09 00 00 00 14 00 00 00 14 00 00 00 ff ff 00 00 01 01 02 00 a4
19:33:22.699       	00 00 49 5f 0a 00 00 00 14 00 00 00 14 00 00 00 ff ff 00 00 00 01 02 00 2f 05
19:33:22.699       	00 00 49 5f 0a 00 00 00 14 00 00 00 14 00 00 00 ff ff 00 00 01 01 02 00 6a 82
19:33:22.700       	00 00 49 5f 0d 00 00 00 14 00 00 00 14 00 00 00 ff ff 00 00 00 01 02 00 00 a4 00 04 02
19:33:22.701       	00 00 49 5f 09 00 00 00 14 00 00 00 14 00 00 00 ff ff 00 00 01 01 02 00 a4
19:33:22.701       	00 00 49 5f 0a 00 00 00 14 00 00 00 14 00 00 00 ff ff 00 00 00 01 02 00 3f 00
19:33:22.702       	00 00 49 5f 0a 00 00 00 14 00 00 00 14 00 00 00 ff ff 00 00 01 01 02 00 61 2a
19:33:22.702       	00 00 49 5f 0d 00 00 00 14 00 00 00 14 00 00 00 ff ff 00 00 00 01 02 00 00 c0 00 00 2a
19:33:22.703       	00 00 49 5f 09 00 00 00 14 00 00 00 14 00 00 00 ff ff 00 00 01 01 02 00 c0
19:33:22.705       	00 00 9f ff 32 00 00 00 14 00 00 00 14 00 00 00 ff ff 00 00 01 01 02 00 62 28 82 02 78 21 83 02 3f 00 a5 06 80 01 71 87 01 01 8a 01 05 ab 0b 80 01 87 a4 06 83 01 0a 95 01 08 c6 06 90 01 00 83 01 01
19:33:22.705       	00 00 49 5f 0a 00 00 00 14 00 00 00 14 00 00 00 ff ff 00 00 01 01 02 00 90 00
19:33:22.705       	00 00 49 5f 0d 00 00 00 14 00 00 00 14 00 00 00 ff ff 00 00 00 01 02 00 00 a4 00 04 02
19:33:22.706       	00 00 49 5f 09 00 00 00 14 00 00 00 14 00 00 00 ff ff 00 00 01 01 02 00 a4
19:33:22.706       	00 00 49 5f 0a 00 00 00 14 00 00 00 14 00 00 00 ff ff 00 00 00 01 02 00 2f 05
19:33:22.707       	00 00 49 5f 0a 00 00 00 14 00 00 00 14 00 00 00 ff ff 00 00 01 01 02 00 6a 82
19:33:22.708       	00 00 49 5f 0d 00 00 00 14 00 00 00 14 00 00 00 ff ff 00 00 00 01 02 00 80 10 00 00 1e
19:33:22.708       	00 00 49 5f 09 00 00 00 14 00 00 00 14 00 00 00 ff ff 00 00 01 01 02 00 10
19:33:22.709       	00 00 49 5f 26 00 00 00 14 00 00 00 14 00 00 00 ff ff 00 00 00 01 02 00 ff ff ff ff 5f dd 00 df ff 03 02 1f e2 00 00 00 c3 c9 00 00 00 00 40 00 50 00 00 00 00 08
19:33:22.813       	00 00 49 5f 0a 00 00 00 14 00 00 00 14 00 00 00 ff ff 00 00 01 01 02 00 91 0f
19:33:22.814       	00 00 49 5f 0d 00 00 00 14 00 00 00 14 00 00 00 ff ff 00 00 00 01 02 00 00 a4 08 04 02
19:33:22.814       	00 00 49 5f 09 00 00 00 14 00 00 00 14 00 00 00 ff ff 00 00 01 01 02 00 a4
19:33:22.815       	00 00 49 5f 0a 00 00 00 14 00 00 00 14 00 00 00 ff ff 00 00 00 01 02 00 2f 00
19:33:22.815       	00 00 49 5f 0a 00 00 00 14 00 00 00 14 00 00 00 ff ff 00 00 01 01 02 00 6a 82
19:33:22.816       	00 00 49 5f 0d 00 00 00 14 00 00 00 14 00 00 00 ff ff 00 00 00 01 02 00 00 a4 00 04 02
19:33:22.816       	00 00 49 5f 09 00 00 00 14 00 00 00 14 00 00 00 ff ff 00 00 01 01 02 00 a4
19:33:22.817       	00 00 49 5f 0a 00 00 00 14 00 00 00 14 00 00 00 ff ff 00 00 00 01 02 00 3f 00
19:33:22.817       	00 00 49 5f 0a 00 00 00 14 00 00 00 14 00 00 00 ff ff 00 00 01 01 02 00 61 2a
19:33:22.818       	00 00 49 5f 0d 00 00 00 14 00 00 00 14 00 00 00 ff ff 00 00 00 01 02 00 00 c0 00 00 2a
19:33:22.818       	00 00 49 5f 09 00 00 00 14 00 00 00 14 00 00 00 ff ff 00 00 01 01 02 00 c0
19:33:22.820       	00 00 9f ff 32 00 00 00 14 00 00 00 14 00 00 00 ff ff 00 00 01 01 02 00 62 28 82 02 78 21 83 02 3f 00 a5 06 80 01 71 87 01 01 8a 01 05 ab 0b 80 01 87 a4 06 83 01 0a 95 01 08 c6 06 90 01 00 83 01 01
19:33:22.821       	00 00 49 5f 0a 00 00 00 14 00 00 00 14 00 00 00 ff ff 00 00 01 01 02 00 91 0f
19:33:22.821       	00 00 49 5f 0d 00 00 00 14 00 00 00 14 00 00 00 ff ff 00 00 00 01 02 00 00 a4 00 04 02
19:33:22.822       	00 00 49 5f 09 00 00 00 14 00 00 00 14 00 00 00 ff ff 00 00 01 01 02 00 a4
19:33:22.822       	00 00 49 5f 0a 00 00 00 14 00 00 00 14 00 00 00 ff ff 00 00 00 01 02 00 2f 00
19:33:22.823       	00 00 49 5f 0a 00 00 00 14 00 00 00 14 00 00 00 ff ff 00 00 01 01 02 00 6a 82
19:33:22.927       	00 00 49 5f 1e 00 00 00 14 00 00 00 14 00 00 00 ff ff 00 00 01 01 00 00 3b 9f 96 80 3f c7 83 80 31 e0 73 f6 21 13 67 56 07 58 e0 24 04 10
19:33:23.033       	00 00 49 5f 0d 00 00 00 14 00 00 00 14 00 00 00 ff ff 00 00 00 01 00 00 80 7c 04 00 09
19:33:23.097       	00 00 49 5f 09 00 00 00 14 00 00 00 14 00 00 00 ff ff 00 00 01 01 00 00 7c
19:33:23.097       	00 00 49 5f 11 00 00 00 14 00 00 00 14 00 00 00 ff ff 00 00 00 01 00 00 80 01 02 90 01 01 91 01 02
19:33:23.103       	00 00 49 5f 0a 00 00 00 14 00 00 00 14 00 00 00 ff ff 00 00 01 01 00 00 61 0a
19:33:23.103       	00 00 49 5f 0d 00 00 00 14 00 00 00 14 00 00 00 ff ff 00 00 00 01 00 00 00 c0 00 00 0a
19:33:23.104       	00 00 49 5f 09 00 00 00 14 00 00 00 14 00 00 00 ff ff 00 00 01 01 00 00 c0
19:33:23.104       	00 00 49 5f 12 00 00 00 14 00 00 00 14 00 00 00 ff ff 00 00 01 01 00 00 80 01 02 90 02 01 01 91 01 02
19:33:23.104       	00 00 49 5f 0a 00 00 00 14 00 00 00 14 00 00 00 ff ff 00 00 01 01 00 00 90 00
19:33:23.105       	00 00 49 5f 0d 00 00 00 14 00 00 00 14 00 00 00 ff ff 00 00 00 01 00 00 00 a4 00 04 02
19:33:23.105       	00 00 49 5f 09 00 00 00 14 00 00 00 14 00 00 00 ff ff 00 00 01 01 00 00 a4
19:33:23.106       	00 00 49 5f 0a 00 00 00 14 00 00 00 14 00 00 00 ff ff 00 00 00 01 00 00 3f 00
19:33:23.110       	00 00 49 5f 0a 00 00 00 14 00 00 00 14 00 00 00 ff ff 00 00 01 01 00 00 61 2a
19:33:23.111       	00 00 49 5f 0d 00 00 00 14 00 00 00 14 00 00 00 ff ff 00 00 00 01 00 00 00 c0 00 00 2a
19:33:23.111       	00 00 49 5f 09 00 00 00 14 00 00 00 14 00 00 00 ff ff 00 00 01 01 00 00 c0
19:33:23.113       	00 00 9f ff 32 00 00 00 14 00 00 00 14 00 00 00 ff ff 00 00 01 01 00 00 62 28 82 02 78 21 83 02 3f 00 a5 06 80 01 71 87 01 01 8a 01 05 ab 0b 80 01 87 a4 06 83 01 0a 95 01 08 c6 06 90 01 00 83 01 01
19:33:23.113       	00 00 49 5f 0a 00 00 00 14 00 00 00 14 00 00 00 ff ff 00 00 01 01 00 00 90 00
19:33:23.114       	00 00 49 5f 0d 00 00 00 14 00 00 00 14 00 00 00 ff ff 00 00 00 01 00 00 80 aa 00 00 08
19:33:23.114       	00 00 49 5f 09 00 00 00 14 00 00 00 14 00 00 00 ff ff 00 00 01 01 00 00 aa
19:33:23.115       	00 00 49 5f 10 00 00 00 14 00 00 00 14 00 00 00 ff ff 00 00 00 01 00 00 a9 06 82 01 01 83 01 07
19:33:23.120       	00 00 49 5f 0a 00 00 00 14 00 00 00 14 00 00 00 ff ff 00 00 01 01 00 00 90 00
19:33:23.120       	00 00 49 5f 0d 00 00 00 14 00 00 00 14 00 00 00 ff ff 00 00 00 01 00 00 80 10 00 00 1e
19:33:23.121       	00 00 49 5f 09 00 00 00 14 00 00 00 14 00 00 00 ff ff 00 00 01 01 00 00 10
19:33:23.122       	00 00 49 5f 26 00 00 00 14 00 00 00 14 00 00 00 ff ff 00 00 00 01 00 00 00 00 80 00 00 00 00 00 00 00 00 00 00 00 00 00 00 00 00 00 00 00 00 00 00 00 00 00 00 00
19:33:23.219       	00 00 49 5f 0a 00 00 00 14 00 00 00 14 00 00 00 ff ff 00 00 01 01 00 00 90 00
19:33:23.219       	00 00 49 5f 0d 00 00 00 14 00 00 00 14 00 00 00 ff ff 00 00 00 01 00 00 80 7c 00 02 00
19:33:23.220       	00 00 49 5f 0a 00 00 00 14 00 00 00 14 00 00 00 ff ff 00 00 01 01 00 00 90 00
19:33:23.221       	00 00 49 5f 0d 00 00 00 14 00 00 00 14 00 00 00 ff ff 00 00 00 01 02 00 00 a4 00 04 02
19:33:23.221       	00 00 49 5f 09 00 00 00 14 00 00 00 14 00 00 00 ff ff 00 00 01 01 02 00 a4
19:33:23.222       	00 00 49 5f 0a 00 00 00 14 00 00 00 14 00 00 00 ff ff 00 00 00 01 02 00 3f 00
19:33:23.223       	00 00 49 5f 0a 00 00 00 14 00 00 00 14 00 00 00 ff ff 00 00 01 01 02 00 61 2a
19:33:23.223       	00 00 49 5f 0d 00 00 00 14 00 00 00 14 00 00 00 ff ff 00 00 00 01 02 00 00 c0 00 00 2a
19:33:23.223       	00 00 49 5f 09 00 00 00 14 00 00 00 14 00 00 00 ff ff 00 00 01 01 02 00 c0
19:33:23.226       	00 00 0b 00 32 00 00 00 14 00 00 00 14 00 00 00 ff ff 00 00 01 01 02 00 62 28 82 02 78 21 83 02 3f 00 a5 06 80 01 71 87 01 01 8a 01 05 ab 0b 80 01 87 a4 06 83 01 0a 95 01 08 c6 06 90 01 00 83 01 01
19:33:23.226       	00 00 49 5f 0a 00 00 00 14 00 00 00 14 00 00 00 ff ff 00 00 01 01 02 00 90 00
19:33:23.226       	00 00 49 5f 0d 00 00 00 14 00 00 00 14 00 00 00 ff ff 00 00 00 01 02 00 80 aa 00 00 08
19:33:23.227       	00 00 49 5f 09 00 00 00 14 00 00 00 14 00 00 00 ff ff 00 00 01 01 02 00 aa
19:33:23.227       	00 00 49 5f 10 00 00 00 14 00 00 00 14 00 00 00 ff ff 00 00 00 01 02 00 a9 06 82 01 01 83 01 07
19:33:23.232       	00 00 49 5f 0a 00 00 00 14 00 00 00 14 00 00 00 ff ff 00 00 01 01 02 00 90 00
19:33:23.233       	00 00 49 5f 0d 00 00 00 14 00 00 00 14 00 00 00 ff ff 00 00 00 01 02 00 00 a4 08 04 02
19:33:23.233       	00 00 49 5f 09 00 00 00 14 00 00 00 14 00 00 00 ff ff 00 00 01 01 02 00 a4
19:33:23.234       	00 00 49 5f 0a 00 00 00 14 00 00 00 14 00 00 00 ff ff 00 00 00 01 02 00 2f e2
19:33:23.235       	00 00 49 5f 0a 00 00 00 14 00 00 00 14 00 00 00 ff ff 00 00 01 01 02 00 6a 82
19:33:23.235       	00 00 49 5f 0d 00 00 00 14 00 00 00 14 00 00 00 ff ff 00 00 00 01 02 00 00 a4 00 04 02
19:33:23.236       	00 00 49 5f 09 00 00 00 14 00 00 00 14 00 00 00 ff ff 00 00 01 01 02 00 a4
19:33:23.236       	00 00 49 5f 0a 00 00 00 14 00 00 00 14 00 00 00 ff ff 00 00 00 01 02 00 3f 00
19:33:23.237       	00 00 49 5f 0a 00 00 00 14 00 00 00 14 00 00 00 ff ff 00 00 01 01 02 00 61 2a
19:33:23.237       	00 00 49 5f 0d 00 00 00 14 00 00 00 14 00 00 00 ff ff 00 00 00 01 02 00 00 c0 00 00 2a
19:33:23.238       	00 00 49 5f 09 00 00 00 14 00 00 00 14 00 00 00 ff ff 00 00 01 01 02 00 c0
19:33:23.240       	00 00 0b 00 32 00 00 00 14 00 00 00 14 00 00 00 ff ff 00 00 01 01 02 00 62 28 82 02 78 21 83 02 3f 00 a5 06 80 01 71 87 01 01 8a 01 05 ab 0b 80 01 87 a4 06 83 01 0a 95 01 08 c6 06 90 01 00 83 01 01
19:33:23.240       	00 00 49 5f 0a 00 00 00 14 00 00 00 14 00 00 00 ff ff 00 00 01 01 02 00 90 00
19:33:23.241       	00 00 49 5f 0d 00 00 00 14 00 00 00 14 00 00 00 ff ff 00 00 00 01 02 00 00 a4 00 04 02
19:33:23.241       	00 00 49 5f 09 00 00 00 14 00 00 00 14 00 00 00 ff ff 00 00 01 01 02 00 a4
19:33:23.242       	00 00 49 5f 0a 00 00 00 14 00 00 00 14 00 00 00 ff ff 00 00 00 01 02 00 2f e2
19:33:23.242       	00 00 49 5f 0a 00 00 00 14 00 00 00 14 00 00 00 ff ff 00 00 01 01 02 00 6a 82
19:33:23.243       	00 00 49 5f 0d 00 00 00 14 00 00 00 14 00 00 00 ff ff 00 00 00 01 02 00 00 a4 00 04 02
19:33:23.243       	00 00 49 5f 09 00 00 00 14 00 00 00 14 00 00 00 ff ff 00 00 01 01 02 00 a4
19:33:23.244       	00 00 49 5f 0a 00 00 00 14 00 00 00 14 00 00 00 ff ff 00 00 00 01 02 00 3f 00
19:33:23.245       	00 00 49 5f 0a 00 00 00 14 00 00 00 14 00 00 00 ff ff 00 00 01 01 02 00 61 2a
19:33:23.245       	00 00 49 5f 0d 00 00 00 14 00 00 00 14 00 00 00 ff ff 00 00 00 01 02 00 00 c0 00 00 2a
19:33:23.245       	00 00 49 5f 09 00 00 00 14 00 00 00 14 00 00 00 ff ff 00 00 01 01 02 00 c0
19:33:23.248       	00 00 0b 00 32 00 00 00 14 00 00 00 14 00 00 00 ff ff 00 00 01 01 02 00 62 28 82 02 78 21 83 02 3f 00 a5 06 80 01 71 87 01 01 8a 01 05 ab 0b 80 01 87 a4 06 83 01 0a 95 01 08 c6 06 90 01 00 83 01 01
19:33:23.248       	00 00 49 5f 0a 00 00 00 14 00 00 00 14 00 00 00 ff ff 00 00 01 01 02 00 90 00
19:33:23.248       	00 00 49 5f 0d 00 00 00 14 00 00 00 14 00 00 00 ff ff 00 00 00 01 02 00 00 b0 82 00 0a
19:33:23.249       	00 00 49 5f 0a 00 00 00 14 00 00 00 14 00 00 00 ff ff 00 00 01 01 02 00 6a 82
19:33:23.250       	00 00 49 5f 0d 00 00 00 14 00 00 00 14 00 00 00 ff ff 00 00 00 01 02 00 00 b0 82 00 0a
19:33:23.251       	00 00 49 5f 0a 00 00 00 14 00 00 00 14 00 00 00 ff ff 00 00 01 01 02 00 6a 82
19:33:23.251       	00 00 49 5f 0d 00 00 00 14 00 00 00 14 00 00 00 ff ff 00 00 00 01 02 00 00 a4 08 04 02
19:33:23.252       	00 00 49 5f 09 00 00 00 14 00 00 00 14 00 00 00 ff ff 00 00 01 01 02 00 a4
19:33:23.252       	00 00 49 5f 0a 00 00 00 14 00 00 00 14 00 00 00 ff ff 00 00 00 01 02 00 2f 05
19:33:23.253       	00 00 49 5f 0a 00 00 00 14 00 00 00 14 00 00 00 ff ff 00 00 01 01 02 00 6a 82
19:33:23.254       	00 00 49 5f 0d 00 00 00 14 00 00 00 14 00 00 00 ff ff 00 00 00 01 02 00 00 a4 00 04 02
19:33:23.254       	00 00 49 5f 09 00 00 00 14 00 00 00 14 00 00 00 ff ff 00 00 01 01 02 00 a4
19:33:23.255       	00 00 49 5f 0a 00 00 00 14 00 00 00 14 00 00 00 ff ff 00 00 00 01 02 00 3f 00
19:33:23.255       	00 00 49 5f 0a 00 00 00 14 00 00 00 14 00 00 00 ff ff 00 00 01 01 02 00 61 2a
19:33:23.256       	00 00 49 5f 0d 00 00 00 14 00 00 00 14 00 00 00 ff ff 00 00 00 01 02 00 00 c0 00 00 2a
19:33:23.256       	00 00 49 5f 09 00 00 00 14 00 00 00 14 00 00 00 ff ff 00 00 01 01 02 00 c0
19:33:23.259       	00 00 0b 00 32 00 00 00 14 00 00 00 14 00 00 00 ff ff 00 00 01 01 02 00 62 28 82 02 78 21 83 02 3f 00 a5 06 80 01 71 87 01 01 8a 01 05 ab 0b 80 01 87 a4 06 83 01 0a 95 01 08 c6 06 90 01 00 83 01 01
19:33:23.259       	00 00 49 5f 0a 00 00 00 14 00 00 00 14 00 00 00 ff ff 00 00 01 01 02 00 90 00
19:33:23.259       	00 00 49 5f 0d 00 00 00 14 00 00 00 14 00 00 00 ff ff 00 00 00 01 02 00 00 a4 00 04 02
19:33:23.260       	00 00 49 5f 09 00 00 00 14 00 00 00 14 00 00 00 ff ff 00 00 01 01 02 00 a4
19:33:23.260       	00 00 49 5f 0a 00 00 00 14 00 00 00 14 00 00 00 ff ff 00 00 00 01 02 00 2f 05
19:33:23.261       	00 00 49 5f 0a 00 00 00 14 00 00 00 14 00 00 00 ff ff 00 00 01 01 02 00 6a 82
19:33:23.262       	00 00 49 5f 0d 00 00 00 14 00 00 00 14 00 00 00 ff ff 00 00 00 01 02 00 80 10 00 00 1e
19:33:23.262       	00 00 49 5f 09 00 00 00 14 00 00 00 14 00 00 00 ff ff 00 00 01 01 02 00 10
19:33:23.263       	00 00 49 5f 26 00 00 00 14 00 00 00 14 00 00 00 ff ff 00 00 00 01 02 00 ff ff ff ff 5f dd 00 df ff 03 02 1f e2 00 00 00 c3 c9 00 00 00 00 40 00 50 00 00 00 00 08
19:33:23.367       	00 00 49 5f 0a 00 00 00 14 00 00 00 14 00 00 00 ff ff 00 00 01 01 02 00 91 0f
19:33:23.367       	00 00 49 5f 0d 00 00 00 14 00 00 00 14 00 00 00 ff ff 00 00 00 01 02 00 00 a4 08 04 02
19:33:23.368       	00 00 49 5f 09 00 00 00 14 00 00 00 14 00 00 00 ff ff 00 00 01 01 02 00 a4
19:33:23.369       	00 00 49 5f 0a 00 00 00 14 00 00 00 14 00 00 00 ff ff 00 00 00 01 02 00 2f 00
19:33:23.369       	00 00 49 5f 0a 00 00 00 14 00 00 00 14 00 00 00 ff ff 00 00 01 01 02 00 6a 82
19:33:23.370       	00 00 49 5f 0d 00 00 00 14 00 00 00 14 00 00 00 ff ff 00 00 00 01 02 00 00 a4 00 04 02
19:33:23.370       	00 00 49 5f 09 00 00 00 14 00 00 00 14 00 00 00 ff ff 00 00 01 01 02 00 a4
19:33:23.371       	00 00 49 5f 0a 00 00 00 14 00 00 00 14 00 00 00 ff ff 00 00 00 01 02 00 3f 00
19:33:23.371       	00 00 49 5f 0a 00 00 00 14 00 00 00 14 00 00 00 ff ff 00 00 01 01 02 00 61 2a
19:33:23.372       	00 00 49 5f 0d 00 00 00 14 00 00 00 14 00 00 00 ff ff 00 00 00 01 02 00 00 c0 00 00 2a
19:33:23.372       	00 00 49 5f 09 00 00 00 14 00 00 00 14 00 00 00 ff ff 00 00 01 01 02 00 c0
19:33:23.374       	00 00 0b 00 32 00 00 00 14 00 00 00 14 00 00 00 ff ff 00 00 01 01 02 00 62 28 82 02 78 21 83 02 3f 00 a5 06 80 01 71 87 01 01 8a 01 05 ab 0b 80 01 87 a4 06 83 01 0a 95 01 08 c6 06 90 01 00 83 01 01
19:33:23.374       	00 00 49 5f 0a 00 00 00 14 00 00 00 14 00 00 00 ff ff 00 00 01 01 02 00 91 0f
19:33:23.375       	00 00 49 5f 0d 00 00 00 14 00 00 00 14 00 00 00 ff ff 00 00 00 01 02 00 00 a4 00 04 02
19:33:23.376       	00 00 49 5f 09 00 00 00 14 00 00 00 14 00 00 00 ff ff 00 00 01 01 02 00 a4
19:33:23.376       	00 00 49 5f 0a 00 00 00 14 00 00 00 14 00 00 00 ff ff 00 00 00 01 02 00 2f 00
19:33:23.377       	00 00 49 5f 0a 00 00 00 14 00 00 00 14 00 00 00 ff ff 00 00 01 01 02 00 6a 82
19:33:23.378       	00 00 49 5f 0d 00 00 00 14 00 00 00 14 00 00 00 ff ff 00 00 00 01 02 00 80 12 00 00 0f
19:33:23.378       	00 00 49 5f 09 00 00 00 14 00 00 00 14 00 00 00 ff ff 00 00 01 01 02 00 12
19:33:23.379       	00 00 49 5f 17 00 00 00 14 00 00 00 14 00 00 00 ff ff 00 00 01 01 02 00 d0 0d 81 03 01 05 00 82 02 81 82 99 02 09 0a
19:33:23.379       	00 00 49 5f 0a 00 00 00 14 00 00 00 14 00 00 00 ff ff 00 00 01 01 02 00 90 00
19:33:23.382       	00 00 49 5f 0d 00 00 00 14 00 00 00 14 00 00 00 ff ff 00 00 00 01 02 00 80 14 00 00 0c
19:33:23.382       	00 00 49 5f 09 00 00 00 14 00 00 00 14 00 00 00 ff ff 00 00 01 01 02 00 14
19:33:23.383       	00 00 49 5f 14 00 00 00 14 00 00 00 14 00 00 00 ff ff 00 00 00 01 02 00 81 03 01 05 00 02 02 82 81 83 01 00
19:33:23.385       	00 00 49 5f 0a 00 00 00 14 00 00 00 14 00 00 00 ff ff 00 00 01 01 02 00 91 0f
19:33:23.385       	00 00 49 5f 0d 00 00 00 14 00 00 00 14 00 00 00 ff ff 00 00 00 01 02 00 80 12 00 00 0f
19:33:23.386       	00 00 49 5f 09 00 00 00 14 00 00 00 14 00 00 00 ff ff 00 00 01 01 02 00 12
19:33:23.387       	00 00 49 5f 17 00 00 00 14 00 00 00 14 00 00 00 ff ff 00 00 01 01 02 00 d0 0d 81 03 01 03 00 82 02 81 82 84 02 01 1e
19:33:23.387       	00 00 49 5f 0a 00 00 00 14 00 00 00 14 00 00 00 ff ff 00 00 01 01 02 00 90 00
19:33:23.388       	00 00 49 5f 0d 00 00 00 14 00 00 00 14 00 00 00 ff ff 00 00 00 01 02 00 80 14 00 00 10
19:33:23.389       	00 00 49 5f 09 00 00 00 14 00 00 00 14 00 00 00 ff ff 00 00 01 01 02 00 14
19:33:23.390       	00 00 49 5f 18 00 00 00 14 00 00 00 14 00 00 00 ff ff 00 00 00 01 02 00 81 03 01 03 00 02 02 82 81 83 01 00 84 02 01 1e
19:33:23.401       	00 00 49 5f 0a 00 00 00 14 00 00 00 14 00 00 00 ff ff 00 00 01 01 02 00 90 00
19:33:24.430       	00 00 49 5f 0d 00 00 00 14 00 00 00 14 00 00 00 ff ff 00 00 00 01 02 00 80 7c 00 00 00
19:33:24.431       	00 00 49 5f 0a 00 00 00 14 00 00 00 14 00 00 00 ff ff 00 00 01 01 02 00 90 00
19:33:24.432       	00 00 49 5f 0d 00 00 00 14 00 00 00 14 00 00 00 ff ff 00 00 00 01 00 00 00 70 00 00 01
19:33:24.432       	00 00 49 5f 09 00 00 00 14 00 00 00 14 00 00 00 ff ff 00 00 01 01 00 00 70
19:33:24.432       	00 00 49 5f 09 00 00 00 14 00 00 00 14 00 00 00 ff ff 00 00 01 01 00 00 01
19:33:24.432       	00 00 49 5f 0a 00 00 00 14 00 00 00 14 00 00 00 ff ff 00 00 01 01 00 00 90 00
19:33:24.433       	00 00 49 5f 0d 00 00 00 14 00 00 00 14 00 00 00 ff ff 00 00 00 01 00 00 01 a4 04 00 10
19:33:24.433       	00 00 49 5f 09 00 00 00 14 00 00 00 14 00 00 00 ff ff 00 00 01 01 00 00 a4
19:33:24.434       	00 00 49 5f 18 00 00 00 14 00 00 00 14 00 00 00 ff ff 00 00 00 01 00 00 a0 00 00 05 59 10 10 ff ff ff ff 89 00 00 01 00
19:33:24.437       	00 00 49 5f 0a 00 00 00 14 00 00 00 14 00 00 00 ff ff 00 00 01 01 00 00 61 24
19:33:24.437       	00 00 49 5f 0d 00 00 00 14 00 00 00 14 00 00 00 ff ff 00 00 00 01 00 00 01 c0 00 00 24
19:33:24.438       	00 00 49 5f 09 00 00 00 14 00 00 00 14 00 00 00 ff ff 00 00 01 01 00 00 c0
19:33:24.440       	00 00 00 00 2c 00 00 00 14 00 00 00 14 00 00 00 ff ff 00 00 01 01 00 00 6f 22 84 10 a0 00 00 05 59 10 10 ff ff ff ff 89 00 00 01 00 a5 04 9f 65 01 ff e0 08 82 03 02 03 00 03 01 00
19:33:24.440       	00 00 49 5f 0a 00 00 00 14 00 00 00 14 00 00 00 ff ff 00 00 01 01 00 00 90 00
19:33:24.441       	00 00 49 5f 0d 00 00 00 14 00 00 00 14 00 00 00 ff ff 00 00 00 01 00 00 81 e2 91 00 06
19:33:24.442       	00 00 49 5f 09 00 00 00 14 00 00 00 14 00 00 00 ff ff 00 00 01 01 00 00 e2
19:33:24.443       	00 00 49 5f 0e 00 00 00 14 00 00 00 14 00 00 00 ff ff 00 00 00 01 00 00 bf 3e 03 5c 01 5a
19:33:24.443       	00 00 49 5f 0a 00 00 00 14 00 00 00 14 00 00 00 ff ff 00 00 01 01 00 00 61 15
19:33:24.444       	00 00 49 5f 0d 00 00 00 14 00 00 00 14 00 00 00 ff ff 00 00 00 01 00 00 01 c0 00 00 15
19:33:24.444       	00 00 49 5f 09 00 00 00 14 00 00 00 14 00 00 00 ff ff 00 00 01 01 00 00 c0
19:33:24.445       	00 00 49 5f 1d 00 00 00 14 00 00 00 14 00 00 00 ff ff 00 00 01 01 00 00 bf 3e 12 5a 10 89 03 40 11 02 44 00 00 00 00 00 00 13 43 39 40
19:33:24.446       	00 00 49 5f 0a 00 00 00 14 00 00 00 14 00 00 00 ff ff 00 00 01 01 00 00 90 00
19:33:24.447       	00 00 49 5f 0d 00 00 00 14 00 00 00 14 00 00 00 ff ff 00 00 00 01 00 00 00 70 80 01 00
19:33:24.448       	00 00 49 5f 0a 00 00 00 14 00 00 00 14 00 00 00 ff ff 00 00 01 01 00 00 90 00
19:33:24.457       	00 00 49 5f 0d 00 00 00 14 00 00 00 14 00 00 00 ff ff 00 00 00 01 00 00 80 7c 00 02 00
19:33:24.458       	00 00 49 5f 0a 00 00 00 14 00 00 00 14 00 00 00 ff ff 00 00 01 01 00 00 90 00
19:33:24.459       	00 00 49 5f 0d 00 00 00 14 00 00 00 14 00 00 00 ff ff 00 00 00 01 02 00 00 a4 08 04 02
19:33:24.459       	00 00 49 5f 09 00 00 00 14 00 00 00 14 00 00 00 ff ff 00 00 01 01 02 00 a4
19:33:24.460       	00 00 49 5f 0a 00 00 00 14 00 00 00 14 00 00 00 ff ff 00 00 00 01 02 00 2f e2
19:33:24.461       	00 00 49 5f 0a 00 00 00 14 00 00 00 14 00 00 00 ff ff 00 00 01 01 02 00 6a 82
19:33:24.461       	00 00 49 5f 0d 00 00 00 14 00 00 00 14 00 00 00 ff ff 00 00 00 01 02 00 00 a4 00 04 02
19:33:24.462       	00 00 49 5f 09 00 00 00 14 00 00 00 14 00 00 00 ff ff 00 00 01 01 02 00 a4
19:33:24.462       	00 00 49 5f 0a 00 00 00 14 00 00 00 14 00 00 00 ff ff 00 00 00 01 02 00 3f 00
19:33:24.463       	00 00 49 5f 0a 00 00 00 14 00 00 00 14 00 00 00 ff ff 00 00 01 01 02 00 61 2a
19:33:24.463       	00 00 49 5f 0d 00 00 00 14 00 00 00 14 00 00 00 ff ff 00 00 00 01 02 00 00 c0 00 00 2a
19:33:24.464       	00 00 49 5f 09 00 00 00 14 00 00 00 14 00 00 00 ff ff 00 00 01 01 02 00 c0
19:33:24.466       	00 00 00 00 32 00 00 00 14 00 00 00 14 00 00 00 ff ff 00 00 01 01 02 00 62 28 82 02 78 21 83 02 3f 00 a5 06 80 01 71 87 01 01 8a 01 05 ab 0b 80 01 87 a4 06 83 01 0a 95 01 08 c6 06 90 01 00 83 01 01
19:33:24.466       	00 00 49 5f 0a 00 00 00 14 00 00 00 14 00 00 00 ff ff 00 00 01 01 02 00 90 00
19:33:24.467       	00 00 49 5f 0d 00 00 00 14 00 00 00 14 00 00 00 ff ff 00 00 00 01 02 00 00 a4 00 04 02
19:33:24.467       	00 00 49 5f 09 00 00 00 14 00 00 00 14 00 00 00 ff ff 00 00 01 01 02 00 a4
19:33:24.468       	00 00 49 5f 0a 00 00 00 14 00 00 00 14 00 00 00 ff ff 00 00 00 01 02 00 2f e2
19:33:24.468       	00 00 49 5f 0a 00 00 00 14 00 00 00 14 00 00 00 ff ff 00 00 01 01 02 00 6a 82
19:33:24.469       	00 00 49 5f 0d 00 00 00 14 00 00 00 14 00 00 00 ff ff 00 00 00 01 02 00 00 a4 00 04 02
19:33:24.469       	00 00 49 5f 09 00 00 00 14 00 00 00 14 00 00 00 ff ff 00 00 01 01 02 00 a4
19:33:24.470       	00 00 49 5f 0a 00 00 00 14 00 00 00 14 00 00 00 ff ff 00 00 00 01 02 00 3f 00
19:33:24.470       	00 00 49 5f 0a 00 00 00 14 00 00 00 14 00 00 00 ff ff 00 00 01 01 02 00 61 2a
19:33:24.471       	00 00 49 5f 0d 00 00 00 14 00 00 00 14 00 00 00 ff ff 00 00 00 01 02 00 00 c0 00 00 2a
19:33:24.471       	00 00 49 5f 09 00 00 00 14 00 00 00 14 00 00 00 ff ff 00 00 01 01 02 00 c0
19:33:24.474       	00 00 00 00 32 00 00 00 14 00 00 00 14 00 00 00 ff ff 00 00 01 01 02 00 62 28 82 02 78 21 83 02 3f 00 a5 06 80 01 71 87 01 01 8a 01 05 ab 0b 80 01 87 a4 06 83 01 0a 95 01 08 c6 06 90 01 00 83 01 01
19:33:24.474       	00 00 49 5f 0a 00 00 00 14 00 00 00 14 00 00 00 ff ff 00 00 01 01 02 00 90 00
19:33:24.474       	00 00 49 5f 0d 00 00 00 14 00 00 00 14 00 00 00 ff ff 00 00 00 01 02 00 00 b0 82 00 0a
19:33:24.475       	00 00 49 5f 0a 00 00 00 14 00 00 00 14 00 00 00 ff ff 00 00 01 01 02 00 6a 82
19:33:24.476       	00 00 49 5f 0d 00 00 00 14 00 00 00 14 00 00 00 ff ff 00 00 00 01 02 00 00 b0 82 00 0a
19:33:24.477       	00 00 49 5f 0a 00 00 00 14 00 00 00 14 00 00 00 ff ff 00 00 01 01 02 00 6a 82
19:33:24.477       	00 00 49 5f 0d 00 00 00 14 00 00 00 14 00 00 00 ff ff 00 00 00 01 02 00 00 a4 08 04 02
19:33:24.478       	00 00 49 5f 09 00 00 00 14 00 00 00 14 00 00 00 ff ff 00 00 01 01 02 00 a4
19:33:24.478       	00 00 49 5f 0a 00 00 00 14 00 00 00 14 00 00 00 ff ff 00 00 00 01 02 00 2f e2
19:33:24.479       	00 00 49 5f 0a 00 00 00 14 00 00 00 14 00 00 00 ff ff 00 00 01 01 02 00 6a 82
19:33:24.480       	00 00 49 5f 0d 00 00 00 14 00 00 00 14 00 00 00 ff ff 00 00 00 01 02 00 00 a4 00 04 02
19:33:24.480       	00 00 49 5f 09 00 00 00 14 00 00 00 14 00 00 00 ff ff 00 00 01 01 02 00 a4
19:33:24.481       	00 00 49 5f 0a 00 00 00 14 00 00 00 14 00 00 00 ff ff 00 00 00 01 02 00 3f 00
19:33:24.481       	00 00 49 5f 0a 00 00 00 14 00 00 00 14 00 00 00 ff ff 00 00 01 01 02 00 61 2a
19:33:24.482       	00 00 49 5f 0d 00 00 00 14 00 00 00 14 00 00 00 ff ff 00 00 00 01 02 00 00 c0 00 00 2a
19:33:24.482       	00 00 49 5f 09 00 00 00 14 00 00 00 14 00 00 00 ff ff 00 00 01 01 02 00 c0
19:33:24.484       	00 00 00 00 32 00 00 00 14 00 00 00 14 00 00 00 ff ff 00 00 01 01 02 00 62 28 82 02 78 21 83 02 3f 00 a5 06 80 01 71 87 01 01 8a 01 05 ab 0b 80 01 87 a4 06 83 01 0a 95 01 08 c6 06 90 01 00 83 01 01
19:33:24.484       	00 00 49 5f 0a 00 00 00 14 00 00 00 14 00 00 00 ff ff 00 00 01 01 02 00 90 00
19:33:24.485       	00 00 49 5f 0d 00 00 00 14 00 00 00 14 00 00 00 ff ff 00 00 00 01 02 00 00 a4 00 04 02
19:33:24.486       	00 00 49 5f 09 00 00 00 14 00 00 00 14 00 00 00 ff ff 00 00 01 01 02 00 a4
19:33:24.486       	00 00 49 5f 0a 00 00 00 14 00 00 00 14 00 00 00 ff ff 00 00 00 01 02 00 2f e2
19:33:24.487       	00 00 49 5f 0a 00 00 00 14 00 00 00 14 00 00 00 ff ff 00 00 01 01 02 00 6a 82
19:33:24.487       	00 00 49 5f 0d 00 00 00 14 00 00 00 14 00 00 00 ff ff 00 00 00 01 02 00 00 a4 00 04 02
19:33:24.488       	00 00 49 5f 09 00 00 00 14 00 00 00 14 00 00 00 ff ff 00 00 01 01 02 00 a4
19:33:24.488       	00 00 49 5f 0a 00 00 00 14 00 00 00 14 00 00 00 ff ff 00 00 00 01 02 00 3f 00
19:33:24.489       	00 00 49 5f 0a 00 00 00 14 00 00 00 14 00 00 00 ff ff 00 00 01 01 02 00 61 2a
19:33:24.489       	00 00 49 5f 0d 00 00 00 14 00 00 00 14 00 00 00 ff ff 00 00 00 01 02 00 00 c0 00 00 2a
19:33:24.490       	00 00 49 5f 09 00 00 00 14 00 00 00 14 00 00 00 ff ff 00 00 01 01 02 00 c0
19:33:24.492       	00 00 00 00 32 00 00 00 14 00 00 00 14 00 00 00 ff ff 00 00 01 01 02 00 62 28 82 02 78 21 83 02 3f 00 a5 06 80 01 71 87 01 01 8a 01 05 ab 0b 80 01 87 a4 06 83 01 0a 95 01 08 c6 06 90 01 00 83 01 01
19:33:24.492       	00 00 49 5f 0a 00 00 00 14 00 00 00 14 00 00 00 ff ff 00 00 01 01 02 00 90 00
19:33:24.493       	00 00 49 5f 0d 00 00 00 14 00 00 00 14 00 00 00 ff ff 00 00 00 01 02 00 00 b0 82 00 0a
19:33:24.494       	00 00 49 5f 0a 00 00 00 14 00 00 00 14 00 00 00 ff ff 00 00 01 01 02 00 6a 82
19:33:24.494       	00 00 49 5f 0d 00 00 00 14 00 00 00 14 00 00 00 ff ff 00 00 00 01 02 00 00 b0 82 00 0a
19:33:24.495       	00 00 49 5f 0a 00 00 00 14 00 00 00 14 00 00 00 ff ff 00 00 01 01 02 00 6a 82
19:33:24.508       	00 00 49 5f 0d 00 00 00 14 00 00 00 14 00 00 00 ff ff 00 00 00 01 02 00 00 a4 08 04 02
19:33:24.509       	00 00 49 5f 09 00 00 00 14 00 00 00 14 00 00 00 ff ff 00 00 01 01 02 00 a4
19:33:24.509       	00 00 49 5f 0a 00 00 00 14 00 00 00 14 00 00 00 ff ff 00 00 00 01 02 00 2f e2
19:33:24.510       	00 00 49 5f 0a 00 00 00 14 00 00 00 14 00 00 00 ff ff 00 00 01 01 02 00 6a 82
19:33:24.510       	00 00 49 5f 0d 00 00 00 14 00 00 00 14 00 00 00 ff ff 00 00 00 01 02 00 00 a4 00 04 02
19:33:24.511       	00 00 49 5f 09 00 00 00 14 00 00 00 14 00 00 00 ff ff 00 00 01 01 02 00 a4
19:33:24.511       	00 00 49 5f 0a 00 00 00 14 00 00 00 14 00 00 00 ff ff 00 00 00 01 02 00 3f 00
19:33:24.512       	00 00 49 5f 0a 00 00 00 14 00 00 00 14 00 00 00 ff ff 00 00 01 01 02 00 61 2a
19:33:24.512       	00 00 49 5f 0d 00 00 00 14 00 00 00 14 00 00 00 ff ff 00 00 00 01 02 00 00 c0 00 00 2a
19:33:24.513       	00 00 49 5f 09 00 00 00 14 00 00 00 14 00 00 00 ff ff 00 00 01 01 02 00 c0
19:33:24.515       	00 00 00 00 32 00 00 00 14 00 00 00 14 00 00 00 ff ff 00 00 01 01 02 00 62 28 82 02 78 21 83 02 3f 00 a5 06 80 01 71 87 01 01 8a 01 05 ab 0b 80 01 87 a4 06 83 01 0a 95 01 08 c6 06 90 01 00 83 01 01
19:33:24.515       	00 00 49 5f 0a 00 00 00 14 00 00 00 14 00 00 00 ff ff 00 00 01 01 02 00 90 00
19:33:24.516       	00 00 49 5f 0d 00 00 00 14 00 00 00 14 00 00 00 ff ff 00 00 00 01 02 00 00 a4 00 04 02
19:33:24.516       	00 00 49 5f 09 00 00 00 14 00 00 00 14 00 00 00 ff ff 00 00 01 01 02 00 a4
19:33:24.517       	00 00 49 5f 0a 00 00 00 14 00 00 00 14 00 00 00 ff ff 00 00 00 01 02 00 2f e2
19:33:24.518       	00 00 49 5f 0a 00 00 00 14 00 00 00 14 00 00 00 ff ff 00 00 01 01 02 00 6a 82
19:33:24.518       	00 00 49 5f 0d 00 00 00 14 00 00 00 14 00 00 00 ff ff 00 00 00 01 02 00 00 a4 00 04 02
19:33:24.519       	00 00 49 5f 09 00 00 00 14 00 00 00 14 00 00 00 ff ff 00 00 01 01 02 00 a4
19:33:24.519       	00 00 49 5f 0a 00 00 00 14 00 00 00 14 00 00 00 ff ff 00 00 00 01 02 00 3f 00
19:33:24.520       	00 00 49 5f 0a 00 00 00 14 00 00 00 14 00 00 00 ff ff 00 00 01 01 02 00 61 2a
19:33:24.520       	00 00 49 5f 0d 00 00 00 14 00 00 00 14 00 00 00 ff ff 00 00 00 01 02 00 00 c0 00 00 2a
19:33:24.521       	00 00 49 5f 09 00 00 00 14 00 00 00 14 00 00 00 ff ff 00 00 01 01 02 00 c0
19:33:24.523       	00 00 00 00 32 00 00 00 14 00 00 00 14 00 00 00 ff ff 00 00 01 01 02 00 62 28 82 02 78 21 83 02 3f 00 a5 06 80 01 71 87 01 01 8a 01 05 ab 0b 80 01 87 a4 06 83 01 0a 95 01 08 c6 06 90 01 00 83 01 01
19:33:24.523       	00 00 49 5f 0a 00 00 00 14 00 00 00 14 00 00 00 ff ff 00 00 01 01 02 00 90 00
19:33:24.524       	00 00 49 5f 0d 00 00 00 14 00 00 00 14 00 00 00 ff ff 00 00 00 01 02 00 00 b0 82 00 0a
19:33:24.524       	00 00 49 5f 0a 00 00 00 14 00 00 00 14 00 00 00 ff ff 00 00 01 01 02 00 6a 82
19:33:24.525       	00 00 49 5f 0d 00 00 00 14 00 00 00 14 00 00 00 ff ff 00 00 00 01 02 00 00 b0 82 00 0a
19:33:24.526       	00 00 49 5f 0a 00 00 00 14 00 00 00 14 00 00 00 ff ff 00 00 01 01 02 00 6a 82
19:33:24.527       	00 00 49 5f 0d 00 00 00 14 00 00 00 14 00 00 00 ff ff 00 00 00 01 02 00 00 a4 08 04 02
19:33:24.527       	00 00 49 5f 09 00 00 00 14 00 00 00 14 00 00 00 ff ff 00 00 01 01 02 00 a4
19:33:24.528       	00 00 49 5f 0a 00 00 00 14 00 00 00 14 00 00 00 ff ff 00 00 00 01 02 00 2f e2
19:33:24.528       	00 00 49 5f 0a 00 00 00 14 00 00 00 14 00 00 00 ff ff 00 00 01 01 02 00 6a 82
19:33:24.529       	00 00 49 5f 0d 00 00 00 14 00 00 00 14 00 00 00 ff ff 00 00 00 01 02 00 00 a4 00 04 02
19:33:24.530       	00 00 49 5f 09 00 00 00 14 00 00 00 14 00 00 00 ff ff 00 00 01 01 02 00 a4
19:33:24.530       	00 00 49 5f 0a 00 00 00 14 00 00 00 14 00 00 00 ff ff 00 00 00 01 02 00 3f 00
19:33:24.531       	00 00 49 5f 0a 00 00 00 14 00 00 00 14 00 00 00 ff ff 00 00 01 01 02 00 61 2a
19:33:24.531       	00 00 49 5f 0d 00 00 00 14 00 00 00 14 00 00 00 ff ff 00 00 00 01 02 00 00 c0 00 00 2a
19:33:24.531       	00 00 49 5f 09 00 00 00 14 00 00 00 14 00 00 00 ff ff 00 00 01 01 02 00 c0
19:33:24.534       	00 00 00 00 32 00 00 00 14 00 00 00 14 00 00 00 ff ff 00 00 01 01 02 00 62 28 82 02 78 21 83 02 3f 00 a5 06 80 01 71 87 01 01 8a 01 05 ab 0b 80 01 87 a4 06 83 01 0a 95 01 08 c6 06 90 01 00 83 01 01
19:33:24.534       	00 00 49 5f 0a 00 00 00 14 00 00 00 14 00 00 00 ff ff 00 00 01 01 02 00 90 00
19:33:24.534       	00 00 49 5f 0d 00 00 00 14 00 00 00 14 00 00 00 ff ff 00 00 00 01 02 00 00 a4 00 04 02
19:33:24.535       	00 00 49 5f 09 00 00 00 14 00 00 00 14 00 00 00 ff ff 00 00 01 01 02 00 a4
19:33:24.535       	00 00 49 5f 0a 00 00 00 14 00 00 00 14 00 00 00 ff ff 00 00 00 01 02 00 2f e2
19:33:24.536       	00 00 49 5f 0a 00 00 00 14 00 00 00 14 00 00 00 ff ff 00 00 01 01 02 00 6a 82
19:33:24.537       	00 00 49 5f 0d 00 00 00 14 00 00 00 14 00 00 00 ff ff 00 00 00 01 02 00 00 a4 00 04 02
19:33:24.537       	00 00 49 5f 09 00 00 00 14 00 00 00 14 00 00 00 ff ff 00 00 01 01 02 00 a4
19:33:24.538       	00 00 49 5f 0a 00 00 00 14 00 00 00 14 00 00 00 ff ff 00 00 00 01 02 00 3f 00
19:33:24.538       	00 00 49 5f 0a 00 00 00 14 00 00 00 14 00 00 00 ff ff 00 00 01 01 02 00 61 2a
19:33:24.539       	00 00 49 5f 0d 00 00 00 14 00 00 00 14 00 00 00 ff ff 00 00 00 01 02 00 00 c0 00 00 2a
19:33:24.540       	00 00 49 5f 09 00 00 00 14 00 00 00 14 00 00 00 ff ff 00 00 01 01 02 00 c0
19:33:24.541       	00 00 00 00 32 00 00 00 14 00 00 00 14 00 00 00 ff ff 00 00 01 01 02 00 62 28 82 02 78 21 83 02 3f 00 a5 06 80 01 71 87 01 01 8a 01 05 ab 0b 80 01 87 a4 06 83 01 0a 95 01 08 c6 06 90 01 00 83 01 01
19:33:24.541       	00 00 49 5f 0a 00 00 00 14 00 00 00 14 00 00 00 ff ff 00 00 01 01 02 00 90 00
19:33:24.542       	00 00 49 5f 0d 00 00 00 14 00 00 00 14 00 00 00 ff ff 00 00 00 01 02 00 00 b0 82 00 0a
19:33:24.544       	00 00 00 00 0a 00 00 00 14 00 00 00 14 00 00 00 ff ff 00 00 01 01 02 00 6a 82
19:33:24.545       	00 00 49 5f 0d 00 00 00 14 00 00 00 14 00 00 00 ff ff 00 00 00 01 02 00 00 b0 82 00 0a
19:33:24.546       	00 00 49 5f 0a 00 00 00 14 00 00 00 14 00 00 00 ff ff 00 00 01 01 02 00 6a 82
19:33:25.530       	00 00 49 5f 0d 00 00 00 14 00 00 00 14 00 00 00 ff ff 00 00 00 01 02 00 00 a4 08 04 02
19:33:25.531       	00 00 49 5f 09 00 00 00 14 00 00 00 14 00 00 00 ff ff 00 00 01 01 02 00 a4
19:33:25.531       	00 00 49 5f 0a 00 00 00 14 00 00 00 14 00 00 00 ff ff 00 00 00 01 02 00 2f e2
19:33:25.532       	00 00 49 5f 0a 00 00 00 14 00 00 00 14 00 00 00 ff ff 00 00 01 01 02 00 6a 82
19:33:25.533       	00 00 49 5f 0d 00 00 00 14 00 00 00 14 00 00 00 ff ff 00 00 00 01 02 00 00 a4 00 04 02
19:33:25.533       	00 00 49 5f 09 00 00 00 14 00 00 00 14 00 00 00 ff ff 00 00 01 01 02 00 a4
19:33:25.534       	00 00 49 5f 0a 00 00 00 14 00 00 00 14 00 00 00 ff ff 00 00 00 01 02 00 3f 00
19:33:25.534       	00 00 49 5f 0a 00 00 00 14 00 00 00 14 00 00 00 ff ff 00 00 01 01 02 00 61 2a
19:33:25.535       	00 00 49 5f 0d 00 00 00 14 00 00 00 14 00 00 00 ff ff 00 00 00 01 02 00 00 c0 00 00 2a
19:33:25.535       	00 00 49 5f 09 00 00 00 14 00 00 00 14 00 00 00 ff ff 00 00 01 01 02 00 c0
19:33:25.537       	00 00 00 00 32 00 00 00 14 00 00 00 14 00 00 00 ff ff 00 00 01 01 02 00 62 28 82 02 78 21 83 02 3f 00 a5 06 80 01 71 87 01 01 8a 01 05 ab 0b 80 01 87 a4 06 83 01 0a 95 01 08 c6 06 90 01 00 83 01 01
19:33:25.537       	00 00 49 5f 0a 00 00 00 14 00 00 00 14 00 00 00 ff ff 00 00 01 01 02 00 90 00
19:33:25.538       	00 00 49 5f 0d 00 00 00 14 00 00 00 14 00 00 00 ff ff 00 00 00 01 02 00 00 a4 00 04 02
19:33:25.538       	00 00 49 5f 09 00 00 00 14 00 00 00 14 00 00 00 ff ff 00 00 01 01 02 00 a4
19:33:25.539       	00 00 49 5f 0a 00 00 00 14 00 00 00 14 00 00 00 ff ff 00 00 00 01 02 00 2f e2
19:33:25.540       	00 00 49 5f 0a 00 00 00 14 00 00 00 14 00 00 00 ff ff 00 00 01 01 02 00 6a 82
19:33:25.540       	00 00 49 5f 0d 00 00 00 14 00 00 00 14 00 00 00 ff ff 00 00 00 01 02 00 00 a4 00 04 02
19:33:25.541       	00 00 49 5f 09 00 00 00 14 00 00 00 14 00 00 00 ff ff 00 00 01 01 02 00 a4
19:33:25.541       	00 00 49 5f 0a 00 00 00 14 00 00 00 14 00 00 00 ff ff 00 00 00 01 02 00 3f 00
19:33:25.542       	00 00 49 5f 0a 00 00 00 14 00 00 00 14 00 00 00 ff ff 00 00 01 01 02 00 61 2a
19:33:25.542       	00 00 49 5f 0d 00 00 00 14 00 00 00 14 00 00 00 ff ff 00 00 00 01 02 00 00 c0 00 00 2a
19:33:25.543       	00 00 49 5f 09 00 00 00 14 00 00 00 14 00 00 00 ff ff 00 00 01 01 02 00 c0
19:33:25.545       	00 00 00 00 32 00 00 00 14 00 00 00 14 00 00 00 ff ff 00 00 01 01 02 00 62 28 82 02 78 21 83 02 3f 00 a5 06 80 01 71 87 01 01 8a 01 05 ab 0b 80 01 87 a4 06 83 01 0a 95 01 08 c6 06 90 01 00 83 01 01
19:33:25.545       	00 00 49 5f 0a 00 00 00 14 00 00 00 14 00 00 00 ff ff 00 00 01 01 02 00 90 00
19:33:25.546       	00 00 49 5f 0d 00 00 00 14 00 00 00 14 00 00 00 ff ff 00 00 00 01 02 00 00 b0 82 00 0a
19:33:25.547       	00 00 49 5f 0a 00 00 00 14 00 00 00 14 00 00 00 ff ff 00 00 01 01 02 00 6a 82
19:33:25.547       	00 00 49 5f 0d 00 00 00 14 00 00 00 14 00 00 00 ff ff 00 00 00 01 02 00 00 b0 82 00 0a
19:33:25.548       	00 00 49 5f 0a 00 00 00 14 00 00 00 14 00 00 00 ff ff 00 00 01 01 02 00 6a 82
19:33:25.549       	00 00 49 5f 0d 00 00 00 14 00 00 00 14 00 00 00 ff ff 00 00 00 01 02 00 00 a4 08 04 02
19:33:25.549       	00 00 49 5f 09 00 00 00 14 00 00 00 14 00 00 00 ff ff 00 00 01 01 02 00 a4
19:33:25.550       	00 00 49 5f 0a 00 00 00 14 00 00 00 14 00 00 00 ff ff 00 00 00 01 02 00 2f e2
19:33:25.550       	00 00 49 5f 0a 00 00 00 14 00 00 00 14 00 00 00 ff ff 00 00 01 01 02 00 6a 82
19:33:25.551       	00 00 49 5f 0d 00 00 00 14 00 00 00 14 00 00 00 ff ff 00 00 00 01 02 00 00 a4 00 04 02
19:33:25.552       	00 00 49 5f 09 00 00 00 14 00 00 00 14 00 00 00 ff ff 00 00 01 01 02 00 a4
19:33:25.552       	00 00 49 5f 0a 00 00 00 14 00 00 00 14 00 00 00 ff ff 00 00 00 01 02 00 3f 00
19:33:25.553       	00 00 49 5f 0a 00 00 00 14 00 00 00 14 00 00 00 ff ff 00 00 01 01 02 00 61 2a
19:33:25.553       	00 00 49 5f 0d 00 00 00 14 00 00 00 14 00 00 00 ff ff 00 00 00 01 02 00 00 c0 00 00 2a
19:33:25.554       	00 00 49 5f 09 00 00 00 14 00 00 00 14 00 00 00 ff ff 00 00 01 01 02 00 c0
19:33:25.556       	00 00 00 00 32 00 00 00 14 00 00 00 14 00 00 00 ff ff 00 00 01 01 02 00 62 28 82 02 78 21 83 02 3f 00 a5 06 80 01 71 87 01 01 8a 01 05 ab 0b 80 01 87 a4 06 83 01 0a 95 01 08 c6 06 90 01 00 83 01 01
19:33:25.556       	00 00 49 5f 0a 00 00 00 14 00 00 00 14 00 00 00 ff ff 00 00 01 01 02 00 90 00
19:33:25.556       	00 00 49 5f 0d 00 00 00 14 00 00 00 14 00 00 00 ff ff 00 00 00 01 02 00 00 a4 00 04 02
19:33:25.557       	00 00 49 5f 09 00 00 00 14 00 00 00 14 00 00 00 ff ff 00 00 01 01 02 00 a4
19:33:25.557       	00 00 49 5f 0a 00 00 00 14 00 00 00 14 00 00 00 ff ff 00 00 00 01 02 00 2f e2
19:33:25.558       	00 00 49 5f 0a 00 00 00 14 00 00 00 14 00 00 00 ff ff 00 00 01 01 02 00 6a 82
19:33:25.559       	00 00 49 5f 0d 00 00 00 14 00 00 00 14 00 00 00 ff ff 00 00 00 01 02 00 00 a4 00 04 02
19:33:25.559       	00 00 49 5f 09 00 00 00 14 00 00 00 14 00 00 00 ff ff 00 00 01 01 02 00 a4
19:33:25.560       	00 00 49 5f 0a 00 00 00 14 00 00 00 14 00 00 00 ff ff 00 00 00 01 02 00 3f 00
19:33:25.560       	00 00 49 5f 0a 00 00 00 14 00 00 00 14 00 00 00 ff ff 00 00 01 01 02 00 61 2a
19:33:25.561       	00 00 49 5f 0d 00 00 00 14 00 00 00 14 00 00 00 ff ff 00 00 00 01 02 00 00 c0 00 00 2a
19:33:25.561       	00 00 49 5f 09 00 00 00 14 00 00 00 14 00 00 00 ff ff 00 00 01 01 02 00 c0
19:33:25.563       	00 00 00 00 32 00 00 00 14 00 00 00 14 00 00 00 ff ff 00 00 01 01 02 00 62 28 82 02 78 21 83 02 3f 00 a5 06 80 01 71 87 01 01 8a 01 05 ab 0b 80 01 87 a4 06 83 01 0a 95 01 08 c6 06 90 01 00 83 01 01
19:33:25.563       	00 00 49 5f 0a 00 00 00 14 00 00 00 14 00 00 00 ff ff 00 00 01 01 02 00 90 00
19:33:25.564       	00 00 49 5f 0d 00 00 00 14 00 00 00 14 00 00 00 ff ff 00 00 00 01 02 00 00 b0 82 00 0a
19:33:25.565       	00 00 49 5f 0a 00 00 00 14 00 00 00 14 00 00 00 ff ff 00 00 01 01 02 00 6a 82
19:33:25.566       	00 00 49 5f 0d 00 00 00 14 00 00 00 14 00 00 00 ff ff 00 00 00 01 02 00 00 b0 82 00 0a
19:33:25.566       	00 00 49 5f 0a 00 00 00 14 00 00 00 14 00 00 00 ff ff 00 00 01 01 02 00 6a 82
19:33:25.580       	00 00 49 5f 0d 00 00 00 14 00 00 00 14 00 00 00 ff ff 00 00 00 01 02 00 00 a4 08 04 02
19:33:25.581       	00 00 49 5f 09 00 00 00 14 00 00 00 14 00 00 00 ff ff 00 00 01 01 02 00 a4
19:33:25.581       	00 00 49 5f 0a 00 00 00 14 00 00 00 14 00 00 00 ff ff 00 00 00 01 02 00 2f e2
19:33:25.582       	00 00 49 5f 0a 00 00 00 14 00 00 00 14 00 00 00 ff ff 00 00 01 01 02 00 6a 82
19:33:25.583       	00 00 49 5f 0d 00 00 00 14 00 00 00 14 00 00 00 ff ff 00 00 00 01 02 00 00 a4 00 04 02
19:33:25.583       	00 00 49 5f 09 00 00 00 14 00 00 00 14 00 00 00 ff ff 00 00 01 01 02 00 a4
19:33:25.584       	00 00 49 5f 0a 00 00 00 14 00 00 00 14 00 00 00 ff ff 00 00 00 01 02 00 3f 00
19:33:25.584       	00 00 49 5f 0a 00 00 00 14 00 00 00 14 00 00 00 ff ff 00 00 01 01 02 00 61 2a
19:33:25.585       	00 00 49 5f 0d 00 00 00 14 00 00 00 14 00 00 00 ff ff 00 00 00 01 02 00 00 c0 00 00 2a
19:33:25.585       	00 00 49 5f 09 00 00 00 14 00 00 00 14 00 00 00 ff ff 00 00 01 01 02 00 c0
19:33:25.587       	00 00 00 00 32 00 00 00 14 00 00 00 14 00 00 00 ff ff 00 00 01 01 02 00 62 28 82 02 78 21 83 02 3f 00 a5 06 80 01 71 87 01 01 8a 01 05 ab 0b 80 01 87 a4 06 83 01 0a 95 01 08 c6 06 90 01 00 83 01 01
19:33:25.587       	00 00 49 5f 0a 00 00 00 14 00 00 00 14 00 00 00 ff ff 00 00 01 01 02 00 90 00
19:33:25.588       	00 00 49 5f 0d 00 00 00 14 00 00 00 14 00 00 00 ff ff 00 00 00 01 02 00 00 a4 00 04 02
19:33:25.588       	00 00 49 5f 09 00 00 00 14 00 00 00 14 00 00 00 ff ff 00 00 01 01 02 00 a4
19:33:25.589       	00 00 49 5f 0a 00 00 00 14 00 00 00 14 00 00 00 ff ff 00 00 00 01 02 00 2f e2
19:33:25.590       	00 00 49 5f 0a 00 00 00 14 00 00 00 14 00 00 00 ff ff 00 00 01 01 02 00 6a 82
19:33:25.590       	00 00 49 5f 0d 00 00 00 14 00 00 00 14 00 00 00 ff ff 00 00 00 01 02 00 00 a4 00 04 02
19:33:25.591       	00 00 49 5f 09 00 00 00 14 00 00 00 14 00 00 00 ff ff 00 00 01 01 02 00 a4
19:33:25.591       	00 00 49 5f 0a 00 00 00 14 00 00 00 14 00 00 00 ff ff 00 00 00 01 02 00 3f 00
19:33:25.592       	00 00 49 5f 0a 00 00 00 14 00 00 00 14 00 00 00 ff ff 00 00 01 01 02 00 61 2a
19:33:25.592       	00 00 49 5f 0d 00 00 00 14 00 00 00 14 00 00 00 ff ff 00 00 00 01 02 00 00 c0 00 00 2a
19:33:25.593       	00 00 49 5f 09 00 00 00 14 00 00 00 14 00 00 00 ff ff 00 00 01 01 02 00 c0
19:33:25.595       	00 00 00 00 32 00 00 00 14 00 00 00 14 00 00 00 ff ff 00 00 01 01 02 00 62 28 82 02 78 21 83 02 3f 00 a5 06 80 01 71 87 01 01 8a 01 05 ab 0b 80 01 87 a4 06 83 01 0a 95 01 08 c6 06 90 01 00 83 01 01
19:33:25.595       	00 00 49 5f 0a 00 00 00 14 00 00 00 14 00 00 00 ff ff 00 00 01 01 02 00 90 00
19:33:25.596       	00 00 49 5f 0d 00 00 00 14 00 00 00 14 00 00 00 ff ff 00 00 00 01 02 00 00 b0 82 00 0a
19:33:25.596       	00 00 49 5f 0a 00 00 00 14 00 00 00 14 00 00 00 ff ff 00 00 01 01 02 00 6a 82
19:33:25.597       	00 00 49 5f 0d 00 00 00 14 00 00 00 14 00 00 00 ff ff 00 00 00 01 02 00 00 b0 82 00 0a
19:33:25.598       	00 00 49 5f 0a 00 00 00 14 00 00 00 14 00 00 00 ff ff 00 00 01 01 02 00 6a 82
19:33:25.599       	00 00 49 5f 0d 00 00 00 14 00 00 00 14 00 00 00 ff ff 00 00 00 01 02 00 00 a4 08 04 02
19:33:25.599       	00 00 49 5f 09 00 00 00 14 00 00 00 14 00 00 00 ff ff 00 00 01 01 02 00 a4
19:33:25.600       	00 00 49 5f 0a 00 00 00 14 00 00 00 14 00 00 00 ff ff 00 00 00 01 02 00 2f e2
19:33:25.600       	00 00 49 5f 0a 00 00 00 14 00 00 00 14 00 00 00 ff ff 00 00 01 01 02 00 6a 82
19:33:25.601       	00 00 49 5f 0d 00 00 00 14 00 00 00 14 00 00 00 ff ff 00 00 00 01 02 00 00 a4 00 04 02
19:33:25.601       	00 00 49 5f 09 00 00 00 14 00 00 00 14 00 00 00 ff ff 00 00 01 01 02 00 a4
19:33:25.602       	00 00 49 5f 0a 00 00 00 14 00 00 00 14 00 00 00 ff ff 00 00 00 01 02 00 3f 00
19:33:25.602       	00 00 49 5f 0a 00 00 00 14 00 00 00 14 00 00 00 ff ff 00 00 01 01 02 00 61 2a
19:33:25.603       	00 00 49 5f 0d 00 00 00 14 00 00 00 14 00 00 00 ff ff 00 00 00 01 02 00 00 c0 00 00 2a
19:33:25.603       	00 00 49 5f 09 00 00 00 14 00 00 00 14 00 00 00 ff ff 00 00 01 01 02 00 c0
19:33:25.605       	00 00 00 00 32 00 00 00 14 00 00 00 14 00 00 00 ff ff 00 00 01 01 02 00 62 28 82 02 78 21 83 02 3f 00 a5 06 80 01 71 87 01 01 8a 01 05 ab 0b 80 01 87 a4 06 83 01 0a 95 01 08 c6 06 90 01 00 83 01 01
19:33:25.606       	00 00 49 5f 0a 00 00 00 14 00 00 00 14 00 00 00 ff ff 00 00 01 01 02 00 90 00
19:33:25.606       	00 00 49 5f 0d 00 00 00 14 00 00 00 14 00 00 00 ff ff 00 00 00 01 02 00 00 a4 00 04 02
19:33:25.607       	00 00 49 5f 09 00 00 00 14 00 00 00 14 00 00 00 ff ff 00 00 01 01 02 00 a4
19:33:25.607       	00 00 49 5f 0a 00 00 00 14 00 00 00 14 00 00 00 ff ff 00 00 00 01 02 00 2f e2
19:33:25.608       	00 00 49 5f 0a 00 00 00 14 00 00 00 14 00 00 00 ff ff 00 00 01 01 02 00 6a 82
19:33:25.609       	00 00 49 5f 0d 00 00 00 14 00 00 00 14 00 00 00 ff ff 00 00 00 01 02 00 00 a4 00 04 02
19:33:25.609       	00 00 49 5f 09 00 00 00 14 00 00 00 14 00 00 00 ff ff 00 00 01 01 02 00 a4
19:33:25.610       	00 00 49 5f 0a 00 00 00 14 00 00 00 14 00 00 00 ff ff 00 00 00 01 02 00 3f 00
19:33:25.610       	00 00 49 5f 0a 00 00 00 14 00 00 00 14 00 00 00 ff ff 00 00 01 01 02 00 61 2a
19:33:25.611       	00 00 49 5f 0d 00 00 00 14 00 00 00 14 00 00 00 ff ff 00 00 00 01 02 00 00 c0 00 00 2a
19:33:25.611       	00 00 49 5f 09 00 00 00 14 00 00 00 14 00 00 00 ff ff 00 00 01 01 02 00 c0
19:33:25.613       	00 00 00 00 32 00 00 00 14 00 00 00 14 00 00 00 ff ff 00 00 01 01 02 00 62 28 82 02 78 21 83 02 3f 00 a5 06 80 01 71 87 01 01 8a 01 05 ab 0b 80 01 87 a4 06 83 01 0a 95 01 08 c6 06 90 01 00 83 01 01
19:33:25.613       	00 00 49 5f 0a 00 00 00 14 00 00 00 14 00 00 00 ff ff 00 00 01 01 02 00 90 00
19:33:25.614       	00 00 00 00 0d 00 00 00 14 00 00 00 14 00 00 00 ff ff 00 00 00 01 02 00 00 b0 82 00 0a
19:33:25.615       	00 00 49 5f 0a 00 00 00 14 00 00 00 14 00 00 00 ff ff 00 00 01 01 02 00 6a 82
19:33:25.616       	00 00 49 5f 0d 00 00 00 14 00 00 00 14 00 00 00 ff ff 00 00 00 01 02 00 00 b0 82 00 0a
19:33:25.616       	00 00 49 5f 0a 00 00 00 14 00 00 00 14 00 00 00 ff ff 00 00 01 01 02 00 6a 82
19:33:26.592       	00 00 49 5f 0d 00 00 00 14 00 00 00 14 00 00 00 ff ff 00 00 00 01 02 00 00 a4 08 04 02
19:33:26.592       	00 00 49 5f 09 00 00 00 14 00 00 00 14 00 00 00 ff ff 00 00 01 01 02 00 a4
19:33:26.593       	00 00 49 5f 0a 00 00 00 14 00 00 00 14 00 00 00 ff ff 00 00 00 01 02 00 2f e2
19:33:26.594       	00 00 49 5f 0a 00 00 00 14 00 00 00 14 00 00 00 ff ff 00 00 01 01 02 00 6a 82
19:33:26.594       	00 00 49 5f 0d 00 00 00 14 00 00 00 14 00 00 00 ff ff 00 00 00 01 02 00 00 a4 00 04 02
19:33:26.595       	00 00 49 5f 09 00 00 00 14 00 00 00 14 00 00 00 ff ff 00 00 01 01 02 00 a4
19:33:26.595       	00 00 49 5f 0a 00 00 00 14 00 00 00 14 00 00 00 ff ff 00 00 00 01 02 00 3f 00
19:33:26.596       	00 00 49 5f 0a 00 00 00 14 00 00 00 14 00 00 00 ff ff 00 00 01 01 02 00 61 2a
19:33:26.596       	00 00 49 5f 0d 00 00 00 14 00 00 00 14 00 00 00 ff ff 00 00 00 01 02 00 00 c0 00 00 2a
19:33:26.597       	00 00 49 5f 09 00 00 00 14 00 00 00 14 00 00 00 ff ff 00 00 01 01 02 00 c0
19:33:26.599       	00 00 00 00 32 00 00 00 14 00 00 00 14 00 00 00 ff ff 00 00 01 01 02 00 62 28 82 02 78 21 83 02 3f 00 a5 06 80 01 71 87 01 01 8a 01 05 ab 0b 80 01 87 a4 06 83 01 0a 95 01 08 c6 06 90 01 00 83 01 01
19:33:26.599       	00 00 49 5f 0a 00 00 00 14 00 00 00 14 00 00 00 ff ff 00 00 01 01 02 00 90 00
19:33:26.600       	00 00 49 5f 0d 00 00 00 14 00 00 00 14 00 00 00 ff ff 00 00 00 01 02 00 00 a4 00 04 02
19:33:26.600       	00 00 49 5f 09 00 00 00 14 00 00 00 14 00 00 00 ff ff 00 00 01 01 02 00 a4
19:33:26.601       	00 00 49 5f 0a 00 00 00 14 00 00 00 14 00 00 00 ff ff 00 00 00 01 02 00 2f e2
19:33:26.601       	00 00 49 5f 0a 00 00 00 14 00 00 00 14 00 00 00 ff ff 00 00 01 01 02 00 6a 82
19:33:26.602       	00 00 49 5f 0d 00 00 00 14 00 00 00 14 00 00 00 ff ff 00 00 00 01 02 00 00 a4 00 04 02
19:33:26.603       	00 00 49 5f 09 00 00 00 14 00 00 00 14 00 00 00 ff ff 00 00 01 01 02 00 a4
19:33:26.603       	00 00 49 5f 0a 00 00 00 14 00 00 00 14 00 00 00 ff ff 00 00 00 01 02 00 3f 00
19:33:26.604       	00 00 49 5f 0a 00 00 00 14 00 00 00 14 00 00 00 ff ff 00 00 01 01 02 00 61 2a
19:33:26.604       	00 00 49 5f 0d 00 00 00 14 00 00 00 14 00 00 00 ff ff 00 00 00 01 02 00 00 c0 00 00 2a
19:33:26.605       	00 00 49 5f 09 00 00 00 14 00 00 00 14 00 00 00 ff ff 00 00 01 01 02 00 c0
19:33:26.607       	00 00 00 00 32 00 00 00 14 00 00 00 14 00 00 00 ff ff 00 00 01 01 02 00 62 28 82 02 78 21 83 02 3f 00 a5 06 80 01 71 87 01 01 8a 01 05 ab 0b 80 01 87 a4 06 83 01 0a 95 01 08 c6 06 90 01 00 83 01 01
19:33:26.607       	00 00 49 5f 0a 00 00 00 14 00 00 00 14 00 00 00 ff ff 00 00 01 01 02 00 90 00
19:33:26.607       	00 00 49 5f 0d 00 00 00 14 00 00 00 14 00 00 00 ff ff 00 00 00 01 02 00 00 b0 82 00 0a
19:33:26.608       	00 00 49 5f 0a 00 00 00 14 00 00 00 14 00 00 00 ff ff 00 00 01 01 02 00 6a 82
19:33:26.609       	00 00 49 5f 0d 00 00 00 14 00 00 00 14 00 00 00 ff ff 00 00 00 01 02 00 00 b0 82 00 0a
19:33:26.610       	00 00 49 5f 0a 00 00 00 14 00 00 00 14 00 00 00 ff ff 00 00 01 01 02 00 6a 82
19:33:26.610       	00 00 49 5f 0d 00 00 00 14 00 00 00 14 00 00 00 ff ff 00 00 00 01 02 00 00 a4 08 04 02
19:33:26.611       	00 00 49 5f 09 00 00 00 14 00 00 00 14 00 00 00 ff ff 00 00 01 01 02 00 a4
19:33:26.612       	00 00 49 5f 0a 00 00 00 14 00 00 00 14 00 00 00 ff ff 00 00 00 01 02 00 2f e2
19:33:26.612       	00 00 49 5f 0a 00 00 00 14 00 00 00 14 00 00 00 ff ff 00 00 01 01 02 00 6a 82
19:33:26.613       	00 00 49 5f 0d 00 00 00 14 00 00 00 14 00 00 00 ff ff 00 00 00 01 02 00 00 a4 00 04 02
19:33:26.613       	00 00 49 5f 09 00 00 00 14 00 00 00 14 00 00 00 ff ff 00 00 01 01 02 00 a4
19:33:26.614       	00 00 49 5f 0a 00 00 00 14 00 00 00 14 00 00 00 ff ff 00 00 00 01 02 00 3f 00
19:33:26.614       	00 00 49 5f 0a 00 00 00 14 00 00 00 14 00 00 00 ff ff 00 00 01 01 02 00 61 2a
19:33:26.615       	00 00 49 5f 0d 00 00 00 14 00 00 00 14 00 00 00 ff ff 00 00 00 01 02 00 00 c0 00 00 2a
19:33:26.615       	00 00 49 5f 09 00 00 00 14 00 00 00 14 00 00 00 ff ff 00 00 01 01 02 00 c0
19:33:26.617       	00 00 00 00 32 00 00 00 14 00 00 00 14 00 00 00 ff ff 00 00 01 01 02 00 62 28 82 02 78 21 83 02 3f 00 a5 06 80 01 71 87 01 01 8a 01 05 ab 0b 80 01 87 a4 06 83 01 0a 95 01 08 c6 06 90 01 00 83 01 01
19:33:26.618       	00 00 49 5f 0a 00 00 00 14 00 00 00 14 00 00 00 ff ff 00 00 01 01 02 00 90 00
19:33:26.618       	00 00 49 5f 0d 00 00 00 14 00 00 00 14 00 00 00 ff ff 00 00 00 01 02 00 00 a4 00 04 02
19:33:26.619       	00 00 49 5f 09 00 00 00 14 00 00 00 14 00 00 00 ff ff 00 00 01 01 02 00 a4
19:33:26.619       	00 00 49 5f 0a 00 00 00 14 00 00 00 14 00 00 00 ff ff 00 00 00 01 02 00 2f e2
19:33:26.620       	00 00 49 5f 0a 00 00 00 14 00 00 00 14 00 00 00 ff ff 00 00 01 01 02 00 6a 82
19:33:26.621       	00 00 49 5f 0d 00 00 00 14 00 00 00 14 00 00 00 ff ff 00 00 00 01 02 00 00 a4 00 04 02
19:33:26.621       	00 00 49 5f 09 00 00 00 14 00 00 00 14 00 00 00 ff ff 00 00 01 01 02 00 a4
19:33:26.622       	00 00 49 5f 0a 00 00 00 14 00 00 00 14 00 00 00 ff ff 00 00 00 01 02 00 3f 00
19:33:26.622       	00 00 49 5f 0a 00 00 00 14 00 00 00 14 00 00 00 ff ff 00 00 01 01 02 00 61 2a
19:33:26.623       	00 00 49 5f 0d 00 00 00 14 00 00 00 14 00 00 00 ff ff 00 00 00 01 02 00 00 c0 00 00 2a
19:33:26.623       	00 00 49 5f 09 00 00 00 14 00 00 00 14 00 00 00 ff ff 00 00 01 01 02 00 c0
19:33:26.625       	00 00 00 00 32 00 00 00 14 00 00 00 14 00 00 00 ff ff 00 00 01 01 02 00 62 28 82 02 78 21 83 02 3f 00 a5 06 80 01 71 87 01 01 8a 01 05 ab 0b 80 01 87 a4 06 83 01 0a 95 01 08 c6 06 90 01 00 83 01 01
19:33:26.625       	00 00 49 5f 0a 00 00 00 14 00 00 00 14 00 00 00 ff ff 00 00 01 01 02 00 90 00
19:33:26.626       	00 00 49 5f 0d 00 00 00 14 00 00 00 14 00 00 00 ff ff 00 00 00 01 02 00 00 b0 82 00 0a
19:33:26.627       	00 00 49 5f 0a 00 00 00 14 00 00 00 14 00 00 00 ff ff 00 00 01 01 02 00 6a 82
19:33:26.627       	00 00 49 5f 0d 00 00 00 14 00 00 00 14 00 00 00 ff ff 00 00 00 01 02 00 00 b0 82 00 0a
19:33:26.628       	00 00 49 5f 0a 00 00 00 14 00 00 00 14 00 00 00 ff ff 00 00 01 01 02 00 6a 82
19:33:26.642       	00 00 49 5f 0d 00 00 00 14 00 00 00 14 00 00 00 ff ff 00 00 00 01 02 00 00 a4 08 04 02
19:33:26.642       	00 00 49 5f 09 00 00 00 14 00 00 00 14 00 00 00 ff ff 00 00 01 01 02 00 a4
19:33:26.643       	00 00 49 5f 0a 00 00 00 14 00 00 00 14 00 00 00 ff ff 00 00 00 01 02 00 2f e2
19:33:26.644       	00 00 49 5f 0a 00 00 00 14 00 00 00 14 00 00 00 ff ff 00 00 01 01 02 00 6a 82
19:33:26.644       	00 00 49 5f 0d 00 00 00 14 00 00 00 14 00 00 00 ff ff 00 00 00 01 02 00 00 a4 00 04 02
19:33:26.645       	00 00 49 5f 09 00 00 00 14 00 00 00 14 00 00 00 ff ff 00 00 01 01 02 00 a4
19:33:26.645       	00 00 49 5f 0a 00 00 00 14 00 00 00 14 00 00 00 ff ff 00 00 00 01 02 00 3f 00
19:33:26.646       	00 00 49 5f 0a 00 00 00 14 00 00 00 14 00 00 00 ff ff 00 00 01 01 02 00 61 2a
19:33:26.646       	00 00 49 5f 0d 00 00 00 14 00 00 00 14 00 00 00 ff ff 00 00 00 01 02 00 00 c0 00 00 2a
19:33:26.647       	00 00 49 5f 09 00 00 00 14 00 00 00 14 00 00 00 ff ff 00 00 01 01 02 00 c0
19:33:26.649       	00 00 00 00 32 00 00 00 14 00 00 00 14 00 00 00 ff ff 00 00 01 01 02 00 62 28 82 02 78 21 83 02 3f 00 a5 06 80 01 71 87 01 01 8a 01 05 ab 0b 80 01 87 a4 06 83 01 0a 95 01 08 c6 06 90 01 00 83 01 01
19:33:26.649       	00 00 49 5f 0a 00 00 00 14 00 00 00 14 00 00 00 ff ff 00 00 01 01 02 00 90 00
19:33:26.649       	00 00 49 5f 0d 00 00 00 14 00 00 00 14 00 00 00 ff ff 00 00 00 01 02 00 00 a4 00 04 02
19:33:26.650       	00 00 49 5f 09 00 00 00 14 00 00 00 14 00 00 00 ff ff 00 00 01 01 02 00 a4
19:33:26.651       	00 00 49 5f 0a 00 00 00 14 00 00 00 14 00 00 00 ff ff 00 00 00 01 02 00 2f e2
19:33:26.651       	00 00 49 5f 0a 00 00 00 14 00 00 00 14 00 00 00 ff ff 00 00 01 01 02 00 6a 82
19:33:26.652       	00 00 49 5f 0d 00 00 00 14 00 00 00 14 00 00 00 ff ff 00 00 00 01 02 00 00 a4 00 04 02
19:33:26.652       	00 00 49 5f 09 00 00 00 14 00 00 00 14 00 00 00 ff ff 00 00 01 01 02 00 a4
19:33:26.653       	00 00 49 5f 0a 00 00 00 14 00 00 00 14 00 00 00 ff ff 00 00 00 01 02 00 3f 00
19:33:26.653       	00 00 49 5f 0a 00 00 00 14 00 00 00 14 00 00 00 ff ff 00 00 01 01 02 00 61 2a
19:33:26.654       	00 00 49 5f 0d 00 00 00 14 00 00 00 14 00 00 00 ff ff 00 00 00 01 02 00 00 c0 00 00 2a
19:33:26.654       	00 00 49 5f 09 00 00 00 14 00 00 00 14 00 00 00 ff ff 00 00 01 01 02 00 c0
19:33:26.656       	00 00 00 00 32 00 00 00 14 00 00 00 14 00 00 00 ff ff 00 00 01 01 02 00 62 28 82 02 78 21 83 02 3f 00 a5 06 80 01 71 87 01 01 8a 01 05 ab 0b 80 01 87 a4 06 83 01 0a 95 01 08 c6 06 90 01 00 83 01 01
19:33:26.657       	00 00 49 5f 0a 00 00 00 14 00 00 00 14 00 00 00 ff ff 00 00 01 01 02 00 90 00
19:33:26.657       	00 00 49 5f 0d 00 00 00 14 00 00 00 14 00 00 00 ff ff 00 00 00 01 02 00 00 b0 82 00 0a
19:33:26.658       	00 00 49 5f 0a 00 00 00 14 00 00 00 14 00 00 00 ff ff 00 00 01 01 02 00 6a 82
19:33:26.659       	00 00 49 5f 0d 00 00 00 14 00 00 00 14 00 00 00 ff ff 00 00 00 01 02 00 00 b0 82 00 0a
19:33:26.660       	00 00 49 5f 0a 00 00 00 14 00 00 00 14 00 00 00 ff ff 00 00 01 01 02 00 6a 82
19:33:26.660       	00 00 49 5f 0d 00 00 00 14 00 00 00 14 00 00 00 ff ff 00 00 00 01 02 00 00 a4 08 04 02
19:33:26.661       	00 00 49 5f 09 00 00 00 14 00 00 00 14 00 00 00 ff ff 00 00 01 01 02 00 a4
19:33:26.661       	00 00 49 5f 0a 00 00 00 14 00 00 00 14 00 00 00 ff ff 00 00 00 01 02 00 2f e2
19:33:26.662       	00 00 49 5f 0a 00 00 00 14 00 00 00 14 00 00 00 ff ff 00 00 01 01 02 00 6a 82
19:33:26.663       	00 00 49 5f 0d 00 00 00 14 00 00 00 14 00 00 00 ff ff 00 00 00 01 02 00 00 a4 00 04 02
19:33:26.663       	00 00 49 5f 09 00 00 00 14 00 00 00 14 00 00 00 ff ff 00 00 01 01 02 00 a4
19:33:26.664       	00 00 49 5f 0a 00 00 00 14 00 00 00 14 00 00 00 ff ff 00 00 00 01 02 00 3f 00
19:33:26.664       	00 00 49 5f 0a 00 00 00 14 00 00 00 14 00 00 00 ff ff 00 00 01 01 02 00 61 2a
19:33:26.665       	00 00 49 5f 0d 00 00 00 14 00 00 00 14 00 00 00 ff ff 00 00 00 01 02 00 00 c0 00 00 2a
19:33:26.665       	00 00 49 5f 09 00 00 00 14 00 00 00 14 00 00 00 ff ff 00 00 01 01 02 00 c0
19:33:26.667       	00 00 00 00 32 00 00 00 14 00 00 00 14 00 00 00 ff ff 00 00 01 01 02 00 62 28 82 02 78 21 83 02 3f 00 a5 06 80 01 71 87 01 01 8a 01 05 ab 0b 80 01 87 a4 06 83 01 0a 95 01 08 c6 06 90 01 00 83 01 01
19:33:26.667       	00 00 49 5f 0a 00 00 00 14 00 00 00 14 00 00 00 ff ff 00 00 01 01 02 00 90 00
19:33:26.668       	00 00 49 5f 0d 00 00 00 14 00 00 00 14 00 00 00 ff ff 00 00 00 01 02 00 00 a4 00 04 02
19:33:26.668       	00 00 49 5f 09 00 00 00 14 00 00 00 14 00 00 00 ff ff 00 00 01 01 02 00 a4
19:33:26.669       	00 00 49 5f 0a 00 00 00 14 00 00 00 14 00 00 00 ff ff 00 00 00 01 02 00 2f e2
19:33:26.670       	00 00 49 5f 0a 00 00 00 14 00 00 00 14 00 00 00 ff ff 00 00 01 01 02 00 6a 82
19:33:26.670       	00 00 49 5f 0d 00 00 00 14 00 00 00 14 00 00 00 ff ff 00 00 00 01 02 00 00 a4 00 04 02
19:33:26.671       	00 00 49 5f 09 00 00 00 14 00 00 00 14 00 00 00 ff ff 00 00 01 01 02 00 a4
19:33:26.671       	00 00 49 5f 0a 00 00 00 14 00 00 00 14 00 00 00 ff ff 00 00 00 01 02 00 3f 00
19:33:26.672       	00 00 49 5f 0a 00 00 00 14 00 00 00 14 00 00 00 ff ff 00 00 01 01 02 00 61 2a
19:33:26.672       	00 00 49 5f 0d 00 00 00 14 00 00 00 14 00 00 00 ff ff 00 00 00 01 02 00 00 c0 00 00 2a
19:33:26.673       	00 00 49 5f 09 00 00 00 14 00 00 00 14 00 00 00 ff ff 00 00 01 01 02 00 c0
19:33:26.675       	00 00 00 00 32 00 00 00 14 00 00 00 14 00 00 00 ff ff 00 00 01 01 02 00 62 28 82 02 78 21 83 02 3f 00 a5 06 80 01 71 87 01 01 8a 01 05 ab 0b 80 01 87 a4 06 83 01 0a 95 01 08 c6 06 90 01 00 83 01 01
19:33:26.675       	00 00 49 5f 0a 00 00 00 14 00 00 00 14 00 00 00 ff ff 00 00 01 01 02 00 90 00
19:33:26.676       	00 00 49 5f 0d 00 00 00 14 00 00 00 14 00 00 00 ff ff 00 00 00 01 02 00 00 b0 82 00 0a
19:33:26.676       	00 00 49 5f 0a 00 00 00 14 00 00 00 14 00 00 00 ff ff 00 00 01 01 02 00 6a 82
19:33:26.677       	00 00 49 5f 0d 00 00 00 14 00 00 00 14 00 00 00 ff ff 00 00 00 01 02 00 00 b0 82 00 0a
19:33:26.678       	00 00 49 5f 0a 00 00 00 14 00 00 00 14 00 00 00 ff ff 00 00 01 01 02 00 6a 82
19:33:27.652       	00 00 49 5f 0d 00 00 00 14 00 00 00 14 00 00 00 ff ff 00 00 00 01 02 00 00 a4 08 04 02
19:33:27.653       	00 00 49 5f 09 00 00 00 14 00 00 00 14 00 00 00 ff ff 00 00 01 01 02 00 a4
19:33:27.653       	00 00 49 5f 0a 00 00 00 14 00 00 00 14 00 00 00 ff ff 00 00 00 01 02 00 2f e2
19:33:27.654       	00 00 49 5f 0a 00 00 00 14 00 00 00 14 00 00 00 ff ff 00 00 01 01 02 00 6a 82
19:33:27.655       	00 00 49 5f 0d 00 00 00 14 00 00 00 14 00 00 00 ff ff 00 00 00 01 02 00 00 a4 00 04 02
19:33:27.655       	00 00 49 5f 09 00 00 00 14 00 00 00 14 00 00 00 ff ff 00 00 01 01 02 00 a4
19:33:27.656       	00 00 49 5f 0a 00 00 00 14 00 00 00 14 00 00 00 ff ff 00 00 00 01 02 00 3f 00
19:33:27.656       	00 00 49 5f 0a 00 00 00 14 00 00 00 14 00 00 00 ff ff 00 00 01 01 02 00 61 2a
19:33:27.657       	00 00 49 5f 0d 00 00 00 14 00 00 00 14 00 00 00 ff ff 00 00 00 01 02 00 00 c0 00 00 2a
19:33:27.657       	00 00 49 5f 09 00 00 00 14 00 00 00 14 00 00 00 ff ff 00 00 01 01 02 00 c0
19:33:27.659       	00 00 00 00 32 00 00 00 14 00 00 00 14 00 00 00 ff ff 00 00 01 01 02 00 62 28 82 02 78 21 83 02 3f 00 a5 06 80 01 71 87 01 01 8a 01 05 ab 0b 80 01 87 a4 06 83 01 0a 95 01 08 c6 06 90 01 00 83 01 01
19:33:27.659       	00 00 49 5f 0a 00 00 00 14 00 00 00 14 00 00 00 ff ff 00 00 01 01 02 00 90 00
19:33:27.660       	00 00 49 5f 0d 00 00 00 14 00 00 00 14 00 00 00 ff ff 00 00 00 01 02 00 00 a4 00 04 02
19:33:27.660       	00 00 49 5f 09 00 00 00 14 00 00 00 14 00 00 00 ff ff 00 00 01 01 02 00 a4
19:33:27.661       	00 00 49 5f 0a 00 00 00 14 00 00 00 14 00 00 00 ff ff 00 00 00 01 02 00 2f e2
19:33:27.662       	00 00 49 5f 0a 00 00 00 14 00 00 00 14 00 00 00 ff ff 00 00 01 01 02 00 6a 82
19:33:27.662       	00 00 49 5f 0d 00 00 00 14 00 00 00 14 00 00 00 ff ff 00 00 00 01 02 00 00 a4 00 04 02
19:33:27.663       	00 00 49 5f 09 00 00 00 14 00 00 00 14 00 00 00 ff ff 00 00 01 01 02 00 a4
19:33:27.663       	00 00 49 5f 0a 00 00 00 14 00 00 00 14 00 00 00 ff ff 00 00 00 01 02 00 3f 00
19:33:27.664       	00 00 49 5f 0a 00 00 00 14 00 00 00 14 00 00 00 ff ff 00 00 01 01 02 00 61 2a
19:33:27.664       	00 00 49 5f 0d 00 00 00 14 00 00 00 14 00 00 00 ff ff 00 00 00 01 02 00 00 c0 00 00 2a
19:33:27.665       	00 00 49 5f 09 00 00 00 14 00 00 00 14 00 00 00 ff ff 00 00 01 01 02 00 c0
19:33:27.667       	00 00 00 00 32 00 00 00 14 00 00 00 14 00 00 00 ff ff 00 00 01 01 02 00 62 28 82 02 78 21 83 02 3f 00 a5 06 80 01 71 87 01 01 8a 01 05 ab 0b 80 01 87 a4 06 83 01 0a 95 01 08 c6 06 90 01 00 83 01 01
19:33:27.667       	00 00 49 5f 0a 00 00 00 14 00 00 00 14 00 00 00 ff ff 00 00 01 01 02 00 90 00
19:33:27.668       	00 00 49 5f 0d 00 00 00 14 00 00 00 14 00 00 00 ff ff 00 00 00 01 02 00 00 b0 82 00 0a
19:33:27.669       	00 00 49 5f 0a 00 00 00 14 00 00 00 14 00 00 00 ff ff 00 00 01 01 02 00 6a 82
19:33:27.669       	00 00 49 5f 0d 00 00 00 14 00 00 00 14 00 00 00 ff ff 00 00 00 01 02 00 00 b0 82 00 0a
19:33:27.670       	00 00 49 5f 0a 00 00 00 14 00 00 00 14 00 00 00 ff ff 00 00 01 01 02 00 6a 82
19:33:27.671       	00 00 49 5f 0d 00 00 00 14 00 00 00 14 00 00 00 ff ff 00 00 00 01 02 00 00 a4 08 04 02
19:33:27.671       	00 00 49 5f 09 00 00 00 14 00 00 00 14 00 00 00 ff ff 00 00 01 01 02 00 a4
19:33:27.672       	00 00 49 5f 0a 00 00 00 14 00 00 00 14 00 00 00 ff ff 00 00 00 01 02 00 2f e2
19:33:27.672       	00 00 49 5f 0a 00 00 00 14 00 00 00 14 00 00 00 ff ff 00 00 01 01 02 00 6a 82
19:33:27.673       	00 00 49 5f 0d 00 00 00 14 00 00 00 14 00 00 00 ff ff 00 00 00 01 02 00 00 a4 00 04 02
19:33:27.674       	00 00 49 5f 09 00 00 00 14 00 00 00 14 00 00 00 ff ff 00 00 01 01 02 00 a4
19:33:27.674       	00 00 49 5f 0a 00 00 00 14 00 00 00 14 00 00 00 ff ff 00 00 00 01 02 00 3f 00
19:33:27.675       	00 00 49 5f 0a 00 00 00 14 00 00 00 14 00 00 00 ff ff 00 00 01 01 02 00 61 2a
19:33:27.675       	00 00 49 5f 0d 00 00 00 14 00 00 00 14 00 00 00 ff ff 00 00 00 01 02 00 00 c0 00 00 2a
19:33:27.676       	00 00 49 5f 09 00 00 00 14 00 00 00 14 00 00 00 ff ff 00 00 01 01 02 00 c0
19:33:27.678       	00 00 00 00 32 00 00 00 14 00 00 00 14 00 00 00 ff ff 00 00 01 01 02 00 62 28 82 02 78 21 83 02 3f 00 a5 06 80 01 71 87 01 01 8a 01 05 ab 0b 80 01 87 a4 06 83 01 0a 95 01 08 c6 06 90 01 00 83 01 01
19:33:27.678       	00 00 49 5f 0a 00 00 00 14 00 00 00 14 00 00 00 ff ff 00 00 01 01 02 00 90 00
19:33:27.678       	00 00 49 5f 0d 00 00 00 14 00 00 00 14 00 00 00 ff ff 00 00 00 01 02 00 00 a4 00 04 02
19:33:27.679       	00 00 49 5f 09 00 00 00 14 00 00 00 14 00 00 00 ff ff 00 00 01 01 02 00 a4
19:33:27.679       	00 00 49 5f 0a 00 00 00 14 00 00 00 14 00 00 00 ff ff 00 00 00 01 02 00 2f e2
19:33:27.680       	00 00 49 5f 0a 00 00 00 14 00 00 00 14 00 00 00 ff ff 00 00 01 01 02 00 6a 82
19:33:27.681       	00 00 49 5f 0d 00 00 00 14 00 00 00 14 00 00 00 ff ff 00 00 00 01 02 00 00 a4 00 04 02
19:33:27.681       	00 00 49 5f 09 00 00 00 14 00 00 00 14 00 00 00 ff ff 00 00 01 01 02 00 a4
19:33:27.682       	00 00 49 5f 0a 00 00 00 14 00 00 00 14 00 00 00 ff ff 00 00 00 01 02 00 3f 00
19:33:27.682       	00 00 49 5f 0a 00 00 00 14 00 00 00 14 00 00 00 ff ff 00 00 01 01 02 00 61 2a
19:33:27.683       	00 00 49 5f 0d 00 00 00 14 00 00 00 14 00 00 00 ff ff 00 00 00 01 02 00 00 c0 00 00 2a
19:33:27.683       	00 00 49 5f 09 00 00 00 14 00 00 00 14 00 00 00 ff ff 00 00 01 01 02 00 c0
19:33:27.685       	00 00 00 00 32 00 00 00 14 00 00 00 14 00 00 00 ff ff 00 00 01 01 02 00 62 28 82 02 78 21 83 02 3f 00 a5 06 80 01 71 87 01 01 8a 01 05 ab 0b 80 01 87 a4 06 83 01 0a 95 01 08 c6 06 90 01 00 83 01 01
19:33:27.685       	00 00 49 5f 0a 00 00 00 14 00 00 00 14 00 00 00 ff ff 00 00 01 01 02 00 90 00
19:33:27.686       	00 00 49 5f 0d 00 00 00 14 00 00 00 14 00 00 00 ff ff 00 00 00 01 02 00 00 b0 82 00 0a
19:33:27.687       	00 00 49 5f 0a 00 00 00 14 00 00 00 14 00 00 00 ff ff 00 00 01 01 02 00 6a 82
19:33:27.688       	00 00 49 5f 0d 00 00 00 14 00 00 00 14 00 00 00 ff ff 00 00 00 01 02 00 00 b0 82 00 0a
19:33:27.688       	00 00 49 5f 0a 00 00 00 14 00 00 00 14 00 00 00 ff ff 00 00 01 01 02 00 6a 82
19:33:27.699       	00 00 49 5f 0d 00 00 00 14 00 00 00 14 00 00 00 ff ff 00 00 00 01 02 00 00 a4 08 04 02
19:33:27.699       	00 00 49 5f 09 00 00 00 14 00 00 00 14 00 00 00 ff ff 00 00 01 01 02 00 a4
19:33:27.700       	00 00 49 5f 0a 00 00 00 14 00 00 00 14 00 00 00 ff ff 00 00 00 01 02 00 2f e2
19:33:27.700       	00 00 49 5f 0a 00 00 00 14 00 00 00 14 00 00 00 ff ff 00 00 01 01 02 00 6a 82
19:33:27.701       	00 00 49 5f 0d 00 00 00 14 00 00 00 14 00 00 00 ff ff 00 00 00 01 02 00 00 a4 00 04 02
19:33:27.702       	00 00 49 5f 09 00 00 00 14 00 00 00 14 00 00 00 ff ff 00 00 01 01 02 00 a4
19:33:27.702       	00 00 49 5f 0a 00 00 00 14 00 00 00 14 00 00 00 ff ff 00 00 00 01 02 00 3f 00
19:33:27.703       	00 00 49 5f 0a 00 00 00 14 00 00 00 14 00 00 00 ff ff 00 00 01 01 02 00 61 2a
19:33:27.703       	00 00 49 5f 0d 00 00 00 14 00 00 00 14 00 00 00 ff ff 00 00 00 01 02 00 00 c0 00 00 2a
19:33:27.704       	00 00 49 5f 09 00 00 00 14 00 00 00 14 00 00 00 ff ff 00 00 01 01 02 00 c0
19:33:27.706       	00 00 00 00 32 00 00 00 14 00 00 00 14 00 00 00 ff ff 00 00 01 01 02 00 62 28 82 02 78 21 83 02 3f 00 a5 06 80 01 71 87 01 01 8a 01 05 ab 0b 80 01 87 a4 06 83 01 0a 95 01 08 c6 06 90 01 00 83 01 01
19:33:27.706       	00 00 49 5f 0a 00 00 00 14 00 00 00 14 00 00 00 ff ff 00 00 01 01 02 00 90 00
19:33:27.706       	00 00 49 5f 0d 00 00 00 14 00 00 00 14 00 00 00 ff ff 00 00 00 01 02 00 00 a4 00 04 02
19:33:27.707       	00 00 49 5f 09 00 00 00 14 00 00 00 14 00 00 00 ff ff 00 00 01 01 02 00 a4
19:33:27.707       	00 00 49 5f 0a 00 00 00 14 00 00 00 14 00 00 00 ff ff 00 00 00 01 02 00 2f e2
19:33:27.708       	00 00 49 5f 0a 00 00 00 14 00 00 00 14 00 00 00 ff ff 00 00 01 01 02 00 6a 82
19:33:27.709       	00 00 49 5f 0d 00 00 00 14 00 00 00 14 00 00 00 ff ff 00 00 00 01 02 00 00 a4 00 04 02
19:33:27.709       	00 00 49 5f 09 00 00 00 14 00 00 00 14 00 00 00 ff ff 00 00 01 01 02 00 a4
19:33:27.710       	00 00 49 5f 0a 00 00 00 14 00 00 00 14 00 00 00 ff ff 00 00 00 01 02 00 3f 00
19:33:27.710       	00 00 49 5f 0a 00 00 00 14 00 00 00 14 00 00 00 ff ff 00 00 01 01 02 00 61 2a
19:33:27.711       	00 00 49 5f 0d 00 00 00 14 00 00 00 14 00 00 00 ff ff 00 00 00 01 02 00 00 c0 00 00 2a
19:33:27.711       	00 00 49 5f 09 00 00 00 14 00 00 00 14 00 00 00 ff ff 00 00 01 01 02 00 c0
19:33:27.713       	00 00 00 00 32 00 00 00 14 00 00 00 14 00 00 00 ff ff 00 00 01 01 02 00 62 28 82 02 78 21 83 02 3f 00 a5 06 80 01 71 87 01 01 8a 01 05 ab 0b 80 01 87 a4 06 83 01 0a 95 01 08 c6 06 90 01 00 83 01 01
19:33:27.713       	00 00 49 5f 0a 00 00 00 14 00 00 00 14 00 00 00 ff ff 00 00 01 01 02 00 90 00
19:33:27.714       	00 00 49 5f 0d 00 00 00 14 00 00 00 14 00 00 00 ff ff 00 00 00 01 02 00 00 b0 82 00 0a
19:33:27.715       	00 00 49 5f 0a 00 00 00 14 00 00 00 14 00 00 00 ff ff 00 00 01 01 02 00 6a 82
19:33:27.716       	00 00 49 5f 0d 00 00 00 14 00 00 00 14 00 00 00 ff ff 00 00 00 01 02 00 00 b0 82 00 0a
19:33:27.716       	00 00 49 5f 0a 00 00 00 14 00 00 00 14 00 00 00 ff ff 00 00 01 01 02 00 6a 82
19:33:27.717       	00 00 49 5f 0d 00 00 00 14 00 00 00 14 00 00 00 ff ff 00 00 00 01 02 00 00 a4 08 04 02
19:33:27.718       	00 00 49 5f 09 00 00 00 14 00 00 00 14 00 00 00 ff ff 00 00 01 01 02 00 a4
19:33:27.718       	00 00 49 5f 0a 00 00 00 14 00 00 00 14 00 00 00 ff ff 00 00 00 01 02 00 2f e2
19:33:27.719       	00 00 49 5f 0a 00 00 00 14 00 00 00 14 00 00 00 ff ff 00 00 01 01 02 00 6a 82
19:33:27.720       	00 00 49 5f 0d 00 00 00 14 00 00 00 14 00 00 00 ff ff 00 00 00 01 02 00 00 a4 00 04 02
19:33:27.720       	00 00 49 5f 09 00 00 00 14 00 00 00 14 00 00 00 ff ff 00 00 01 01 02 00 a4
19:33:27.721       	00 00 49 5f 0a 00 00 00 14 00 00 00 14 00 00 00 ff ff 00 00 00 01 02 00 3f 00
19:33:27.721       	00 00 49 5f 0a 00 00 00 14 00 00 00 14 00 00 00 ff ff 00 00 01 01 02 00 61 2a
19:33:27.722       	00 00 49 5f 0d 00 00 00 14 00 00 00 14 00 00 00 ff ff 00 00 00 01 02 00 00 c0 00 00 2a
19:33:27.722       	00 00 49 5f 09 00 00 00 14 00 00 00 14 00 00 00 ff ff 00 00 01 01 02 00 c0
19:33:27.724       	00 00 00 00 32 00 00 00 14 00 00 00 14 00 00 00 ff ff 00 00 01 01 02 00 62 28 82 02 78 21 83 02 3f 00 a5 06 80 01 71 87 01 01 8a 01 05 ab 0b 80 01 87 a4 06 83 01 0a 95 01 08 c6 06 90 01 00 83 01 01
19:33:27.724       	00 00 49 5f 0a 00 00 00 14 00 00 00 14 00 00 00 ff ff 00 00 01 01 02 00 90 00
19:33:27.725       	00 00 49 5f 0d 00 00 00 14 00 00 00 14 00 00 00 ff ff 00 00 00 01 02 00 00 a4 00 04 02
19:33:27.725       	00 00 49 5f 09 00 00 00 14 00 00 00 14 00 00 00 ff ff 00 00 01 01 02 00 a4
19:33:27.726       	00 00 49 5f 0a 00 00 00 14 00 00 00 14 00 00 00 ff ff 00 00 00 01 02 00 2f e2
19:33:27.726       	00 00 49 5f 0a 00 00 00 14 00 00 00 14 00 00 00 ff ff 00 00 01 01 02 00 6a 82
19:33:27.727       	00 00 49 5f 0d 00 00 00 14 00 00 00 14 00 00 00 ff ff 00 00 00 01 02 00 00 a4 00 04 02
19:33:27.728       	00 00 49 5f 09 00 00 00 14 00 00 00 14 00 00 00 ff ff 00 00 01 01 02 00 a4
19:33:27.728       	00 00 49 5f 0a 00 00 00 14 00 00 00 14 00 00 00 ff ff 00 00 00 01 02 00 3f 00
19:33:27.729       	00 00 49 5f 0a 00 00 00 14 00 00 00 14 00 00 00 ff ff 00 00 01 01 02 00 61 2a
19:33:27.729       	00 00 49 5f 0d 00 00 00 14 00 00 00 14 00 00 00 ff ff 00 00 00 01 02 00 00 c0 00 00 2a
19:33:27.730       	00 00 49 5f 09 00 00 00 14 00 00 00 14 00 00 00 ff ff 00 00 01 01 02 00 c0
19:33:27.732       	00 00 00 00 32 00 00 00 14 00 00 00 14 00 00 00 ff ff 00 00 01 01 02 00 62 28 82 02 78 21 83 02 3f 00 a5 06 80 01 71 87 01 01 8a 01 05 ab 0b 80 01 87 a4 06 83 01 0a 95 01 08 c6 06 90 01 00 83 01 01
19:33:27.732       	00 00 49 5f 0a 00 00 00 14 00 00 00 14 00 00 00 ff ff 00 00 01 01 02 00 90 00
19:33:27.732       	00 00 49 5f 0d 00 00 00 14 00 00 00 14 00 00 00 ff ff 00 00 00 01 02 00 00 b0 82 00 0a
19:33:27.733       	00 00 49 5f 0a 00 00 00 14 00 00 00 14 00 00 00 ff ff 00 00 01 01 02 00 6a 82
19:33:27.734       	00 00 49 5f 0d 00 00 00 14 00 00 00 14 00 00 00 ff ff 00 00 00 01 02 00 00 b0 82 00 0a
19:33:27.735       	00 00 49 5f 0a 00 00 00 14 00 00 00 14 00 00 00 ff ff 00 00 01 01 02 00 6a 82
19:33:28.710       	00 00 49 5f 0d 00 00 00 14 00 00 00 14 00 00 00 ff ff 00 00 00 01 02 00 00 a4 08 04 02
19:33:28.711       	00 00 49 5f 09 00 00 00 14 00 00 00 14 00 00 00 ff ff 00 00 01 01 02 00 a4
19:33:28.711       	00 00 49 5f 0a 00 00 00 14 00 00 00 14 00 00 00 ff ff 00 00 00 01 02 00 2f e2
19:33:28.712       	00 00 49 5f 0a 00 00 00 14 00 00 00 14 00 00 00 ff ff 00 00 01 01 02 00 6a 82
19:33:28.713       	00 00 49 5f 0d 00 00 00 14 00 00 00 14 00 00 00 ff ff 00 00 00 01 02 00 00 a4 00 04 02
19:33:28.713       	00 00 49 5f 09 00 00 00 14 00 00 00 14 00 00 00 ff ff 00 00 01 01 02 00 a4
19:33:28.714       	00 00 49 5f 0a 00 00 00 14 00 00 00 14 00 00 00 ff ff 00 00 00 01 02 00 3f 00
19:33:28.714       	00 00 49 5f 0a 00 00 00 14 00 00 00 14 00 00 00 ff ff 00 00 01 01 02 00 61 2a
19:33:28.715       	00 00 49 5f 0d 00 00 00 14 00 00 00 14 00 00 00 ff ff 00 00 00 01 02 00 00 c0 00 00 2a
19:33:28.715       	00 00 49 5f 09 00 00 00 14 00 00 00 14 00 00 00 ff ff 00 00 01 01 02 00 c0
19:33:28.717       	00 00 00 00 32 00 00 00 14 00 00 00 14 00 00 00 ff ff 00 00 01 01 02 00 62 28 82 02 78 21 83 02 3f 00 a5 06 80 01 71 87 01 01 8a 01 05 ab 0b 80 01 87 a4 06 83 01 0a 95 01 08 c6 06 90 01 00 83 01 01
19:33:28.717       	00 00 49 5f 0a 00 00 00 14 00 00 00 14 00 00 00 ff ff 00 00 01 01 02 00 90 00
19:33:28.718       	00 00 49 5f 0d 00 00 00 14 00 00 00 14 00 00 00 ff ff 00 00 00 01 02 00 00 a4 00 04 02
19:33:28.719       	00 00 49 5f 09 00 00 00 14 00 00 00 14 00 00 00 ff ff 00 00 01 01 02 00 a4
19:33:28.719       	00 00 49 5f 0a 00 00 00 14 00 00 00 14 00 00 00 ff ff 00 00 00 01 02 00 2f e2
19:33:28.720       	00 00 49 5f 0a 00 00 00 14 00 00 00 14 00 00 00 ff ff 00 00 01 01 02 00 6a 82
19:33:28.720       	00 00 49 5f 0d 00 00 00 14 00 00 00 14 00 00 00 ff ff 00 00 00 01 02 00 00 a4 00 04 02
19:33:28.721       	00 00 49 5f 09 00 00 00 14 00 00 00 14 00 00 00 ff ff 00 00 01 01 02 00 a4
19:33:28.722       	00 00 49 5f 0a 00 00 00 14 00 00 00 14 00 00 00 ff ff 00 00 00 01 02 00 3f 00
19:33:28.722       	00 00 49 5f 0a 00 00 00 14 00 00 00 14 00 00 00 ff ff 00 00 01 01 02 00 61 2a
19:33:28.723       	00 00 49 5f 0d 00 00 00 14 00 00 00 14 00 00 00 ff ff 00 00 00 01 02 00 00 c0 00 00 2a
19:33:28.723       	00 00 49 5f 09 00 00 00 14 00 00 00 14 00 00 00 ff ff 00 00 01 01 02 00 c0
19:33:28.725       	00 00 00 00 32 00 00 00 14 00 00 00 14 00 00 00 ff ff 00 00 01 01 02 00 62 28 82 02 78 21 83 02 3f 00 a5 06 80 01 71 87 01 01 8a 01 05 ab 0b 80 01 87 a4 06 83 01 0a 95 01 08 c6 06 90 01 00 83 01 01
19:33:28.725       	00 00 49 5f 0a 00 00 00 14 00 00 00 14 00 00 00 ff ff 00 00 01 01 02 00 90 00
19:33:28.726       	00 00 49 5f 0d 00 00 00 14 00 00 00 14 00 00 00 ff ff 00 00 00 01 02 00 00 b0 82 00 0a
19:33:28.727       	00 00 49 5f 0a 00 00 00 14 00 00 00 14 00 00 00 ff ff 00 00 01 01 02 00 6a 82
19:33:28.727       	00 00 49 5f 0d 00 00 00 14 00 00 00 14 00 00 00 ff ff 00 00 00 01 02 00 00 b0 82 00 0a
19:33:28.728       	00 00 49 5f 0a 00 00 00 14 00 00 00 14 00 00 00 ff ff 00 00 01 01 02 00 6a 82
19:33:28.729       	00 00 49 5f 0d 00 00 00 14 00 00 00 14 00 00 00 ff ff 00 00 00 01 02 00 00 a4 08 04 02
19:33:28.729       	00 00 49 5f 09 00 00 00 14 00 00 00 14 00 00 00 ff ff 00 00 01 01 02 00 a4
19:33:28.730       	00 00 49 5f 0a 00 00 00 14 00 00 00 14 00 00 00 ff ff 00 00 00 01 02 00 2f e2
19:33:28.731       	00 00 49 5f 0a 00 00 00 14 00 00 00 14 00 00 00 ff ff 00 00 01 01 02 00 6a 82
19:33:28.731       	00 00 49 5f 0d 00 00 00 14 00 00 00 14 00 00 00 ff ff 00 00 00 01 02 00 00 a4 00 04 02
19:33:28.732       	00 00 49 5f 09 00 00 00 14 00 00 00 14 00 00 00 ff ff 00 00 01 01 02 00 a4
19:33:28.732       	00 00 49 5f 0a 00 00 00 14 00 00 00 14 00 00 00 ff ff 00 00 00 01 02 00 3f 00
19:33:28.733       	00 00 49 5f 0a 00 00 00 14 00 00 00 14 00 00 00 ff ff 00 00 01 01 02 00 61 2a
19:33:28.733       	00 00 49 5f 0d 00 00 00 14 00 00 00 14 00 00 00 ff ff 00 00 00 01 02 00 00 c0 00 00 2a
19:33:28.734       	00 00 49 5f 09 00 00 00 14 00 00 00 14 00 00 00 ff ff 00 00 01 01 02 00 c0
19:33:28.736       	00 00 00 00 32 00 00 00 14 00 00 00 14 00 00 00 ff ff 00 00 01 01 02 00 62 28 82 02 78 21 83 02 3f 00 a5 06 80 01 71 87 01 01 8a 01 05 ab 0b 80 01 87 a4 06 83 01 0a 95 01 08 c6 06 90 01 00 83 01 01
19:33:28.736       	00 00 49 5f 0a 00 00 00 14 00 00 00 14 00 00 00 ff ff 00 00 01 01 02 00 90 00
19:33:28.736       	00 00 49 5f 0d 00 00 00 14 00 00 00 14 00 00 00 ff ff 00 00 00 01 02 00 00 a4 00 04 02
19:33:28.737       	00 00 49 5f 09 00 00 00 14 00 00 00 14 00 00 00 ff ff 00 00 01 01 02 00 a4
19:33:28.738       	00 00 49 5f 0a 00 00 00 14 00 00 00 14 00 00 00 ff ff 00 00 00 01 02 00 2f e2
19:33:28.738       	00 00 49 5f 0a 00 00 00 14 00 00 00 14 00 00 00 ff ff 00 00 01 01 02 00 6a 82
19:33:28.739       	00 00 49 5f 0d 00 00 00 14 00 00 00 14 00 00 00 ff ff 00 00 00 01 02 00 00 a4 00 04 02
19:33:28.739       	00 00 49 5f 09 00 00 00 14 00 00 00 14 00 00 00 ff ff 00 00 01 01 02 00 a4
19:33:28.740       	00 00 49 5f 0a 00 00 00 14 00 00 00 14 00 00 00 ff ff 00 00 00 01 02 00 3f 00
19:33:28.740       	00 00 49 5f 0a 00 00 00 14 00 00 00 14 00 00 00 ff ff 00 00 01 01 02 00 61 2a
19:33:28.741       	00 00 49 5f 0d 00 00 00 14 00 00 00 14 00 00 00 ff ff 00 00 00 01 02 00 00 c0 00 00 2a
19:33:28.741       	00 00 49 5f 09 00 00 00 14 00 00 00 14 00 00 00 ff ff 00 00 01 01 02 00 c0
19:33:28.743       	00 00 00 00 32 00 00 00 14 00 00 00 14 00 00 00 ff ff 00 00 01 01 02 00 62 28 82 02 78 21 83 02 3f 00 a5 06 80 01 71 87 01 01 8a 01 05 ab 0b 80 01 87 a4 06 83 01 0a 95 01 08 c6 06 90 01 00 83 01 01
19:33:28.744       	00 00 49 5f 0a 00 00 00 14 00 00 00 14 00 00 00 ff ff 00 00 01 01 02 00 90 00
19:33:28.744       	00 00 49 5f 0d 00 00 00 14 00 00 00 14 00 00 00 ff ff 00 00 00 01 02 00 00 b0 82 00 0a
19:33:28.745       	00 00 49 5f 0a 00 00 00 14 00 00 00 14 00 00 00 ff ff 00 00 01 01 02 00 6a 82
19:33:28.746       	00 00 49 5f 0d 00 00 00 14 00 00 00 14 00 00 00 ff ff 00 00 00 01 02 00 00 b0 82 00 0a
19:33:28.747       	00 00 49 5f 0a 00 00 00 14 00 00 00 14 00 00 00 ff ff 00 00 01 01 02 00 6a 82
19:33:28.760       	00 00 49 5f 0d 00 00 00 14 00 00 00 14 00 00 00 ff ff 00 00 00 01 02 00 00 a4 08 04 02
19:33:28.761       	00 00 49 5f 09 00 00 00 14 00 00 00 14 00 00 00 ff ff 00 00 01 01 02 00 a4
19:33:28.761       	00 00 49 5f 0a 00 00 00 14 00 00 00 14 00 00 00 ff ff 00 00 00 01 02 00 2f e2
19:33:28.762       	00 00 49 5f 0a 00 00 00 14 00 00 00 14 00 00 00 ff ff 00 00 01 01 02 00 6a 82
19:33:28.763       	00 00 49 5f 0d 00 00 00 14 00 00 00 14 00 00 00 ff ff 00 00 00 01 02 00 00 a4 00 04 02
19:33:28.763       	00 00 49 5f 09 00 00 00 14 00 00 00 14 00 00 00 ff ff 00 00 01 01 02 00 a4
19:33:28.764       	00 00 49 5f 0a 00 00 00 14 00 00 00 14 00 00 00 ff ff 00 00 00 01 02 00 3f 00
19:33:28.764       	00 00 49 5f 0a 00 00 00 14 00 00 00 14 00 00 00 ff ff 00 00 01 01 02 00 61 2a
19:33:28.765       	00 00 49 5f 0d 00 00 00 14 00 00 00 14 00 00 00 ff ff 00 00 00 01 02 00 00 c0 00 00 2a
19:33:28.765       	00 00 49 5f 09 00 00 00 14 00 00 00 14 00 00 00 ff ff 00 00 01 01 02 00 c0
19:33:28.767       	00 00 00 00 32 00 00 00 14 00 00 00 14 00 00 00 ff ff 00 00 01 01 02 00 62 28 82 02 78 21 83 02 3f 00 a5 06 80 01 71 87 01 01 8a 01 05 ab 0b 80 01 87 a4 06 83 01 0a 95 01 08 c6 06 90 01 00 83 01 01
19:33:28.767       	00 00 49 5f 0a 00 00 00 14 00 00 00 14 00 00 00 ff ff 00 00 01 01 02 00 90 00
19:33:28.768       	00 00 49 5f 0d 00 00 00 14 00 00 00 14 00 00 00 ff ff 00 00 00 01 02 00 00 a4 00 04 02
19:33:28.769       	00 00 49 5f 09 00 00 00 14 00 00 00 14 00 00 00 ff ff 00 00 01 01 02 00 a4
19:33:28.769       	00 00 49 5f 0a 00 00 00 14 00 00 00 14 00 00 00 ff ff 00 00 00 01 02 00 2f e2
19:33:28.770       	00 00 49 5f 0a 00 00 00 14 00 00 00 14 00 00 00 ff ff 00 00 01 01 02 00 6a 82
19:33:28.771       	00 00 49 5f 0d 00 00 00 14 00 00 00 14 00 00 00 ff ff 00 00 00 01 02 00 00 a4 00 04 02
19:33:28.771       	00 00 49 5f 09 00 00 00 14 00 00 00 14 00 00 00 ff ff 00 00 01 01 02 00 a4
19:33:28.772       	00 00 49 5f 0a 00 00 00 14 00 00 00 14 00 00 00 ff ff 00 00 00 01 02 00 3f 00
19:33:28.772       	00 00 49 5f 0a 00 00 00 14 00 00 00 14 00 00 00 ff ff 00 00 01 01 02 00 61 2a
19:33:28.773       	00 00 49 5f 0d 00 00 00 14 00 00 00 14 00 00 00 ff ff 00 00 00 01 02 00 00 c0 00 00 2a
19:33:28.773       	00 00 49 5f 09 00 00 00 14 00 00 00 14 00 00 00 ff ff 00 00 01 01 02 00 c0
19:33:28.775       	00 00 00 00 32 00 00 00 14 00 00 00 14 00 00 00 ff ff 00 00 01 01 02 00 62 28 82 02 78 21 83 02 3f 00 a5 06 80 01 71 87 01 01 8a 01 05 ab 0b 80 01 87 a4 06 83 01 0a 95 01 08 c6 06 90 01 00 83 01 01
19:33:28.775       	00 00 49 5f 0a 00 00 00 14 00 00 00 14 00 00 00 ff ff 00 00 01 01 02 00 90 00
19:33:28.776       	00 00 49 5f 0d 00 00 00 14 00 00 00 14 00 00 00 ff ff 00 00 00 01 02 00 00 b0 82 00 0a
19:33:28.777       	00 00 49 5f 0a 00 00 00 14 00 00 00 14 00 00 00 ff ff 00 00 01 01 02 00 6a 82
19:33:28.777       	00 00 49 5f 0d 00 00 00 14 00 00 00 14 00 00 00 ff ff 00 00 00 01 02 00 00 b0 82 00 0a
19:33:28.778       	00 00 49 5f 0a 00 00 00 14 00 00 00 14 00 00 00 ff ff 00 00 01 01 02 00 6a 82
19:33:28.779       	00 00 49 5f 0d 00 00 00 14 00 00 00 14 00 00 00 ff ff 00 00 00 01 02 00 00 a4 08 04 02
19:33:28.779       	00 00 49 5f 09 00 00 00 14 00 00 00 14 00 00 00 ff ff 00 00 01 01 02 00 a4
19:33:28.780       	00 00 49 5f 0a 00 00 00 14 00 00 00 14 00 00 00 ff ff 00 00 00 01 02 00 2f e2
19:33:28.781       	00 00 49 5f 0a 00 00 00 14 00 00 00 14 00 00 00 ff ff 00 00 01 01 02 00 6a 82
19:33:28.781       	00 00 49 5f 0d 00 00 00 14 00 00 00 14 00 00 00 ff ff 00 00 00 01 02 00 00 a4 00 04 02
19:33:28.782       	00 00 49 5f 09 00 00 00 14 00 00 00 14 00 00 00 ff ff 00 00 01 01 02 00 a4
19:33:28.782       	00 00 49 5f 0a 00 00 00 14 00 00 00 14 00 00 00 ff ff 00 00 00 01 02 00 3f 00
19:33:28.783       	00 00 49 5f 0a 00 00 00 14 00 00 00 14 00 00 00 ff ff 00 00 01 01 02 00 61 2a
19:33:28.783       	00 00 49 5f 0d 00 00 00 14 00 00 00 14 00 00 00 ff ff 00 00 00 01 02 00 00 c0 00 00 2a
19:33:28.784       	00 00 49 5f 09 00 00 00 14 00 00 00 14 00 00 00 ff ff 00 00 01 01 02 00 c0
19:33:28.786       	00 00 00 00 32 00 00 00 14 00 00 00 14 00 00 00 ff ff 00 00 01 01 02 00 62 28 82 02 78 21 83 02 3f 00 a5 06 80 01 71 87 01 01 8a 01 05 ab 0b 80 01 87 a4 06 83 01 0a 95 01 08 c6 06 90 01 00 83 01 01
19:33:28.786       	00 00 49 5f 0a 00 00 00 14 00 00 00 14 00 00 00 ff ff 00 00 01 01 02 00 90 00
19:33:28.787       	00 00 49 5f 0d 00 00 00 14 00 00 00 14 00 00 00 ff ff 00 00 00 01 02 00 00 a4 00 04 02
19:33:28.787       	00 00 49 5f 09 00 00 00 14 00 00 00 14 00 00 00 ff ff 00 00 01 01 02 00 a4
19:33:28.788       	00 00 49 5f 0a 00 00 00 14 00 00 00 14 00 00 00 ff ff 00 00 00 01 02 00 2f e2
19:33:28.788       	00 00 49 5f 0a 00 00 00 14 00 00 00 14 00 00 00 ff ff 00 00 01 01 02 00 6a 82
19:33:28.789       	00 00 49 5f 0d 00 00 00 14 00 00 00 14 00 00 00 ff ff 00 00 00 01 02 00 00 a4 00 04 02
19:33:28.789       	00 00 49 5f 09 00 00 00 14 00 00 00 14 00 00 00 ff ff 00 00 01 01 02 00 a4
19:33:28.790       	00 00 49 5f 0a 00 00 00 14 00 00 00 14 00 00 00 ff ff 00 00 00 01 02 00 3f 00
19:33:28.790       	00 00 49 5f 0a 00 00 00 14 00 00 00 14 00 00 00 ff ff 00 00 01 01 02 00 61 2a
19:33:28.791       	00 00 49 5f 0d 00 00 00 14 00 00 00 14 00 00 00 ff ff 00 00 00 01 02 00 00 c0 00 00 2a
19:33:28.791       	00 00 49 5f 09 00 00 00 14 00 00 00 14 00 00 00 ff ff 00 00 01 01 02 00 c0
19:33:28.793       	00 00 00 00 32 00 00 00 14 00 00 00 14 00 00 00 ff ff 00 00 01 01 02 00 62 28 82 02 78 21 83 02 3f 00 a5 06 80 01 71 87 01 01 8a 01 05 ab 0b 80 01 87 a4 06 83 01 0a 95 01 08 c6 06 90 01 00 83 01 01
19:33:28.794       	00 00 49 5f 0a 00 00 00 14 00 00 00 14 00 00 00 ff ff 00 00 01 01 02 00 90 00
19:33:28.794       	00 00 49 5f 0d 00 00 00 14 00 00 00 14 00 00 00 ff ff 00 00 00 01 02 00 00 b0 82 00 0a
19:33:28.795       	00 00 49 5f 0a 00 00 00 14 00 00 00 14 00 00 00 ff ff 00 00 01 01 02 00 6a 82
19:33:28.796       	00 00 49 5f 0d 00 00 00 14 00 00 00 14 00 00 00 ff ff 00 00 00 01 02 00 00 b0 82 00 0a
19:33:28.797       	00 00 49 5f 0a 00 00 00 14 00 00 00 14 00 00 00 ff ff 00 00 01 01 02 00 6a 82
19:33:29.325       	00 00 49 5f 0d 00 00 00 14 00 00 00 14 00 00 00 ff ff 00 00 00 01 02 00 80 7c 00 00 00
19:33:29.326       	00 00 49 5f 0a 00 00 00 14 00 00 00 14 00 00 00 ff ff 00 00 01 01 02 00 90 00
19:33:29.327       	00 00 49 5f 0d 00 00 00 14 00 00 00 14 00 00 00 ff ff 00 00 00 01 00 00 00 70 00 00 01
19:33:29.327       	00 00 49 5f 09 00 00 00 14 00 00 00 14 00 00 00 ff ff 00 00 01 01 00 00 70
19:33:29.327       	00 00 49 5f 09 00 00 00 14 00 00 00 14 00 00 00 ff ff 00 00 01 01 00 00 01
19:33:29.327       	00 00 49 5f 0a 00 00 00 14 00 00 00 14 00 00 00 ff ff 00 00 01 01 00 00 90 00
19:33:29.328       	00 00 49 5f 0d 00 00 00 14 00 00 00 14 00 00 00 ff ff 00 00 00 01 00 00 01 a4 04 00 10
19:33:29.328       	00 00 49 5f 09 00 00 00 14 00 00 00 14 00 00 00 ff ff 00 00 01 01 00 00 a4
19:33:29.329       	00 00 49 5f 18 00 00 00 14 00 00 00 14 00 00 00 ff ff 00 00 00 01 00 00 a0 00 00 05 59 10 10 ff ff ff ff 89 00 00 01 00
19:33:29.332       	00 00 49 5f 0a 00 00 00 14 00 00 00 14 00 00 00 ff ff 00 00 01 01 00 00 61 24
19:33:29.332       	00 00 49 5f 0d 00 00 00 14 00 00 00 14 00 00 00 ff ff 00 00 00 01 00 00 01 c0 00 00 24
19:33:29.333       	00 00 49 5f 09 00 00 00 14 00 00 00 14 00 00 00 ff ff 00 00 01 01 00 00 c0
19:33:29.334       	00 00 00 00 2c 00 00 00 14 00 00 00 14 00 00 00 ff ff 00 00 01 01 00 00 6f 22 84 10 a0 00 00 05 59 10 10 ff ff ff ff 89 00 00 01 00 a5 04 9f 65 01 ff e0 08 82 03 02 03 00 03 01 00
19:33:29.335       	00 00 49 5f 0a 00 00 00 14 00 00 00 14 00 00 00 ff ff 00 00 01 01 00 00 90 00
19:33:29.343       	00 00 49 5f 0d 00 00 00 14 00 00 00 14 00 00 00 ff ff 00 00 00 01 00 00 81 e2 91 00 17
19:33:29.344       	00 00 49 5f 09 00 00 00 14 00 00 00 14 00 00 00 ff ff 00 00 01 01 00 00 e2
19:33:29.344       	00 00 49 5f 1f 00 00 00 14 00 00 00 14 00 00 00 ff ff 00 00 00 01 00 00 bf 31 14 a0 0c 5a 0a 98 58 22 54 82 00 02 66 21 16 81 01 00 82 01 02
19:33:29.613       	00 00 49 5f 0a 00 00 00 14 00 00 00 14 00 00 00 ff ff 00 00 01 01 00 00 61 06
19:33:29.614       	00 00 49 5f 0d 00 00 00 14 00 00 00 14 00 00 00 ff ff 00 00 00 01 00 00 01 c0 00 00 06
19:33:29.614       	00 00 49 5f 09 00 00 00 14 00 00 00 14 00 00 00 ff ff 00 00 01 01 00 00 c0
19:33:29.614       	00 00 49 5f 0e 00 00 00 14 00 00 00 14 00 00 00 ff ff 00 00 01 01 00 00 bf 31 03 80 01 00
19:33:29.615       	00 00 49 5f 0a 00 00 00 14 00 00 00 14 00 00 00 ff ff 00 00 01 01 00 00 90 00
19:33:29.624       	00 00 49 5f 0d 00 00 00 14 00 00 00 14 00 00 00 ff ff 00 00 00 01 00 00 00 70 80 01 00
19:33:29.624       	00 00 49 5f 0a 00 00 00 14 00 00 00 14 00 00 00 ff ff 00 00 01 01 00 00 90 00
19:33:29.754       	00 00 49 5f 1e 00 00 00 14 00 00 00 14 00 00 00 ff ff 00 00 01 01 00 00 3b 9f 96 80 3f c7 83 80 31 e0 73 f6 21 13 67 56 07 58 e0 24 04 10
19:33:29.861       	00 00 49 5f 0d 00 00 00 14 00 00 00 14 00 00 00 ff ff 00 00 00 01 00 00 80 7c 04 00 09
19:33:29.935       	00 00 49 5f 09 00 00 00 14 00 00 00 14 00 00 00 ff ff 00 00 01 01 00 00 7c
19:33:29.936       	00 00 49 5f 11 00 00 00 14 00 00 00 14 00 00 00 ff ff 00 00 00 01 00 00 80 01 02 90 01 01 91 01 02
19:33:29.953       	00 00 49 5f 0a 00 00 00 14 00 00 00 14 00 00 00 ff ff 00 00 01 01 00 00 61 0a
19:33:29.953       	00 00 49 5f 0d 00 00 00 14 00 00 00 14 00 00 00 ff ff 00 00 00 01 00 00 00 c0 00 00 0a
19:33:29.954       	00 00 49 5f 09 00 00 00 14 00 00 00 14 00 00 00 ff ff 00 00 01 01 00 00 c0
19:33:29.954       	00 00 49 5f 12 00 00 00 14 00 00 00 14 00 00 00 ff ff 00 00 01 01 00 00 80 01 02 90 02 01 01 91 01 02
19:33:29.954       	00 00 49 5f 0a 00 00 00 14 00 00 00 14 00 00 00 ff ff 00 00 01 01 00 00 90 00
19:33:29.955       	00 00 49 5f 0d 00 00 00 14 00 00 00 14 00 00 00 ff ff 00 00 00 01 00 00 00 a4 00 04 02
19:33:29.955       	00 00 49 5f 09 00 00 00 14 00 00 00 14 00 00 00 ff ff 00 00 01 01 00 00 a4
19:33:29.956       	00 00 49 5f 0a 00 00 00 14 00 00 00 14 00 00 00 ff ff 00 00 00 01 00 00 3f 00
19:33:29.961       	00 00 49 5f 0a 00 00 00 14 00 00 00 14 00 00 00 ff ff 00 00 01 01 00 00 61 2a
19:33:29.962       	00 00 49 5f 0d 00 00 00 14 00 00 00 14 00 00 00 ff ff 00 00 00 01 00 00 00 c0 00 00 2a
19:33:29.962       	00 00 49 5f 09 00 00 00 14 00 00 00 14 00 00 00 ff ff 00 00 01 01 00 00 c0
19:33:29.964       	00 00 00 00 32 00 00 00 14 00 00 00 14 00 00 00 ff ff 00 00 01 01 00 00 62 28 82 02 78 21 83 02 3f 00 a5 06 80 01 71 87 01 01 8a 01 05 ab 0b 80 01 87 a4 06 83 01 0a 95 01 08 c6 06 90 01 00 83 01 01
19:33:29.965       	00 00 49 5f 0a 00 00 00 14 00 00 00 14 00 00 00 ff ff 00 00 01 01 00 00 90 00
19:33:29.965       	00 00 49 5f 0d 00 00 00 14 00 00 00 14 00 00 00 ff ff 00 00 00 01 00 00 80 10 00 00 1e
19:33:29.966       	00 00 49 5f 09 00 00 00 14 00 00 00 14 00 00 00 ff ff 00 00 01 01 00 00 10
19:33:29.966       	00 00 49 5f 26 00 00 00 14 00 00 00 14 00 00 00 ff ff 00 00 00 01 00 00 00 00 80 00 00 00 00 00 00 00 00 00 00 00 00 00 00 00 00 00 00 00 00 00 00 00 00 00 00 00
19:33:29.989       	00 00 49 5f 0a 00 00 00 14 00 00 00 14 00 00 00 ff ff 00 00 01 01 00 00 90 00
19:33:29.990       	00 00 49 5f 0d 00 00 00 14 00 00 00 14 00 00 00 ff ff 00 00 00 01 00 00 80 7c 00 02 00
19:33:29.998       	00 00 49 5f 0a 00 00 00 14 00 00 00 14 00 00 00 ff ff 00 00 01 01 00 00 90 00
19:33:29.998       	00 00 49 5f 0d 00 00 00 14 00 00 00 14 00 00 00 ff ff 00 00 00 01 02 00 00 a4 00 04 02
19:33:29.999       	00 00 49 5f 09 00 00 00 14 00 00 00 14 00 00 00 ff ff 00 00 01 01 02 00 a4
19:33:29.999       	00 00 49 5f 0a 00 00 00 14 00 00 00 14 00 00 00 ff ff 00 00 00 01 02 00 3f 00
19:33:30.022       	00 00 49 5f 0a 00 00 00 14 00 00 00 14 00 00 00 ff ff 00 00 01 01 02 00 61 28
19:33:30.022       	00 00 49 5f 0d 00 00 00 14 00 00 00 14 00 00 00 ff ff 00 00 00 01 02 00 00 c0 00 00 28
19:33:30.023       	00 00 49 5f 09 00 00 00 14 00 00 00 14 00 00 00 ff ff 00 00 01 01 02 00 c0
19:33:30.025       	00 00 00 00 30 00 00 00 14 00 00 00 14 00 00 00 ff ff 00 00 01 01 02 00 62 26 82 02 78 21 83 02 3f 00 a5 06 80 01 71 87 01 01 8a 01 05 8b 03 2f 06 0e c6 0c 90 01 60 83 01 01 83 01 02 83 01 0a
19:33:30.025       	00 00 49 5f 0a 00 00 00 14 00 00 00 14 00 00 00 ff ff 00 00 01 01 02 00 90 00
19:33:30.025       	00 00 49 5f 0d 00 00 00 14 00 00 00 14 00 00 00 ff ff 00 00 00 01 02 00 80 aa 00 00 08
19:33:30.026       	00 00 49 5f 09 00 00 00 14 00 00 00 14 00 00 00 ff ff 00 00 01 01 02 00 aa
19:33:30.026       	00 00 49 5f 10 00 00 00 14 00 00 00 14 00 00 00 ff ff 00 00 00 01 02 00 a9 06 82 01 01 83 01 07
19:33:30.031       	00 00 49 5f 0a 00 00 00 14 00 00 00 14 00 00 00 ff ff 00 00 01 01 02 00 90 00
19:33:30.032       	00 00 49 5f 0d 00 00 00 14 00 00 00 14 00 00 00 ff ff 00 00 00 01 02 00 00 a4 08 04 02
19:33:30.033       	00 00 49 5f 09 00 00 00 14 00 00 00 14 00 00 00 ff ff 00 00 01 01 02 00 a4
19:33:30.033       	00 00 49 5f 0a 00 00 00 14 00 00 00 14 00 00 00 ff ff 00 00 00 01 02 00 2f e2
19:33:30.034       	00 00 49 5f 0a 00 00 00 14 00 00 00 14 00 00 00 ff ff 00 00 01 01 02 00 61 18
19:33:30.035       	00 00 49 5f 0d 00 00 00 14 00 00 00 14 00 00 00 ff ff 00 00 00 01 02 00 00 c0 00 00 18
19:33:30.035       	00 00 49 5f 09 00 00 00 14 00 00 00 14 00 00 00 ff ff 00 00 01 01 02 00 c0
19:33:30.036       	00 00 49 5f 20 00 00 00 14 00 00 00 14 00 00 00 ff ff 00 00 01 01 02 00 62 16 82 02 41 21 83 02 2f e2 8a 01 05 8b 03 2f 06 0b 80 02 00 0a 88 00
19:33:30.036       	00 00 49 5f 0a 00 00 00 14 00 00 00 14 00 00 00 ff ff 00 00 01 01 02 00 90 00
19:33:30.037       	00 00 49 5f 0d 00 00 00 14 00 00 00 14 00 00 00 ff ff 00 00 00 01 02 00 00 b0 00 00 0a
19:33:30.038       	00 00 49 5f 09 00 00 00 14 00 00 00 14 00 00 00 ff ff 00 00 01 01 02 00 b0
19:33:30.038       	00 00 49 5f 12 00 00 00 14 00 00 00 14 00 00 00 ff ff 00 00 01 01 02 00 98 58 22 54 82 00 02 66 21 16
19:33:30.038       	00 00 49 5f 0a 00 00 00 14 00 00 00 14 00 00 00 ff ff 00 00 01 01 02 00 90 00
19:33:30.039       	00 00 49 5f 0d 00 00 00 14 00 00 00 14 00 00 00 ff ff 00 00 00 01 02 00 00 a4 08 04 02
19:33:30.040       	00 00 49 5f 09 00 00 00 14 00 00 00 14 00 00 00 ff ff 00 00 01 01 02 00 a4
19:33:30.040       	00 00 49 5f 0a 00 00 00 14 00 00 00 14 00 00 00 ff ff 00 00 00 01 02 00 2f 05
19:33:30.041       	00 00 49 5f 0a 00 00 00 14 00 00 00 14 00 00 00 ff ff 00 00 01 01 02 00 61 19
19:33:30.042       	00 00 49 5f 0d 00 00 00 14 00 00 00 14 00 00 00 ff ff 00 00 00 01 02 00 00 c0 00 00 19
19:33:30.042       	00 00 49 5f 09 00 00 00 14 00 00 00 14 00 00 00 ff ff 00 00 01 01 02 00 c0
19:33:30.043       	00 00 49 5f 21 00 00 00 14 00 00 00 14 00 00 00 ff ff 00 00 01 01 02 00 62 17 82 02 41 21 83 02 2f 05 8a 01 05 8b 03 2f 06 01 80 02 00 02 88 01 28
19:33:30.044       	00 00 49 5f 0a 00 00 00 14 00 00 00 14 00 00 00 ff ff 00 00 01 01 02 00 90 00
19:33:30.044       	00 00 49 5f 0d 00 00 00 14 00 00 00 14 00 00 00 ff ff 00 00 00 01 02 00 00 b0 00 00 02
19:33:30.045       	00 00 49 5f 09 00 00 00 14 00 00 00 14 00 00 00 ff ff 00 00 01 01 02 00 b0
19:33:30.045       	00 00 49 5f 0a 00 00 00 14 00 00 00 14 00 00 00 ff ff 00 00 01 01 02 00 ff ff
19:33:30.045       	00 00 49 5f 0a 00 00 00 14 00 00 00 14 00 00 00 ff ff 00 00 01 01 02 00 90 00
19:33:30.046       	00 00 49 5f 0d 00 00 00 14 00 00 00 14 00 00 00 ff ff 00 00 00 01 02 00 80 10 00 00 1e
19:33:30.046       	00 00 49 5f 09 00 00 00 14 00 00 00 14 00 00 00 ff ff 00 00 01 01 02 00 10
19:33:30.047       	00 00 49 5f 26 00 00 00 14 00 00 00 14 00 00 00 ff ff 00 00 00 01 02 00 ff ff ff ff 5f dd 00 df ff 03 02 1f e2 00 00 00 c3 c9 00 00 00 00 40 00 50 00 00 00 00 08
19:33:30.105       	00 00 49 5f 0a 00 00 00 14 00 00 00 14 00 00 00 ff ff 00 00 01 01 02 00 91 10
19:33:30.105       	00 00 49 5f 0d 00 00 00 14 00 00 00 14 00 00 00 ff ff 00 00 00 01 02 00 00 a4 08 04 02
19:33:30.106       	00 00 49 5f 09 00 00 00 14 00 00 00 14 00 00 00 ff ff 00 00 01 01 02 00 a4
19:33:30.107       	00 00 49 5f 0a 00 00 00 14 00 00 00 14 00 00 00 ff ff 00 00 00 01 02 00 2f 00
19:33:30.108       	00 00 49 5f 0a 00 00 00 14 00 00 00 14 00 00 00 ff ff 00 00 01 01 02 00 61 1c
19:33:30.108       	00 00 49 5f 0d 00 00 00 14 00 00 00 14 00 00 00 ff ff 00 00 00 01 02 00 00 c0 00 00 1c
19:33:30.108       	00 00 49 5f 09 00 00 00 14 00 00 00 14 00 00 00 ff ff 00 00 01 01 02 00 c0
19:33:30.110       	00 00 49 5f 24 00 00 00 14 00 00 00 14 00 00 00 ff ff 00 00 01 01 02 00 62 1a 82 05 42 21 00 26 04 83 02 2f 00 8a 01 05 8b 03 2f 06 0a 80 02 00 98 88 01 f0
19:33:30.110       	00 00 49 5f 0a 00 00 00 14 00 00 00 14 00 00 00 ff ff 00 00 01 01 02 00 91 10
19:33:30.111       	00 00 49 5f 0d 00 00 00 14 00 00 00 14 00 00 00 ff ff 00 00 00 01 02 00 00 b2 01 04 26
19:33:30.111       	00 00 49 5f 09 00 00 00 14 00 00 00 14 00 00 00 ff ff 00 00 01 01 02 00 b2
19:33:30.113       	00 00 00 00 2e 00 00 00 14 00 00 00 14 00 00 00 ff ff 00 00 01 01 02 00 61 18 4f 10 a0 00 00 00 87 10 02 ff 33 ff 01 89 00 00 01 00 50 04 55 53 49 4d ff ff ff ff ff ff ff ff ff ff ff ff
19:33:30.113       	00 00 49 5f 0a 00 00 00 14 00 00 00 14 00 00 00 ff ff 00 00 01 01 02 00 91 10
19:33:30.114       	00 00 49 5f 0d 00 00 00 14 00 00 00 14 00 00 00 ff ff 00 00 00 01 02 00 00 b2 02 04 26
19:33:30.115       	00 00 49 5f 09 00 00 00 14 00 00 00 14 00 00 00 ff ff 00 00 01 01 02 00 b2
19:33:30.116       	00 00 00 00 2e 00 00 00 14 00 00 00 14 00 00 00 ff ff 00 00 01 01 02 00 ff ff ff ff ff ff ff ff ff ff ff ff ff ff ff ff ff ff ff ff ff ff ff ff ff ff ff ff ff ff ff ff ff ff ff ff ff ff
19:33:30.117       	00 00 49 5f 0a 00 00 00 14 00 00 00 14 00 00 00 ff ff 00 00 01 01 02 00 91 10
19:33:30.117       	00 00 49 5f 0d 00 00 00 14 00 00 00 14 00 00 00 ff ff 00 00 00 01 02 00 00 b2 03 04 26
19:33:30.118       	00 00 49 5f 09 00 00 00 14 00 00 00 14 00 00 00 ff ff 00 00 01 01 02 00 b2
19:33:30.120       	00 00 00 00 2e 00 00 00 14 00 00 00 14 00 00 00 ff ff 00 00 01 01 02 00 ff ff ff ff ff ff ff ff ff ff ff ff ff ff ff ff ff ff ff ff ff ff ff ff ff ff ff ff ff ff ff ff ff ff ff ff ff ff
19:33:30.120       	00 00 49 5f 0a 00 00 00 14 00 00 00 14 00 00 00 ff ff 00 00 01 01 02 00 91 10
19:33:30.120       	00 00 49 5f 0d 00 00 00 14 00 00 00 14 00 00 00 ff ff 00 00 00 01 02 00 00 b2 04 04 26
19:33:30.121       	00 00 49 5f 09 00 00 00 14 00 00 00 14 00 00 00 ff ff 00 00 01 01 02 00 b2
19:33:30.123       	00 00 00 00 2e 00 00 00 14 00 00 00 14 00 00 00 ff ff 00 00 01 01 02 00 ff ff ff ff ff ff ff ff ff ff ff ff ff ff ff ff ff ff ff ff ff ff ff ff ff ff ff ff ff ff ff ff ff ff ff ff ff ff
19:33:30.123       	00 00 49 5f 0a 00 00 00 14 00 00 00 14 00 00 00 ff ff 00 00 01 01 02 00 91 10
19:33:30.124       	00 00 49 5f 0d 00 00 00 14 00 00 00 14 00 00 00 ff ff 00 00 00 01 02 00 00 a4 04 04 10
19:33:30.124       	00 00 49 5f 09 00 00 00 14 00 00 00 14 00 00 00 ff ff 00 00 01 01 02 00 a4
19:33:30.125       	00 00 49 5f 18 00 00 00 14 00 00 00 14 00 00 00 ff ff 00 00 00 01 02 00 a0 00 00 00 87 10 02 ff 33 ff 01 89 00 00 01 00
19:33:30.150       	00 00 49 5f 0a 00 00 00 14 00 00 00 14 00 00 00 ff ff 00 00 01 01 02 00 61 32
19:33:30.151       	00 00 49 5f 0d 00 00 00 14 00 00 00 14 00 00 00 ff ff 00 00 00 01 02 00 00 c0 00 00 32
19:33:30.151       	00 00 49 5f 09 00 00 00 14 00 00 00 14 00 00 00 ff ff 00 00 01 01 02 00 c0
19:33:30.153       	00 00 00 00 3a 00 00 00 14 00 00 00 14 00 00 00 ff ff 00 00 01 01 02 00 62 30 82 02 78 21 83 02 7f f1 84 10 a0 00 00 00 87 10 02 ff 33 ff 01 89 00 00 01 00 8a 01 05 8b 03 2f 06 0e c6 0c 90 01 60 83 01 01 83 01 81 83 01 0a
19:33:30.154       	00 00 49 5f 0a 00 00 00 14 00 00 00 14 00 00 00 ff ff 00 00 01 01 02 00 91 10
19:33:30.154       	00 00 49 5f 0d 00 00 00 14 00 00 00 14 00 00 00 ff ff 00 00 00 01 02 00 00 a4 08 04 04
19:33:30.155       	00 00 49 5f 09 00 00 00 14 00 00 00 14 00 00 00 ff ff 00 00 01 01 02 00 a4
19:33:30.155       	00 00 49 5f 0c 00 00 00 14 00 00 00 14 00 00 00 ff ff 00 00 00 01 02 00 7f ff 6f b7
19:33:30.158       	00 00 49 5f 0a 00 00 00 14 00 00 00 14 00 00 00 ff ff 00 00 01 01 02 00 61 1c
19:33:30.159       	00 00 49 5f 0d 00 00 00 14 00 00 00 14 00 00 00 ff ff 00 00 00 01 02 00 00 c0 00 00 1c
19:33:30.159       	00 00 49 5f 09 00 00 00 14 00 00 00 14 00 00 00 ff ff 00 00 01 01 02 00 c0
19:33:30.161       	00 00 49 5f 24 00 00 00 14 00 00 00 14 00 00 00 ff ff 00 00 01 01 02 00 62 1a 82 05 42 21 00 04 01 83 02 6f b7 8a 01 05 8b 03 6f 06 0a 80 02 00 04 88 01 08
19:33:30.161       	00 00 49 5f 0a 00 00 00 14 00 00 00 14 00 00 00 ff ff 00 00 01 01 02 00 91 10
19:33:30.161       	00 00 49 5f 0d 00 00 00 14 00 00 00 14 00 00 00 ff ff 00 00 00 01 02 00 00 b2 01 04 04
19:33:30.162       	00 00 49 5f 09 00 00 00 14 00 00 00 14 00 00 00 ff ff 00 00 01 01 02 00 b2
19:33:30.162       	00 00 49 5f 0c 00 00 00 14 00 00 00 14 00 00 00 ff ff 00 00 01 01 02 00 ff ff ff 00
19:33:30.162       	00 00 49 5f 0a 00 00 00 14 00 00 00 14 00 00 00 ff ff 00 00 01 01 02 00 91 10
19:33:30.163       	00 00 49 5f 0d 00 00 00 14 00 00 00 14 00 00 00 ff ff 00 00 00 01 02 00 00 a4 08 04 04
19:33:30.164       	00 00 49 5f 09 00 00 00 14 00 00 00 14 00 00 00 ff ff 00 00 01 01 02 00 a4
19:33:30.164       	00 00 49 5f 0c 00 00 00 14 00 00 00 14 00 00 00 ff ff 00 00 00 01 02 00 7f ff 6f 05
19:33:30.166       	00 00 49 5f 0a 00 00 00 14 00 00 00 14 00 00 00 ff ff 00 00 01 01 02 00 6a 82
19:33:30.167       	00 00 49 5f 0d 00 00 00 14 00 00 00 14 00 00 00 ff ff 00 00 00 01 02 00 00 a4 00 04 02
19:33:30.167       	00 00 49 5f 09 00 00 00 14 00 00 00 14 00 00 00 ff ff 00 00 01 01 02 00 a4
19:33:30.168       	00 00 49 5f 0a 00 00 00 14 00 00 00 14 00 00 00 ff ff 00 00 00 01 02 00 3f 00
19:33:30.169       	00 00 49 5f 0a 00 00 00 14 00 00 00 14 00 00 00 ff ff 00 00 01 01 02 00 61 28
19:33:30.169       	00 00 49 5f 0d 00 00 00 14 00 00 00 14 00 00 00 ff ff 00 00 00 01 02 00 00 c0 00 00 28
19:33:30.170       	00 00 49 5f 09 00 00 00 14 00 00 00 14 00 00 00 ff ff 00 00 01 01 02 00 c0
19:33:30.172       	00 00 00 00 30 00 00 00 14 00 00 00 14 00 00 00 ff ff 00 00 01 01 02 00 62 26 82 02 78 21 83 02 3f 00 a5 06 80 01 71 87 01 01 8a 01 05 8b 03 2f 06 0e c6 0c 90 01 60 83 01 01 83 01 02 83 01 0a
19:33:30.172       	00 00 49 5f 0a 00 00 00 14 00 00 00 14 00 00 00 ff ff 00 00 01 01 02 00 91 10
19:33:30.172       	00 00 49 5f 0d 00 00 00 14 00 00 00 14 00 00 00 ff ff 00 00 00 01 02 00 00 a4 00 04 02
19:33:30.173       	00 00 49 5f 09 00 00 00 14 00 00 00 14 00 00 00 ff ff 00 00 01 01 02 00 a4
19:33:30.174       	00 00 49 5f 0a 00 00 00 14 00 00 00 14 00 00 00 ff ff 00 00 00 01 02 00 7f ff
19:33:30.195       	00 00 49 5f 0a 00 00 00 14 00 00 00 14 00 00 00 ff ff 00 00 01 01 02 00 61 32
19:33:30.196       	00 00 49 5f 0d 00 00 00 14 00 00 00 14 00 00 00 ff ff 00 00 00 01 02 00 00 c0 00 00 32
19:33:30.196       	00 00 49 5f 09 00 00 00 14 00 00 00 14 00 00 00 ff ff 00 00 01 01 02 00 c0
19:33:30.199       	00 00 00 00 3a 00 00 00 14 00 00 00 14 00 00 00 ff ff 00 00 01 01 02 00 62 30 82 02 78 21 83 02 7f f1 84 10 a0 00 00 00 87 10 02 ff 33 ff 01 89 00 00 01 00 8a 01 05 8b 03 2f 06 0e c6 0c 90 01 60 83 01 01 83 01 81 83 01 0a
19:33:30.199       	00 00 49 5f 0a 00 00 00 14 00 00 00 14 00 00 00 ff ff 00 00 01 01 02 00 91 10
19:33:30.200       	00 00 49 5f 0d 00 00 00 14 00 00 00 14 00 00 00 ff ff 00 00 00 01 02 00 00 a4 00 04 02
19:33:30.200       	00 00 49 5f 09 00 00 00 14 00 00 00 14 00 00 00 ff ff 00 00 01 01 02 00 a4
19:33:30.201       	00 00 49 5f 0a 00 00 00 14 00 00 00 14 00 00 00 ff ff 00 00 00 01 02 00 6f 05
19:33:30.202       	00 00 49 5f 0a 00 00 00 14 00 00 00 14 00 00 00 ff ff 00 00 01 01 02 00 6a 82
19:33:30.203       	00 00 49 5f 0d 00 00 00 14 00 00 00 14 00 00 00 ff ff 00 00 00 01 02 00 00 20 00 01 00
19:33:30.216       	00 00 49 5f 0a 00 00 00 14 00 00 00 14 00 00 00 ff ff 00 00 01 01 02 00 63 c3
19:33:30.216       	00 00 49 5f 0d 00 00 00 14 00 00 00 14 00 00 00 ff ff 00 00 00 01 02 00 00 2c 00 01 00
19:33:30.229       	00 00 49 5f 0a 00 00 00 14 00 00 00 14 00 00 00 ff ff 00 00 01 01 02 00 63 ca
19:33:30.230       	00 00 49 5f 0d 00 00 00 14 00 00 00 14 00 00 00 ff ff 00 00 00 01 02 00 00 20 00 81 00
19:33:30.243       	00 00 49 5f 0a 00 00 00 14 00 00 00 14 00 00 00 ff ff 00 00 01 01 02 00 63 c3
19:33:30.244       	00 00 49 5f 0d 00 00 00 14 00 00 00 14 00 00 00 ff ff 00 00 00 01 02 00 00 2c 00 81 00
19:33:30.258       	00 00 49 5f 0a 00 00 00 14 00 00 00 14 00 00 00 ff ff 00 00 01 01 02 00 63 ca
19:33:30.258       	00 00 49 5f 0d 00 00 00 14 00 00 00 14 00 00 00 ff ff 00 00 00 01 02 00 00 a4 08 04 04
19:33:30.259       	00 00 49 5f 09 00 00 00 14 00 00 00 14 00 00 00 ff ff 00 00 01 01 02 00 a4
19:33:30.259       	00 00 49 5f 0c 00 00 00 14 00 00 00 14 00 00 00 ff ff 00 00 00 01 02 00 7f ff 6f 38
19:33:30.263       	00 00 49 5f 0a 00 00 00 14 00 00 00 14 00 00 00 ff ff 00 00 01 01 02 00 61 19
19:33:30.263       	00 00 49 5f 0d 00 00 00 14 00 00 00 14 00 00 00 ff ff 00 00 00 01 02 00 00 c0 00 00 19
19:33:30.264       	00 00 49 5f 09 00 00 00 14 00 00 00 14 00 00 00 ff ff 00 00 01 01 02 00 c0
19:33:30.265       	00 00 49 5f 21 00 00 00 14 00 00 00 14 00 00 00 ff ff 00 00 01 01 02 00 62 17 82 02 41 21 83 02 6f 38 8a 01 05 8b 03 6f 06 02 80 02 00 11 88 01 20
19:33:30.265       	00 00 49 5f 0a 00 00 00 14 00 00 00 14 00 00 00 ff ff 00 00 01 01 02 00 91 10
19:33:30.266       	00 00 49 5f 0d 00 00 00 14 00 00 00 14 00 00 00 ff ff 00 00 00 01 02 00 00 b0 00 00 11
19:33:30.279       	00 00 49 5f 09 00 00 00 14 00 00 00 14 00 00 00 ff ff 00 00 01 01 02 00 b0
19:33:30.279       	00 00 49 5f 19 00 00 00 14 00 00 00 14 00 00 00 ff ff 00 00 01 01 02 00 00 00 1c 0c 23 16 00 00 40 00 10 00 00 00 00 00 00
19:33:30.280       	00 00 49 5f 0a 00 00 00 14 00 00 00 14 00 00 00 ff ff 00 00 01 01 02 00 91 10
19:33:30.280       	00 00 49 5f 0d 00 00 00 14 00 00 00 14 00 00 00 ff ff 00 00 00 01 02 00 00 a4 08 04 04
19:33:30.281       	00 00 49 5f 09 00 00 00 14 00 00 00 14 00 00 00 ff ff 00 00 01 01 02 00 a4
19:33:30.281       	00 00 49 5f 0c 00 00 00 14 00 00 00 14 00 00 00 ff ff 00 00 00 01 02 00 7f ff 6f 56
19:33:30.285       	00 00 49 5f 0a 00 00 00 14 00 00 00 14 00 00 00 ff ff 00 00 01 01 02 00 61 19
19:33:30.285       	00 00 49 5f 0d 00 00 00 14 00 00 00 14 00 00 00 ff ff 00 00 00 01 02 00 00 c0 00 00 19
19:33:30.285       	00 00 49 5f 09 00 00 00 14 00 00 00 14 00 00 00 ff ff 00 00 01 01 02 00 c0
19:33:30.287       	00 00 49 5f 21 00 00 00 14 00 00 00 14 00 00 00 ff ff 00 00 01 01 02 00 62 17 82 02 41 21 83 02 6f 56 8a 01 05 8b 03 6f 06 08 80 02 00 01 88 01 28
19:33:30.287       	00 00 49 5f 0a 00 00 00 14 00 00 00 14 00 00 00 ff ff 00 00 01 01 02 00 91 10
19:33:30.288       	00 00 49 5f 0d 00 00 00 14 00 00 00 14 00 00 00 ff ff 00 00 00 01 02 00 00 b0 00 00 01
19:33:30.300       	00 00 49 5f 09 00 00 00 14 00 00 00 14 00 00 00 ff ff 00 00 01 01 02 00 b0
19:33:30.300       	00 00 49 5f 09 00 00 00 14 00 00 00 14 00 00 00 ff ff 00 00 01 01 02 00 00
19:33:30.301       	00 00 49 5f 0a 00 00 00 14 00 00 00 14 00 00 00 ff ff 00 00 01 01 02 00 91 10
19:33:30.301       	00 00 49 5f 0d 00 00 00 14 00 00 00 14 00 00 00 ff ff 00 00 00 01 02 00 00 a4 08 04 04
19:33:30.302       	00 00 49 5f 09 00 00 00 14 00 00 00 14 00 00 00 ff ff 00 00 01 01 02 00 a4
19:33:30.302       	00 00 49 5f 0c 00 00 00 14 00 00 00 14 00 00 00 ff ff 00 00 00 01 02 00 7f ff 6f 07
19:33:30.306       	00 00 49 5f 0a 00 00 00 14 00 00 00 14 00 00 00 ff ff 00 00 01 01 02 00 61 19
19:33:30.306       	00 00 49 5f 0d 00 00 00 14 00 00 00 14 00 00 00 ff ff 00 00 00 01 02 00 00 c0 00 00 19
19:33:30.307       	00 00 49 5f 09 00 00 00 14 00 00 00 14 00 00 00 ff ff 00 00 01 01 02 00 c0
19:33:30.308       	00 00 49 5f 21 00 00 00 14 00 00 00 14 00 00 00 ff ff 00 00 01 01 02 00 62 17 82 02 41 21 83 02 6f 07 8a 01 05 8b 03 6f 06 02 80 02 00 09 88 01 38
19:33:30.308       	00 00 49 5f 0a 00 00 00 14 00 00 00 14 00 00 00 ff ff 00 00 01 01 02 00 91 10
19:33:30.309       	00 00 49 5f 0d 00 00 00 14 00 00 00 14 00 00 00 ff ff 00 00 00 01 02 00 00 b0 00 00 09
19:33:30.324       	00 00 49 5f 09 00 00 00 14 00 00 00 14 00 00 00 ff ff 00 00 01 01 02 00 b0
19:33:30.324       	00 00 49 5f 11 00 00 00 14 00 00 00 14 00 00 00 ff ff 00 00 01 01 02 00 08 49 45 00 36 12 73 06 40
19:33:30.324       	00 00 49 5f 0a 00 00 00 14 00 00 00 14 00 00 00 ff ff 00 00 01 01 02 00 91 10
19:33:30.325       	00 00 49 5f 0d 00 00 00 14 00 00 00 14 00 00 00 ff ff 00 00 00 01 02 00 00 a4 08 04 04
19:33:30.325       	00 00 49 5f 09 00 00 00 14 00 00 00 14 00 00 00 ff ff 00 00 01 01 02 00 a4
19:33:30.326       	00 00 49 5f 0c 00 00 00 14 00 00 00 14 00 00 00 ff ff 00 00 00 01 02 00 7f ff 6f ad
19:33:30.329       	00 00 49 5f 0a 00 00 00 14 00 00 00 14 00 00 00 ff ff 00 00 01 01 02 00 61 19
19:33:30.330       	00 00 49 5f 0d 00 00 00 14 00 00 00 14 00 00 00 ff ff 00 00 00 01 02 00 00 c0 00 00 19
19:33:30.330       	00 00 49 5f 09 00 00 00 14 00 00 00 14 00 00 00 ff ff 00 00 01 01 02 00 c0
19:33:30.331       	00 00 49 5f 21 00 00 00 14 00 00 00 14 00 00 00 ff ff 00 00 01 01 02 00 62 17 82 02 41 21 83 02 6f ad 8a 01 05 8b 03 6f 06 0a 80 02 00 04 88 01 18
19:33:30.331       	00 00 49 5f 0a 00 00 00 14 00 00 00 14 00 00 00 ff ff 00 00 01 01 02 00 91 10
19:33:30.332       	00 00 49 5f 0d 00 00 00 14 00 00 00 14 00 00 00 ff ff 00 00 00 01 02 00 00 b0 00 00 04
19:33:30.333       	00 00 49 5f 09 00 00 00 14 00 00 00 14 00 00 00 ff ff 00 00 01 01 02 00 b0
19:33:30.333       	00 00 49 5f 0c 00 00 00 14 00 00 00 14 00 00 00 ff ff 00 00 01 01 02 00 00 00 00 02
19:33:30.333       	00 00 49 5f 0a 00 00 00 14 00 00 00 14 00 00 00 ff ff 00 00 01 01 02 00 91 10
19:33:30.334       	00 00 49 5f 0d 00 00 00 14 00 00 00 14 00 00 00 ff ff 00 00 00 01 02 00 00 a4 08 04 04
19:33:30.334       	00 00 49 5f 09 00 00 00 14 00 00 00 14 00 00 00 ff ff 00 00 01 01 02 00 a4
19:33:30.335       	00 00 49 5f 0c 00 00 00 14 00 00 00 14 00 00 00 ff ff 00 00 00 01 02 00 7f ff 6f c4
19:33:30.338       	00 00 49 5f 0a 00 00 00 14 00 00 00 14 00 00 00 ff ff 00 00 01 01 02 00 61 18
19:33:30.338       	00 00 49 5f 0d 00 00 00 14 00 00 00 14 00 00 00 ff ff 00 00 00 01 02 00 00 c0 00 00 18
19:33:30.339       	00 00 49 5f 09 00 00 00 14 00 00 00 14 00 00 00 ff ff 00 00 01 01 02 00 c0
19:33:30.340       	00 00 49 5f 20 00 00 00 14 00 00 00 14 00 00 00 ff ff 00 00 01 01 02 00 62 16 82 02 41 21 83 02 6f c4 8a 01 05 8b 03 6f 06 05 80 02 00 80 88 00
19:33:30.340       	00 00 49 5f 0a 00 00 00 14 00 00 00 14 00 00 00 ff ff 00 00 01 01 02 00 91 10
19:33:30.341       	00 00 49 5f 0d 00 00 00 14 00 00 00 14 00 00 00 ff ff 00 00 00 01 02 00 00 b0 00 00 80
19:33:30.354       	00 00 49 5f 09 00 00 00 14 00 00 00 14 00 00 00 ff ff 00 00 01 01 02 00 b0
19:33:30.360       	00 00 01 00 88 00 00 00 14 00 00 00 14 00 00 00 ff ff 00 00 01 01 02 00 ff ff ff ff ff ff ff ff ff ff ff ff ff ff ff ff ff ff ff ff ff ff ff ff ff ff ff ff ff ff ff ff ff ff ff ff ff ff ff ff ff ff ff ff ff ff ff ff ff ff ff ff ff ff ff ff ff ff ff ff ff ff ff ff ff ff ff ff ff ff ff ff ff ff ff ff ff ff ff ff ff ff ff ff ff ff ff ff ff ff ff ff ff ff ff ff ff ff ff ff ff ff ff ff ff ff ff ff ff ff ff ff ff ff ff ff ff ff ff ff ff ff ff ff ff ff ff ff
19:33:30.360       	00 00 49 5f 0a 00 00 00 14 00 00 00 14 00 00 00 ff ff 00 00 01 01 02 00 91 10
19:33:30.361       	00 00 49 5f 0d 00 00 00 14 00 00 00 14 00 00 00 ff ff 00 00 00 01 02 00 00 a4 08 04 04
19:33:30.361       	00 00 49 5f 09 00 00 00 14 00 00 00 14 00 00 00 ff ff 00 00 01 01 02 00 a4
19:33:30.362       	00 00 49 5f 0c 00 00 00 14 00 00 00 14 00 00 00 ff ff 00 00 00 01 02 00 7f ff 6f 31
19:33:30.365       	00 00 49 5f 0a 00 00 00 14 00 00 00 14 00 00 00 ff ff 00 00 01 01 02 00 61 19
19:33:30.366       	00 00 49 5f 0d 00 00 00 14 00 00 00 14 00 00 00 ff ff 00 00 00 01 02 00 00 c0 00 00 19
19:33:30.366       	00 00 49 5f 09 00 00 00 14 00 00 00 14 00 00 00 ff ff 00 00 01 01 02 00 c0
19:33:30.367       	00 00 49 5f 21 00 00 00 14 00 00 00 14 00 00 00 ff ff 00 00 01 01 02 00 62 17 82 02 41 21 83 02 6f 31 8a 01 05 8b 03 6f 06 02 80 02 00 01 88 01 90
19:33:30.368       	00 00 49 5f 0a 00 00 00 14 00 00 00 14 00 00 00 ff ff 00 00 01 01 02 00 91 10
19:33:30.368       	00 00 49 5f 0d 00 00 00 14 00 00 00 14 00 00 00 ff ff 00 00 00 01 02 00 00 b0 00 00 01
19:33:30.381       	00 00 49 5f 09 00 00 00 14 00 00 00 14 00 00 00 ff ff 00 00 01 01 02 00 b0
19:33:30.381       	00 00 49 5f 09 00 00 00 14 00 00 00 14 00 00 00 ff ff 00 00 01 01 02 00 0a
19:33:30.381       	00 00 49 5f 0a 00 00 00 14 00 00 00 14 00 00 00 ff ff 00 00 01 01 02 00 91 10
19:33:30.382       	00 00 49 5f 0d 00 00 00 14 00 00 00 14 00 00 00 ff ff 00 00 00 01 02 00 00 a4 08 04 04
19:33:30.382       	00 00 49 5f 09 00 00 00 14 00 00 00 14 00 00 00 ff ff 00 00 01 01 02 00 a4
19:33:30.383       	00 00 49 5f 0c 00 00 00 14 00 00 00 14 00 00 00 ff ff 00 00 00 01 02 00 7f ff 6f 7e
19:33:30.386       	00 00 49 5f 0a 00 00 00 14 00 00 00 14 00 00 00 ff ff 00 00 01 01 02 00 61 19
19:33:30.387       	00 00 49 5f 0d 00 00 00 14 00 00 00 14 00 00 00 ff ff 00 00 00 01 02 00 00 c0 00 00 19
19:33:30.387       	00 00 49 5f 09 00 00 00 14 00 00 00 14 00 00 00 ff ff 00 00 01 01 02 00 c0
19:33:30.388       	00 00 49 5f 21 00 00 00 14 00 00 00 14 00 00 00 ff ff 00 00 01 01 02 00 62 17 82 02 41 21 83 02 6f 7e 8a 01 05 8b 03 6f 06 05 80 02 00 0b 88 01 58
19:33:30.388       	00 00 49 5f 0a 00 00 00 14 00 00 00 14 00 00 00 ff ff 00 00 01 01 02 00 91 10
19:33:30.389       	00 00 49 5f 0d 00 00 00 14 00 00 00 14 00 00 00 ff ff 00 00 00 01 02 00 00 b0 00 00 0b
19:33:30.402       	00 00 49 5f 09 00 00 00 14 00 00 00 14 00 00 00 ff ff 00 00 01 01 02 00 b0
19:33:30.403       	00 00 49 5f 13 00 00 00 14 00 00 00 14 00 00 00 ff ff 00 00 01 01 02 00 57 cf 82 a9 64 f0 10 a8 36 00 00
19:33:30.403       	00 00 49 5f 0a 00 00 00 14 00 00 00 14 00 00 00 ff ff 00 00 01 01 02 00 91 10
19:33:30.403       	00 00 49 5f 0d 00 00 00 14 00 00 00 14 00 00 00 ff ff 00 00 00 01 02 00 00 a4 08 04 04
19:33:30.404       	00 00 49 5f 09 00 00 00 14 00 00 00 14 00 00 00 ff ff 00 00 01 01 02 00 a4
19:33:30.404       	00 00 49 5f 0c 00 00 00 14 00 00 00 14 00 00 00 ff ff 00 00 00 01 02 00 7f ff 6f 78
19:33:30.408       	00 00 49 5f 0a 00 00 00 14 00 00 00 14 00 00 00 ff ff 00 00 01 01 02 00 61 19
19:33:30.408       	00 00 49 5f 0d 00 00 00 14 00 00 00 14 00 00 00 ff ff 00 00 00 01 02 00 00 c0 00 00 19
19:33:30.409       	00 00 49 5f 09 00 00 00 14 00 00 00 14 00 00 00 ff ff 00 00 01 01 02 00 c0
19:33:30.410       	00 00 49 5f 21 00 00 00 14 00 00 00 14 00 00 00 ff ff 00 00 01 01 02 00 62 17 82 02 41 21 83 02 6f 78 8a 01 05 8b 03 6f 06 02 80 02 00 02 88 01 30
19:33:30.410       	00 00 49 5f 0a 00 00 00 14 00 00 00 14 00 00 00 ff ff 00 00 01 01 02 00 91 10
19:33:30.411       	00 00 49 5f 0d 00 00 00 14 00 00 00 14 00 00 00 ff ff 00 00 00 01 02 00 00 b0 00 00 02
19:33:30.423       	00 00 49 5f 09 00 00 00 14 00 00 00 14 00 00 00 ff ff 00 00 01 01 02 00 b0
19:33:30.424       	00 00 49 5f 0a 00 00 00 14 00 00 00 14 00 00 00 ff ff 00 00 01 01 02 00 00 10
19:33:30.424       	00 00 49 5f 0a 00 00 00 14 00 00 00 14 00 00 00 ff ff 00 00 01 01 02 00 91 10
19:33:30.424       	00 00 49 5f 0d 00 00 00 14 00 00 00 14 00 00 00 ff ff 00 00 00 01 02 00 00 a4 08 04 04
19:33:30.425       	00 00 49 5f 09 00 00 00 14 00 00 00 14 00 00 00 ff ff 00 00 01 01 02 00 a4
19:33:30.425       	00 00 49 5f 0c 00 00 00 14 00 00 00 14 00 00 00 ff ff 00 00 00 01 02 00 7f ff 6f 73
19:33:30.429       	00 00 49 5f 0a 00 00 00 14 00 00 00 14 00 00 00 ff ff 00 00 01 01 02 00 61 19
19:33:30.429       	00 00 49 5f 0d 00 00 00 14 00 00 00 14 00 00 00 ff ff 00 00 00 01 02 00 00 c0 00 00 19
19:33:30.430       	00 00 49 5f 09 00 00 00 14 00 00 00 14 00 00 00 ff ff 00 00 01 01 02 00 c0
19:33:30.431       	00 00 49 5f 21 00 00 00 14 00 00 00 14 00 00 00 ff ff 00 00 01 01 02 00 62 17 82 02 41 21 83 02 6f 73 8a 01 05 8b 03 6f 06 05 80 02 00 0e 88 01 60
19:33:30.431       	00 00 49 5f 0a 00 00 00 14 00 00 00 14 00 00 00 ff ff 00 00 01 01 02 00 91 10
19:33:30.432       	00 00 49 5f 0d 00 00 00 14 00 00 00 14 00 00 00 ff ff 00 00 00 01 02 00 00 b0 00 00 0e
19:33:30.444       	00 00 49 5f 09 00 00 00 14 00 00 00 14 00 00 00 ff ff 00 00 01 01 02 00 b0
19:33:30.445       	00 00 49 5f 16 00 00 00 14 00 00 00 14 00 00 00 ff ff 00 00 01 01 02 00 ff ff ff ff ff ff ff 64 f0 10 12 34 00 01
19:33:30.445       	00 00 49 5f 0a 00 00 00 14 00 00 00 14 00 00 00 ff ff 00 00 01 01 02 00 91 10
19:33:30.446       	00 00 49 5f 0d 00 00 00 14 00 00 00 14 00 00 00 ff ff 00 00 00 01 02 00 00 a4 08 04 04
19:33:30.446       	00 00 49 5f 09 00 00 00 14 00 00 00 14 00 00 00 ff ff 00 00 01 01 02 00 a4
19:33:30.447       	00 00 49 5f 0c 00 00 00 14 00 00 00 14 00 00 00 ff ff 00 00 00 01 02 00 7f ff 6f 08
19:33:30.450       	00 00 49 5f 0a 00 00 00 14 00 00 00 14 00 00 00 ff ff 00 00 01 01 02 00 61 19
19:33:30.451       	00 00 49 5f 0d 00 00 00 14 00 00 00 14 00 00 00 ff ff 00 00 00 01 02 00 00 c0 00 00 19
19:33:30.451       	00 00 49 5f 09 00 00 00 14 00 00 00 14 00 00 00 ff ff 00 00 01 01 02 00 c0
19:33:30.453       	00 00 49 5f 21 00 00 00 14 00 00 00 14 00 00 00 ff ff 00 00 01 01 02 00 62 17 82 02 41 21 83 02 6f 08 8a 01 05 8b 03 6f 06 05 80 02 00 21 88 01 40
19:33:30.453       	00 00 49 5f 0a 00 00 00 14 00 00 00 14 00 00 00 ff ff 00 00 01 01 02 00 91 10
19:33:30.453       	00 00 49 5f 0d 00 00 00 14 00 00 00 14 00 00 00 ff ff 00 00 00 01 02 00 00 b0 00 00 21
19:33:30.466       	00 00 49 5f 09 00 00 00 14 00 00 00 14 00 00 00 ff ff 00 00 01 01 02 00 b0
19:33:30.468       	00 00 00 00 29 00 00 00 14 00 00 00 14 00 00 00 ff ff 00 00 01 01 02 00 07 ff ff ff ff ff ff ff ff ff ff ff ff ff ff ff ff ff ff ff ff ff ff ff ff ff ff ff ff ff ff ff ff
19:33:30.468       	00 00 49 5f 0a 00 00 00 14 00 00 00 14 00 00 00 ff ff 00 00 01 01 02 00 91 10
19:33:30.469       	00 00 49 5f 0d 00 00 00 14 00 00 00 14 00 00 00 ff ff 00 00 00 01 02 00 00 a4 08 04 04
19:33:30.469       	00 00 49 5f 09 00 00 00 14 00 00 00 14 00 00 00 ff ff 00 00 01 01 02 00 a4
19:33:30.470       	00 00 49 5f 0c 00 00 00 14 00 00 00 14 00 00 00 ff ff 00 00 00 01 02 00 7f ff 6f 09
19:33:30.473       	00 00 49 5f 0a 00 00 00 14 00 00 00 14 00 00 00 ff ff 00 00 01 01 02 00 61 19
19:33:30.474       	00 00 49 5f 0d 00 00 00 14 00 00 00 14 00 00 00 ff ff 00 00 00 01 02 00 00 c0 00 00 19
19:33:30.474       	00 00 49 5f 09 00 00 00 14 00 00 00 14 00 00 00 ff ff 00 00 01 01 02 00 c0
19:33:30.475       	00 00 49 5f 21 00 00 00 14 00 00 00 14 00 00 00 ff ff 00 00 01 01 02 00 62 17 82 02 41 21 83 02 6f 09 8a 01 05 8b 03 6f 06 05 80 02 00 21 88 01 48
19:33:30.476       	00 00 49 5f 0a 00 00 00 14 00 00 00 14 00 00 00 ff ff 00 00 01 01 02 00 91 10
19:33:30.476       	00 00 49 5f 0d 00 00 00 14 00 00 00 14 00 00 00 ff ff 00 00 00 01 02 00 00 b0 00 00 21
19:33:30.489       	00 00 49 5f 09 00 00 00 14 00 00 00 14 00 00 00 ff ff 00 00 01 01 02 00 b0
19:33:30.491       	00 00 00 00 29 00 00 00 14 00 00 00 14 00 00 00 ff ff 00 00 01 01 02 00 07 ff ff ff ff ff ff ff ff ff ff ff ff ff ff ff ff ff ff ff ff ff ff ff ff ff ff ff ff ff ff ff ff
19:33:30.491       	00 00 49 5f 0a 00 00 00 14 00 00 00 14 00 00 00 ff ff 00 00 01 01 02 00 91 10
19:33:30.492       	00 00 49 5f 0d 00 00 00 14 00 00 00 14 00 00 00 ff ff 00 00 00 01 02 00 00 a4 08 04 04
19:33:30.492       	00 00 49 5f 09 00 00 00 14 00 00 00 14 00 00 00 ff ff 00 00 01 01 02 00 a4
19:33:30.493       	00 00 49 5f 0c 00 00 00 14 00 00 00 14 00 00 00 ff ff 00 00 00 01 02 00 7f ff 6f 7b
19:33:30.496       	00 00 49 5f 0a 00 00 00 14 00 00 00 14 00 00 00 ff ff 00 00 01 01 02 00 61 19
19:33:30.496       	00 00 49 5f 0d 00 00 00 14 00 00 00 14 00 00 00 ff ff 00 00 00 01 02 00 00 c0 00 00 19
19:33:30.497       	00 00 49 5f 09 00 00 00 14 00 00 00 14 00 00 00 ff ff 00 00 01 01 02 00 c0
19:33:30.498       	00 00 49 5f 21 00 00 00 14 00 00 00 14 00 00 00 ff ff 00 00 01 01 02 00 62 17 82 02 41 21 83 02 6f 7b 8a 01 05 8b 03 6f 06 05 80 02 00 0c 88 01 68
19:33:30.498       	00 00 49 5f 0a 00 00 00 14 00 00 00 14 00 00 00 ff ff 00 00 01 01 02 00 91 10
19:33:30.499       	00 00 49 5f 0d 00 00 00 14 00 00 00 14 00 00 00 ff ff 00 00 00 01 02 00 00 b0 00 00 0c
19:33:30.512       	00 00 49 5f 09 00 00 00 14 00 00 00 14 00 00 00 ff ff 00 00 01 01 02 00 b0
19:33:30.512       	00 00 49 5f 14 00 00 00 14 00 00 00 14 00 00 00 ff ff 00 00 01 01 02 00 ff ff ff ff ff ff ff ff ff ff ff ff
19:33:30.512       	00 00 49 5f 0a 00 00 00 14 00 00 00 14 00 00 00 ff ff 00 00 01 01 02 00 91 10
19:33:30.513       	00 00 49 5f 0d 00 00 00 14 00 00 00 14 00 00 00 ff ff 00 00 00 01 02 00 00 a4 08 04 04
19:33:30.513       	00 00 49 5f 09 00 00 00 14 00 00 00 14 00 00 00 ff ff 00 00 01 01 02 00 a4
19:33:30.514       	00 00 49 5f 0c 00 00 00 14 00 00 00 14 00 00 00 ff ff 00 00 00 01 02 00 7f ff 6f 5b
19:33:30.517       	00 00 49 5f 0a 00 00 00 14 00 00 00 14 00 00 00 ff ff 00 00 01 01 02 00 61 19
19:33:30.518       	00 00 49 5f 0d 00 00 00 14 00 00 00 14 00 00 00 ff ff 00 00 00 01 02 00 00 c0 00 00 19
19:33:30.518       	00 00 49 5f 09 00 00 00 14 00 00 00 14 00 00 00 ff ff 00 00 01 01 02 00 c0
19:33:30.519       	00 00 49 5f 21 00 00 00 14 00 00 00 14 00 00 00 ff ff 00 00 01 01 02 00 62 17 82 02 41 21 83 02 6f 5b 8a 01 05 8b 03 6f 06 05 80 02 00 06 88 01 78
19:33:30.520       	00 00 49 5f 0a 00 00 00 14 00 00 00 14 00 00 00 ff ff 00 00 01 01 02 00 91 10
19:33:30.520       	00 00 49 5f 0d 00 00 00 14 00 00 00 14 00 00 00 ff ff 00 00 00 01 02 00 00 b0 00 00 06
19:33:30.533       	00 00 49 5f 09 00 00 00 14 00 00 00 14 00 00 00 ff ff 00 00 01 01 02 00 b0
19:33:30.534       	00 00 49 5f 0e 00 00 00 14 00 00 00 14 00 00 00 ff ff 00 00 01 01 02 00 00 00 00 00 00 00
19:33:30.534       	00 00 49 5f 0a 00 00 00 14 00 00 00 14 00 00 00 ff ff 00 00 01 01 02 00 91 10
19:33:30.534       	00 00 49 5f 0d 00 00 00 14 00 00 00 14 00 00 00 ff ff 00 00 00 01 02 00 00 a4 08 04 04
19:33:30.535       	00 00 49 5f 09 00 00 00 14 00 00 00 14 00 00 00 ff ff 00 00 01 01 02 00 a4
19:33:30.535       	00 00 49 5f 0c 00 00 00 14 00 00 00 14 00 00 00 ff ff 00 00 00 01 02 00 7f ff 6f 5c
19:33:30.539       	00 00 49 5f 0a 00 00 00 14 00 00 00 14 00 00 00 ff ff 00 00 01 01 02 00 61 19
19:33:30.539       	00 00 49 5f 0d 00 00 00 14 00 00 00 14 00 00 00 ff ff 00 00 00 01 02 00 00 c0 00 00 19
19:33:30.539       	00 00 49 5f 09 00 00 00 14 00 00 00 14 00 00 00 ff ff 00 00 01 01 02 00 c0
19:33:30.541       	00 00 49 5f 21 00 00 00 14 00 00 00 14 00 00 00 ff ff 00 00 01 01 02 00 62 17 82 02 41 21 83 02 6f 5c 8a 01 05 8b 03 6f 06 02 80 02 00 03 88 01 80
19:33:30.541       	00 00 49 5f 0a 00 00 00 14 00 00 00 14 00 00 00 ff ff 00 00 01 01 02 00 91 10
19:33:30.542       	00 00 49 5f 0d 00 00 00 14 00 00 00 14 00 00 00 ff ff 00 00 00 01 02 00 00 b0 00 00 03
19:33:30.554       	00 00 49 5f 09 00 00 00 14 00 00 00 14 00 00 00 ff ff 00 00 01 01 02 00 b0
19:33:30.555       	00 00 49 5f 0b 00 00 00 14 00 00 00 14 00 00 00 ff ff 00 00 01 01 02 00 ff ff ff
19:33:30.555       	00 00 49 5f 0a 00 00 00 14 00 00 00 14 00 00 00 ff ff 00 00 01 01 02 00 91 10
19:33:30.555       	00 00 49 5f 0d 00 00 00 14 00 00 00 14 00 00 00 ff ff 00 00 00 01 02 00 80 f2 01 0c 00
19:33:30.595       	00 00 49 5f 0a 00 00 00 14 00 00 00 14 00 00 00 ff ff 00 00 01 01 02 00 91 10
19:33:30.596       	00 00 49 5f 0d 00 00 00 14 00 00 00 14 00 00 00 ff ff 00 00 00 01 02 00 00 a4 08 04 04
19:33:30.597       	00 00 49 5f 09 00 00 00 14 00 00 00 14 00 00 00 ff ff 00 00 01 01 02 00 a4
19:33:30.597       	00 00 49 5f 0c 00 00 00 14 00 00 00 14 00 00 00 ff ff 00 00 00 01 02 00 7f 10 5f 3a
19:33:30.598       	00 00 49 5f 0a 00 00 00 14 00 00 00 14 00 00 00 ff ff 00 00 01 01 02 00 6a 82
19:33:30.599       	00 00 49 5f 0d 00 00 00 14 00 00 00 14 00 00 00 ff ff 00 00 00 01 02 00 00 a4 00 04 02
19:33:30.599       	00 00 49 5f 09 00 00 00 14 00 00 00 14 00 00 00 ff ff 00 00 01 01 02 00 a4
19:33:30.600       	00 00 49 5f 0a 00 00 00 14 00 00 00 14 00 00 00 ff ff 00 00 00 01 02 00 3f 00
19:33:30.601       	00 00 49 5f 0a 00 00 00 14 00 00 00 14 00 00 00 ff ff 00 00 01 01 02 00 61 28
19:33:30.601       	00 00 49 5f 0d 00 00 00 14 00 00 00 14 00 00 00 ff ff 00 00 00 01 02 00 00 c0 00 00 28
19:33:30.602       	00 00 49 5f 09 00 00 00 14 00 00 00 14 00 00 00 ff ff 00 00 01 01 02 00 c0
19:33:30.604       	00 00 00 00 30 00 00 00 14 00 00 00 14 00 00 00 ff ff 00 00 01 01 02 00 62 26 82 02 78 21 83 02 3f 00 a5 06 80 01 71 87 01 01 8a 01 05 8b 03 2f 06 0e c6 0c 90 01 60 83 01 01 83 01 02 83 01 0a
19:33:30.604       	00 00 49 5f 0a 00 00 00 14 00 00 00 14 00 00 00 ff ff 00 00 01 01 02 00 91 10
19:33:30.604       	00 00 49 5f 0d 00 00 00 14 00 00 00 14 00 00 00 ff ff 00 00 00 01 02 00 00 a4 00 04 02
19:33:30.605       	00 00 49 5f 09 00 00 00 14 00 00 00 14 00 00 00 ff ff 00 00 01 01 02 00 a4
19:33:30.606       	00 00 49 5f 0a 00 00 00 14 00 00 00 14 00 00 00 ff ff 00 00 00 01 02 00 7f 10
19:33:30.606       	00 00 49 5f 0a 00 00 00 14 00 00 00 14 00 00 00 ff ff 00 00 01 01 02 00 6a 82
19:33:30.607       	00 00 49 5f 0d 00 00 00 14 00 00 00 14 00 00 00 ff ff 00 00 00 01 02 00 00 a4 08 04 04
19:33:30.607       	00 00 49 5f 09 00 00 00 14 00 00 00 14 00 00 00 ff ff 00 00 01 01 02 00 a4
19:33:30.608       	00 00 49 5f 0c 00 00 00 14 00 00 00 14 00 00 00 ff ff 00 00 00 01 02 00 7f ff 5f 3a
19:33:30.610       	00 00 49 5f 0a 00 00 00 14 00 00 00 14 00 00 00 ff ff 00 00 01 01 02 00 6a 82
19:33:30.611       	00 00 49 5f 0d 00 00 00 14 00 00 00 14 00 00 00 ff ff 00 00 00 01 02 00 00 a4 00 04 02
19:33:30.611       	00 00 49 5f 09 00 00 00 14 00 00 00 14 00 00 00 ff ff 00 00 01 01 02 00 a4
19:33:30.612       	00 00 49 5f 0a 00 00 00 14 00 00 00 14 00 00 00 ff ff 00 00 00 01 02 00 3f 00
19:33:30.613       	00 00 49 5f 0a 00 00 00 14 00 00 00 14 00 00 00 ff ff 00 00 01 01 02 00 61 28
19:33:30.613       	00 00 49 5f 0d 00 00 00 14 00 00 00 14 00 00 00 ff ff 00 00 00 01 02 00 00 c0 00 00 28
19:33:30.613       	00 00 49 5f 09 00 00 00 14 00 00 00 14 00 00 00 ff ff 00 00 01 01 02 00 c0
19:33:30.615       	00 00 00 00 30 00 00 00 14 00 00 00 14 00 00 00 ff ff 00 00 01 01 02 00 62 26 82 02 78 21 83 02 3f 00 a5 06 80 01 71 87 01 01 8a 01 05 8b 03 2f 06 0e c6 0c 90 01 60 83 01 01 83 01 02 83 01 0a
19:33:30.616       	00 00 49 5f 0a 00 00 00 14 00 00 00 14 00 00 00 ff ff 00 00 01 01 02 00 91 10
19:33:30.616       	00 00 49 5f 0d 00 00 00 14 00 00 00 14 00 00 00 ff ff 00 00 00 01 02 00 00 a4 00 04 02
19:33:30.617       	00 00 49 5f 09 00 00 00 14 00 00 00 14 00 00 00 ff ff 00 00 01 01 02 00 a4
19:33:30.617       	00 00 49 5f 0a 00 00 00 14 00 00 00 14 00 00 00 ff ff 00 00 00 01 02 00 7f ff
19:33:30.639       	00 00 49 5f 0a 00 00 00 14 00 00 00 14 00 00 00 ff ff 00 00 01 01 02 00 61 32
19:33:30.640       	00 00 49 5f 0d 00 00 00 14 00 00 00 14 00 00 00 ff ff 00 00 00 01 02 00 00 c0 00 00 32
19:33:30.640       	00 00 49 5f 09 00 00 00 14 00 00 00 14 00 00 00 ff ff 00 00 01 01 02 00 c0
19:33:30.642       	00 00 00 00 3a 00 00 00 14 00 00 00 14 00 00 00 ff ff 00 00 01 01 02 00 62 30 82 02 78 21 83 02 7f f1 84 10 a0 00 00 00 87 10 02 ff 33 ff 01 89 00 00 01 00 8a 01 05 8b 03 2f 06 0e c6 0c 90 01 60 83 01 01 83 01 81 83 01 0a
19:33:30.643       	00 00 49 5f 0a 00 00 00 14 00 00 00 14 00 00 00 ff ff 00 00 01 01 02 00 91 10
19:33:30.643       	00 00 49 5f 0d 00 00 00 14 00 00 00 14 00 00 00 ff ff 00 00 00 01 02 00 00 a4 00 04 02
19:33:30.644       	00 00 49 5f 09 00 00 00 14 00 00 00 14 00 00 00 ff ff 00 00 01 01 02 00 a4
19:33:30.644       	00 00 49 5f 0a 00 00 00 14 00 00 00 14 00 00 00 ff ff 00 00 00 01 02 00 5f 3a
19:33:30.646       	00 00 49 5f 0a 00 00 00 14 00 00 00 14 00 00 00 ff ff 00 00 01 01 02 00 6a 82
19:33:30.647       	00 00 49 5f 0d 00 00 00 14 00 00 00 14 00 00 00 ff ff 00 00 00 01 02 00 00 a4 08 04 04
19:33:30.648       	00 00 49 5f 09 00 00 00 14 00 00 00 14 00 00 00 ff ff 00 00 01 01 02 00 a4
19:33:30.648       	00 00 49 5f 0c 00 00 00 14 00 00 00 14 00 00 00 ff ff 00 00 00 01 02 00 7f ff 5f c0
19:33:30.650       	00 00 49 5f 0a 00 00 00 14 00 00 00 14 00 00 00 ff ff 00 00 01 01 02 00 6a 82
19:33:30.651       	00 00 49 5f 0d 00 00 00 14 00 00 00 14 00 00 00 ff ff 00 00 00 01 02 00 00 a4 00 04 02
19:33:30.651       	00 00 49 5f 09 00 00 00 14 00 00 00 14 00 00 00 ff ff 00 00 01 01 02 00 a4
19:33:30.652       	00 00 49 5f 0a 00 00 00 14 00 00 00 14 00 00 00 ff ff 00 00 00 01 02 00 3f 00
19:33:30.653       	00 00 49 5f 0a 00 00 00 14 00 00 00 14 00 00 00 ff ff 00 00 01 01 02 00 61 28
19:33:30.654       	00 00 49 5f 0d 00 00 00 14 00 00 00 14 00 00 00 ff ff 00 00 00 01 02 00 00 c0 00 00 28
19:33:30.654       	00 00 49 5f 09 00 00 00 14 00 00 00 14 00 00 00 ff ff 00 00 01 01 02 00 c0
19:33:30.656       	00 00 00 00 30 00 00 00 14 00 00 00 14 00 00 00 ff ff 00 00 01 01 02 00 62 26 82 02 78 21 83 02 3f 00 a5 06 80 01 71 87 01 01 8a 01 05 8b 03 2f 06 0e c6 0c 90 01 60 83 01 01 83 01 02 83 01 0a
19:33:30.656       	00 00 49 5f 0a 00 00 00 14 00 00 00 14 00 00 00 ff ff 00 00 01 01 02 00 91 10
19:33:30.657       	00 00 49 5f 0d 00 00 00 14 00 00 00 14 00 00 00 ff ff 00 00 00 01 02 00 00 a4 00 04 02
19:33:30.657       	00 00 49 5f 09 00 00 00 14 00 00 00 14 00 00 00 ff ff 00 00 01 01 02 00 a4
19:33:30.658       	00 00 49 5f 0a 00 00 00 14 00 00 00 14 00 00 00 ff ff 00 00 00 01 02 00 7f ff
19:33:30.680       	00 00 49 5f 0a 00 00 00 14 00 00 00 14 00 00 00 ff ff 00 00 01 01 02 00 61 32
19:33:30.680       	00 00 49 5f 0d 00 00 00 14 00 00 00 14 00 00 00 ff ff 00 00 00 01 02 00 00 c0 00 00 32
19:33:30.681       	00 00 49 5f 09 00 00 00 14 00 00 00 14 00 00 00 ff ff 00 00 01 01 02 00 c0
19:33:30.683       	00 00 00 00 3a 00 00 00 14 00 00 00 14 00 00 00 ff ff 00 00 01 01 02 00 62 30 82 02 78 21 83 02 7f f1 84 10 a0 00 00 00 87 10 02 ff 33 ff 01 89 00 00 01 00 8a 01 05 8b 03 2f 06 0e c6 0c 90 01 60 83 01 01 83 01 81 83 01 0a
19:33:30.683       	00 00 49 5f 0a 00 00 00 14 00 00 00 14 00 00 00 ff ff 00 00 01 01 02 00 91 10
19:33:30.684       	00 00 49 5f 0d 00 00 00 14 00 00 00 14 00 00 00 ff ff 00 00 00 01 02 00 00 a4 00 04 02
19:33:30.684       	00 00 49 5f 09 00 00 00 14 00 00 00 14 00 00 00 ff ff 00 00 01 01 02 00 a4
19:33:30.685       	00 00 49 5f 0a 00 00 00 14 00 00 00 14 00 00 00 ff ff 00 00 00 01 02 00 5f c0
19:33:30.687       	00 00 49 5f 0a 00 00 00 14 00 00 00 14 00 00 00 ff ff 00 00 01 01 02 00 6a 82
19:33:30.687       	00 00 49 5f 0d 00 00 00 14 00 00 00 14 00 00 00 ff ff 00 00 00 01 02 00 00 a4 08 04 04
19:33:30.688       	00 00 49 5f 09 00 00 00 14 00 00 00 14 00 00 00 ff ff 00 00 01 01 02 00 a4
19:33:30.688       	00 00 49 5f 0c 00 00 00 14 00 00 00 14 00 00 00 ff ff 00 00 00 01 02 00 7f ff 5f c0
19:33:30.690       	00 00 49 5f 0a 00 00 00 14 00 00 00 14 00 00 00 ff ff 00 00 01 01 02 00 6a 82
19:33:30.691       	00 00 49 5f 0d 00 00 00 14 00 00 00 14 00 00 00 ff ff 00 00 00 01 02 00 00 a4 00 04 02
19:33:30.691       	00 00 49 5f 09 00 00 00 14 00 00 00 14 00 00 00 ff ff 00 00 01 01 02 00 a4
19:33:30.692       	00 00 49 5f 0a 00 00 00 14 00 00 00 14 00 00 00 ff ff 00 00 00 01 02 00 3f 00
19:33:30.693       	00 00 49 5f 0a 00 00 00 14 00 00 00 14 00 00 00 ff ff 00 00 01 01 02 00 61 28
19:33:30.694       	00 00 49 5f 0d 00 00 00 14 00 00 00 14 00 00 00 ff ff 00 00 00 01 02 00 00 c0 00 00 28
19:33:30.694       	00 00 49 5f 09 00 00 00 14 00 00 00 14 00 00 00 ff ff 00 00 01 01 02 00 c0
19:33:30.696       	00 00 ff 7f 30 00 00 00 14 00 00 00 14 00 00 00 ff ff 00 00 01 01 02 00 62 26 82 02 78 21 83 02 3f 00 a5 06 80 01 71 87 01 01 8a 01 05 8b 03 2f 06 0e c6 0c 90 01 60 83 01 01 83 01 02 83 01 0a
19:33:30.696       	00 00 49 5f 0a 00 00 00 14 00 00 00 14 00 00 00 ff ff 00 00 01 01 02 00 91 10
19:33:30.697       	00 00 49 5f 0d 00 00 00 14 00 00 00 14 00 00 00 ff ff 00 00 00 01 02 00 00 a4 00 04 02
19:33:30.698       	00 00 49 5f 09 00 00 00 14 00 00 00 14 00 00 00 ff ff 00 00 01 01 02 00 a4
19:33:30.698       	00 00 49 5f 0a 00 00 00 14 00 00 00 14 00 00 00 ff ff 00 00 00 01 02 00 7f ff
19:33:30.720       	00 00 49 5f 0a 00 00 00 14 00 00 00 14 00 00 00 ff ff 00 00 01 01 02 00 61 32
19:33:30.720       	00 00 49 5f 0d 00 00 00 14 00 00 00 14 00 00 00 ff ff 00 00 00 01 02 00 00 c0 00 00 32
19:33:30.721       	00 00 49 5f 09 00 00 00 14 00 00 00 14 00 00 00 ff ff 00 00 01 01 02 00 c0
19:33:30.723       	00 00 00 00 3a 00 00 00 14 00 00 00 14 00 00 00 ff ff 00 00 01 01 02 00 62 30 82 02 78 21 83 02 7f f1 84 10 a0 00 00 00 87 10 02 ff 33 ff 01 89 00 00 01 00 8a 01 05 8b 03 2f 06 0e c6 0c 90 01 60 83 01 01 83 01 81 83 01 0a
19:33:30.723       	00 00 49 5f 0a 00 00 00 14 00 00 00 14 00 00 00 ff ff 00 00 01 01 02 00 91 10
19:33:30.724       	00 00 49 5f 0d 00 00 00 14 00 00 00 14 00 00 00 ff ff 00 00 00 01 02 00 00 a4 00 04 02
19:33:30.724       	00 00 49 5f 09 00 00 00 14 00 00 00 14 00 00 00 ff ff 00 00 01 01 02 00 a4
19:33:30.725       	00 00 49 5f 0a 00 00 00 14 00 00 00 14 00 00 00 ff ff 00 00 00 01 02 00 5f c0
19:33:30.727       	00 00 49 5f 0a 00 00 00 14 00 00 00 14 00 00 00 ff ff 00 00 01 01 02 00 6a 82
19:33:30.727       	00 00 49 5f 0d 00 00 00 14 00 00 00 14 00 00 00 ff ff 00 00 00 01 02 00 80 12 00 00 10
19:33:30.728       	00 00 49 5f 09 00 00 00 14 00 00 00 14 00 00 00 ff ff 00 00 01 01 02 00 12
19:33:30.729       	00 00 49 5f 18 00 00 00 14 00 00 00 14 00 00 00 ff ff 00 00 01 01 02 00 d0 0e 81 03 01 05 00 82 02 81 82 99 03 03 09 0a
19:33:30.729       	00 00 49 5f 0a 00 00 00 14 00 00 00 14 00 00 00 ff ff 00 00 01 01 02 00 90 00
19:33:30.729       	00 00 49 5f 0d 00 00 00 14 00 00 00 14 00 00 00 ff ff 00 00 00 01 02 00 00 a4 08 04 04
19:33:30.730       	00 00 49 5f 09 00 00 00 14 00 00 00 14 00 00 00 ff ff 00 00 01 01 02 00 a4
19:33:30.730       	00 00 49 5f 0c 00 00 00 14 00 00 00 14 00 00 00 ff ff 00 00 00 01 02 00 7f ff 6f 3b
19:33:30.734       	00 00 49 5f 0a 00 00 00 14 00 00 00 14 00 00 00 ff ff 00 00 01 01 02 00 61 1b
19:33:30.734       	00 00 49 5f 0d 00 00 00 14 00 00 00 14 00 00 00 ff ff 00 00 00 01 02 00 00 c0 00 00 1b
19:33:30.735       	00 00 49 5f 09 00 00 00 14 00 00 00 14 00 00 00 ff ff 00 00 01 01 02 00 c0
19:33:30.736       	00 00 49 5f 23 00 00 00 14 00 00 00 14 00 00 00 ff ff 00 00 01 01 02 00 62 19 82 05 42 21 00 1a 14 83 02 6f 3b 8a 01 05 8b 03 6f 06 08 80 02 02 08 88 00
19:33:30.736       	00 00 49 5f 0a 00 00 00 14 00 00 00 14 00 00 00 ff ff 00 00 01 01 02 00 90 00
19:33:30.737       	00 00 49 5f 0d 00 00 00 14 00 00 00 14 00 00 00 ff ff 00 00 00 01 02 00 80 14 00 00 0c
19:33:30.738       	00 00 49 5f 09 00 00 00 14 00 00 00 14 00 00 00 ff ff 00 00 01 01 02 00 14
19:33:30.738       	00 00 49 5f 14 00 00 00 14 00 00 00 14 00 00 00 ff ff 00 00 00 01 02 00 81 03 01 05 00 02 02 82 81 83 01 00
19:33:30.740       	00 00 49 5f 0a 00 00 00 14 00 00 00 14 00 00 00 ff ff 00 00 01 01 02 00 91 0f
19:33:30.740       	00 00 49 5f 0d 00 00 00 14 00 00 00 14 00 00 00 ff ff 00 00 00 01 02 00 80 12 00 00 0f
19:33:30.741       	00 00 49 5f 09 00 00 00 14 00 00 00 14 00 00 00 ff ff 00 00 01 01 02 00 12
19:33:30.742       	00 00 49 5f 17 00 00 00 14 00 00 00 14 00 00 00 ff ff 00 00 01 01 02 00 d0 0d 81 03 01 03 00 82 02 81 82 84 02 01 1e
19:33:30.742       	00 00 49 5f 0a 00 00 00 14 00 00 00 14 00 00 00 ff ff 00 00 01 01 02 00 90 00
19:33:30.742       	00 00 49 5f 0d 00 00 00 14 00 00 00 14 00 00 00 ff ff 00 00 00 01 02 00 00 a4 08 04 04
19:33:30.743       	00 00 49 5f 09 00 00 00 14 00 00 00 14 00 00 00 ff ff 00 00 01 01 02 00 a4
19:33:30.744       	00 00 49 5f 0c 00 00 00 14 00 00 00 14 00 00 00 ff ff 00 00 00 01 02 00 7f ff 6f 60
19:33:30.746       	00 00 49 5f 0a 00 00 00 14 00 00 00 14 00 00 00 ff ff 00 00 01 01 02 00 61 19
19:33:30.747       	00 00 49 5f 0d 00 00 00 14 00 00 00 14 00 00 00 ff ff 00 00 00 01 02 00 00 c0 00 00 19
19:33:30.747       	00 00 49 5f 09 00 00 00 14 00 00 00 14 00 00 00 ff ff 00 00 01 01 02 00 c0
19:33:30.749       	00 00 49 5f 21 00 00 00 14 00 00 00 14 00 00 00 ff ff 00 00 01 01 02 00 62 17 82 02 41 21 83 02 6f 60 8a 01 05 8b 03 6f 06 05 80 02 00 28 88 01 50
19:33:30.749       	00 00 49 5f 0a 00 00 00 14 00 00 00 14 00 00 00 ff ff 00 00 01 01 02 00 90 00
19:33:30.749       	00 00 49 5f 0d 00 00 00 14 00 00 00 14 00 00 00 ff ff 00 00 00 01 02 00 00 b0 00 00 28
19:33:30.762       	00 00 49 5f 09 00 00 00 14 00 00 00 14 00 00 00 ff ff 00 00 01 01 02 00 b0
19:33:30.764       	00 00 44 45 30 00 00 00 14 00 00 00 14 00 00 00 ff ff 00 00 01 01 02 00 ff ff ff 00 00 ff ff ff 00 00 ff ff ff 00 00 ff ff ff 00 00 ff ff ff 00 00 ff ff ff 00 00 ff ff ff 00 00 ff ff ff 00 00
19:33:30.764       	00 00 49 5f 0a 00 00 00 14 00 00 00 14 00 00 00 ff ff 00 00 01 01 02 00 90 00
19:33:30.765       	00 00 49 5f 0d 00 00 00 14 00 00 00 14 00 00 00 ff ff 00 00 00 01 02 00 00 a4 08 04 04
19:33:30.765       	00 00 49 5f 09 00 00 00 14 00 00 00 14 00 00 00 ff ff 00 00 01 01 02 00 a4
19:33:30.766       	00 00 49 5f 0c 00 00 00 14 00 00 00 14 00 00 00 ff ff 00 00 00 01 02 00 7f ff 6f 61
19:33:30.769       	00 00 49 5f 0a 00 00 00 14 00 00 00 14 00 00 00 ff ff 00 00 01 01 02 00 61 19
19:33:30.769       	00 00 49 5f 0d 00 00 00 14 00 00 00 14 00 00 00 ff ff 00 00 00 01 02 00 00 c0 00 00 19
19:33:30.770       	00 00 49 5f 09 00 00 00 14 00 00 00 14 00 00 00 ff ff 00 00 01 01 02 00 c0
19:33:30.771       	00 00 49 5f 21 00 00 00 14 00 00 00 14 00 00 00 ff ff 00 00 01 01 02 00 62 17 82 02 41 21 83 02 6f 61 8a 01 05 8b 03 6f 06 02 80 02 00 28 88 01 88
19:33:30.771       	00 00 49 5f 0a 00 00 00 14 00 00 00 14 00 00 00 ff ff 00 00 01 01 02 00 90 00
19:33:30.772       	00 00 49 5f 0d 00 00 00 14 00 00 00 14 00 00 00 ff ff 00 00 00 01 02 00 00 b0 00 00 28
19:33:30.785       	00 00 49 5f 09 00 00 00 14 00 00 00 14 00 00 00 ff ff 00 00 01 01 02 00 b0
19:33:30.787       	00 00 44 45 30 00 00 00 14 00 00 00 14 00 00 00 ff ff 00 00 01 01 02 00 64 f0 10 40 00 64 f0 11 40 00 54 f4 00 40 00 54 f5 10 40 00 ff ff ff 00 00 ff ff ff 00 00 ff ff ff 00 00 ff ff ff 00 00
19:33:30.787       	00 00 49 5f 0a 00 00 00 14 00 00 00 14 00 00 00 ff ff 00 00 01 01 02 00 90 00
19:33:30.787       	00 00 49 5f 0d 00 00 00 14 00 00 00 14 00 00 00 ff ff 00 00 00 01 02 00 00 a4 08 04 04
19:33:30.788       	00 00 49 5f 09 00 00 00 14 00 00 00 14 00 00 00 ff ff 00 00 01 01 02 00 a4
19:33:30.788       	00 00 49 5f 0c 00 00 00 14 00 00 00 14 00 00 00 ff ff 00 00 00 01 02 00 7f ff 6f 62
19:33:30.791       	00 00 49 5f 0a 00 00 00 14 00 00 00 14 00 00 00 ff ff 00 00 01 01 02 00 61 19
19:33:30.792       	00 00 49 5f 0d 00 00 00 14 00 00 00 14 00 00 00 ff ff 00 00 00 01 02 00 00 c0 00 00 19
19:33:30.792       	00 00 49 5f 09 00 00 00 14 00 00 00 14 00 00 00 ff ff 00 00 01 01 02 00 c0
19:33:30.793       	00 00 49 5f 21 00 00 00 14 00 00 00 14 00 00 00 ff ff 00 00 01 01 02 00 62 17 82 02 41 21 83 02 6f 62 8a 01 05 8b 03 6f 06 02 80 02 00 05 88 01 98
19:33:30.793       	00 00 49 5f 0a 00 00 00 14 00 00 00 14 00 00 00 ff ff 00 00 01 01 02 00 90 00
19:33:30.794       	00 00 49 5f 0d 00 00 00 14 00 00 00 14 00 00 00 ff ff 00 00 00 01 02 00 00 b0 00 00 05
19:33:30.807       	00 00 49 5f 09 00 00 00 14 00 00 00 14 00 00 00 ff ff 00 00 01 01 02 00 b0
19:33:30.807       	00 00 49 5f 0d 00 00 00 14 00 00 00 14 00 00 00 ff ff 00 00 01 01 02 00 54 f4 00 40 00
19:33:30.807       	00 00 49 5f 0a 00 00 00 14 00 00 00 14 00 00 00 ff ff 00 00 01 01 02 00 90 00
19:33:30.808       	00 00 49 5f 0d 00 00 00 14 00 00 00 14 00 00 00 ff ff 00 00 00 01 02 00 00 a4 08 04 04
19:33:30.808       	00 00 49 5f 09 00 00 00 14 00 00 00 14 00 00 00 ff ff 00 00 01 01 02 00 a4
19:33:30.809       	00 00 49 5f 0c 00 00 00 14 00 00 00 14 00 00 00 ff ff 00 00 00 01 02 00 7f ff 6f d9
19:33:30.812       	00 00 49 5f 0a 00 00 00 14 00 00 00 14 00 00 00 ff ff 00 00 01 01 02 00 61 19
19:33:30.812       	00 00 49 5f 0d 00 00 00 14 00 00 00 14 00 00 00 ff ff 00 00 00 01 02 00 00 c0 00 00 19
19:33:30.813       	00 00 49 5f 09 00 00 00 14 00 00 00 14 00 00 00 ff ff 00 00 01 01 02 00 c0
19:33:30.814       	00 00 49 5f 21 00 00 00 14 00 00 00 14 00 00 00 ff ff 00 00 01 01 02 00 62 17 82 02 41 21 83 02 6f d9 8a 01 05 8b 03 6f 06 02 80 02 00 0f 88 01 e8
19:33:30.814       	00 00 49 5f 0a 00 00 00 14 00 00 00 14 00 00 00 ff ff 00 00 01 01 02 00 90 00
19:33:30.815       	00 00 49 5f 0d 00 00 00 14 00 00 00 14 00 00 00 ff ff 00 00 00 01 02 00 00 b0 00 00 0f
19:33:30.828       	00 00 49 5f 09 00 00 00 14 00 00 00 14 00 00 00 ff ff 00 00 01 01 02 00 b0
19:33:30.829       	00 00 49 5f 17 00 00 00 14 00 00 00 14 00 00 00 ff ff 00 00 01 01 02 00 54 f4 00 ff ff ff ff ff ff ff ff ff ff ff ff
19:33:30.829       	00 00 49 5f 0a 00 00 00 14 00 00 00 14 00 00 00 ff ff 00 00 01 01 02 00 90 00
19:33:30.830       	00 00 49 5f 0d 00 00 00 14 00 00 00 14 00 00 00 ff ff 00 00 00 01 02 00 00 a4 08 04 04
19:33:30.830       	00 00 49 5f 09 00 00 00 14 00 00 00 14 00 00 00 ff ff 00 00 01 01 02 00 a4
19:33:30.831       	00 00 49 5f 0c 00 00 00 14 00 00 00 14 00 00 00 ff ff 00 00 00 01 02 00 7f ff 6f 3b
19:33:30.834       	00 00 49 5f 0a 00 00 00 14 00 00 00 14 00 00 00 ff ff 00 00 01 01 02 00 61 1b
19:33:30.835       	00 00 49 5f 0d 00 00 00 14 00 00 00 14 00 00 00 ff ff 00 00 00 01 02 00 00 c0 00 00 1b
19:33:30.835       	00 00 49 5f 09 00 00 00 14 00 00 00 14 00 00 00 ff ff 00 00 01 01 02 00 c0
19:33:30.836       	00 00 49 5f 23 00 00 00 14 00 00 00 14 00 00 00 ff ff 00 00 01 01 02 00 62 19 82 05 42 21 00 1a 14 83 02 6f 3b 8a 01 05 8b 03 6f 06 08 80 02 02 08 88 00
19:33:30.836       	00 00 49 5f 0a 00 00 00 14 00 00 00 14 00 00 00 ff ff 00 00 01 01 02 00 90 00
19:33:30.837       	00 00 49 5f 0d 00 00 00 14 00 00 00 14 00 00 00 ff ff 00 00 00 01 02 00 00 a2 01 04 1a
19:33:30.838       	00 00 49 5f 09 00 00 00 14 00 00 00 14 00 00 00 ff ff 00 00 01 01 02 00 a2
19:33:30.838       	00 00 49 5f 22 00 00 00 14 00 00 00 14 00 00 00 ff ff 00 00 00 01 02 00 ff ff ff ff ff ff ff ff ff ff ff ff ff ff ff ff ff ff ff ff ff ff ff ff ff ff
19:33:30.853       	00 00 49 5f 0a 00 00 00 14 00 00 00 14 00 00 00 ff ff 00 00 01 01 02 00 61 14
19:33:30.854       	00 00 49 5f 0d 00 00 00 14 00 00 00 14 00 00 00 ff ff 00 00 00 01 02 00 00 c0 00 00 14
19:33:30.854       	00 00 49 5f 09 00 00 00 14 00 00 00 14 00 00 00 ff ff 00 00 01 01 02 00 c0
19:33:30.855       	00 00 49 5f 1c 00 00 00 14 00 00 00 14 00 00 00 ff ff 00 00 01 01 02 00 01 02 03 04 05 06 07 08 09 0a 0b 0c 0d 0e 0f 10 11 12 13 14
19:33:30.856       	00 00 49 5f 0a 00 00 00 14 00 00 00 14 00 00 00 ff ff 00 00 01 01 02 00 90 00
19:33:30.856       	00 00 49 5f 0d 00 00 00 14 00 00 00 14 00 00 00 ff ff 00 00 00 01 02 00 00 a4 08 04 04
19:33:30.857       	00 00 49 5f 09 00 00 00 14 00 00 00 14 00 00 00 ff ff 00 00 01 01 02 00 a4
19:33:30.857       	00 00 49 5f 0c 00 00 00 14 00 00 00 14 00 00 00 ff ff 00 00 00 01 02 00 7f ff 6f 46
19:33:30.861       	00 00 49 5f 0a 00 00 00 14 00 00 00 14 00 00 00 ff ff 00 00 01 01 02 00 61 18
19:33:30.861       	00 00 49 5f 0d 00 00 00 14 00 00 00 14 00 00 00 ff ff 00 00 00 01 02 00 00 c0 00 00 18
19:33:30.862       	00 00 49 5f 09 00 00 00 14 00 00 00 14 00 00 00 ff ff 00 00 01 01 02 00 c0
19:33:30.863       	00 00 49 5f 20 00 00 00 14 00 00 00 14 00 00 00 ff ff 00 00 01 01 02 00 62 16 82 02 41 21 83 02 6f 46 8a 01 05 8b 03 6f 06 0a 80 02 00 11 88 00
19:33:30.863       	00 00 49 5f 0a 00 00 00 14 00 00 00 14 00 00 00 ff ff 00 00 01 01 02 00 90 00
19:33:30.864       	00 00 49 5f 0d 00 00 00 14 00 00 00 14 00 00 00 ff ff 00 00 00 01 02 00 00 b0 00 00 11
19:33:30.864       	00 00 49 5f 09 00 00 00 14 00 00 00 14 00 00 00 ff ff 00 00 01 01 02 00 b0
19:33:30.865       	00 00 49 5f 19 00 00 00 14 00 00 00 14 00 00 00 ff ff 00 00 01 01 02 00 00 52 65 64 74 65 61 47 4f ff ff ff ff ff ff ff ff
19:33:30.865       	00 00 49 5f 0a 00 00 00 14 00 00 00 14 00 00 00 ff ff 00 00 01 01 02 00 90 00
19:33:30.866       	00 00 49 5f 0d 00 00 00 14 00 00 00 14 00 00 00 ff ff 00 00 00 01 02 00 00 a4 08 04 04
19:33:30.866       	00 00 49 5f 09 00 00 00 14 00 00 00 14 00 00 00 ff ff 00 00 01 01 02 00 a4
19:33:30.867       	00 00 49 5f 0c 00 00 00 14 00 00 00 14 00 00 00 ff ff 00 00 00 01 02 00 7f 20 6f 46
19:33:30.868       	00 00 49 5f 0a 00 00 00 14 00 00 00 14 00 00 00 ff ff 00 00 01 01 02 00 6a 82
19:33:30.869       	00 00 49 5f 0d 00 00 00 14 00 00 00 14 00 00 00 ff ff 00 00 00 01 02 00 00 a4 00 04 02
19:33:30.869       	00 00 49 5f 09 00 00 00 14 00 00 00 14 00 00 00 ff ff 00 00 01 01 02 00 a4
19:33:30.870       	00 00 49 5f 0a 00 00 00 14 00 00 00 14 00 00 00 ff ff 00 00 00 01 02 00 3f 00
19:33:30.871       	00 00 49 5f 0a 00 00 00 14 00 00 00 14 00 00 00 ff ff 00 00 01 01 02 00 61 28
19:33:30.871       	00 00 49 5f 0d 00 00 00 14 00 00 00 14 00 00 00 ff ff 00 00 00 01 02 00 00 c0 00 00 28
19:33:30.872       	00 00 49 5f 09 00 00 00 14 00 00 00 14 00 00 00 ff ff 00 00 01 01 02 00 c0
19:33:30.874       	00 00 00 00 30 00 00 00 14 00 00 00 14 00 00 00 ff ff 00 00 01 01 02 00 62 26 82 02 78 21 83 02 3f 00 a5 06 80 01 71 87 01 01 8a 01 05 8b 03 2f 06 0e c6 0c 90 01 60 83 01 01 83 01 02 83 01 0a
19:33:30.874       	00 00 49 5f 0a 00 00 00 14 00 00 00 14 00 00 00 ff ff 00 00 01 01 02 00 90 00
19:33:30.874       	00 00 49 5f 0d 00 00 00 14 00 00 00 14 00 00 00 ff ff 00 00 00 01 02 00 00 a4 00 04 02
19:33:30.875       	00 00 49 5f 09 00 00 00 14 00 00 00 14 00 00 00 ff ff 00 00 01 01 02 00 a4
19:33:30.875       	00 00 49 5f 0a 00 00 00 14 00 00 00 14 00 00 00 ff ff 00 00 00 01 02 00 7f 20
19:33:30.876       	00 00 49 5f 0a 00 00 00 14 00 00 00 14 00 00 00 ff ff 00 00 01 01 02 00 6a 82
19:33:30.877       	00 00 49 5f 0d 00 00 00 14 00 00 00 14 00 00 00 ff ff 00 00 00 01 02 00 00 a4 08 04 04
19:33:30.878       	00 00 49 5f 09 00 00 00 14 00 00 00 14 00 00 00 ff ff 00 00 01 01 02 00 a4
19:33:30.878       	00 00 49 5f 0c 00 00 00 14 00 00 00 14 00 00 00 ff ff 00 00 00 01 02 00 7f ff 6f c5
19:33:30.880       	00 00 49 5f 0a 00 00 00 14 00 00 00 14 00 00 00 ff ff 00 00 01 01 02 00 6a 82
19:33:30.881       	00 00 49 5f 0d 00 00 00 14 00 00 00 14 00 00 00 ff ff 00 00 00 01 02 00 00 a4 00 04 02
19:33:30.881       	00 00 49 5f 09 00 00 00 14 00 00 00 14 00 00 00 ff ff 00 00 01 01 02 00 a4
19:33:30.882       	00 00 49 5f 0a 00 00 00 14 00 00 00 14 00 00 00 ff ff 00 00 00 01 02 00 3f 00
19:33:30.883       	00 00 49 5f 0a 00 00 00 14 00 00 00 14 00 00 00 ff ff 00 00 01 01 02 00 61 28
19:33:30.883       	00 00 49 5f 0d 00 00 00 14 00 00 00 14 00 00 00 ff ff 00 00 00 01 02 00 00 c0 00 00 28
19:33:30.884       	00 00 49 5f 09 00 00 00 14 00 00 00 14 00 00 00 ff ff 00 00 01 01 02 00 c0
19:33:30.886       	00 00 00 00 30 00 00 00 14 00 00 00 14 00 00 00 ff ff 00 00 01 01 02 00 62 26 82 02 78 21 83 02 3f 00 a5 06 80 01 71 87 01 01 8a 01 05 8b 03 2f 06 0e c6 0c 90 01 60 83 01 01 83 01 02 83 01 0a
19:33:30.886       	00 00 49 5f 0a 00 00 00 14 00 00 00 14 00 00 00 ff ff 00 00 01 01 02 00 90 00
19:33:30.886       	00 00 49 5f 0d 00 00 00 14 00 00 00 14 00 00 00 ff ff 00 00 00 01 02 00 00 a4 00 04 02
19:33:30.887       	00 00 49 5f 09 00 00 00 14 00 00 00 14 00 00 00 ff ff 00 00 01 01 02 00 a4
19:33:30.887       	00 00 49 5f 0a 00 00 00 14 00 00 00 14 00 00 00 ff ff 00 00 00 01 02 00 7f ff
19:33:30.909       	00 00 49 5f 0a 00 00 00 14 00 00 00 14 00 00 00 ff ff 00 00 01 01 02 00 61 32
19:33:30.910       	00 00 49 5f 0d 00 00 00 14 00 00 00 14 00 00 00 ff ff 00 00 00 01 02 00 00 c0 00 00 32
19:33:30.910       	00 00 49 5f 09 00 00 00 14 00 00 00 14 00 00 00 ff ff 00 00 01 01 02 00 c0
19:33:30.913       	00 00 00 00 3a 00 00 00 14 00 00 00 14 00 00 00 ff ff 00 00 01 01 02 00 62 30 82 02 78 21 83 02 7f f1 84 10 a0 00 00 00 87 10 02 ff 33 ff 01 89 00 00 01 00 8a 01 05 8b 03 2f 06 0e c6 0c 90 01 60 83 01 01 83 01 81 83 01 0a
19:33:30.913       	00 00 49 5f 0a 00 00 00 14 00 00 00 14 00 00 00 ff ff 00 00 01 01 02 00 90 00
19:33:30.913       	00 00 49 5f 0d 00 00 00 14 00 00 00 14 00 00 00 ff ff 00 00 00 01 02 00 00 a4 00 04 02
19:33:30.914       	00 00 49 5f 09 00 00 00 14 00 00 00 14 00 00 00 ff ff 00 00 01 01 02 00 a4
19:33:30.914       	00 00 49 5f 0a 00 00 00 14 00 00 00 14 00 00 00 ff ff 00 00 00 01 02 00 6f c5
19:33:30.916       	00 00 49 5f 0a 00 00 00 14 00 00 00 14 00 00 00 ff ff 00 00 01 01 02 00 6a 82
19:33:30.917       	00 00 49 5f 0d 00 00 00 14 00 00 00 14 00 00 00 ff ff 00 00 00 01 02 00 00 a4 08 04 04
19:33:30.917       	00 00 49 5f 09 00 00 00 14 00 00 00 14 00 00 00 ff ff 00 00 01 01 02 00 a4
19:33:30.918       	00 00 49 5f 0c 00 00 00 14 00 00 00 14 00 00 00 ff ff 00 00 00 01 02 00 7f ff 6f b7
19:33:30.921       	00 00 49 5f 0a 00 00 00 14 00 00 00 14 00 00 00 ff ff 00 00 01 01 02 00 61 1c
19:33:30.922       	00 00 49 5f 0d 00 00 00 14 00 00 00 14 00 00 00 ff ff 00 00 00 01 02 00 00 c0 00 00 1c
19:33:30.922       	00 00 49 5f 09 00 00 00 14 00 00 00 14 00 00 00 ff ff 00 00 01 01 02 00 c0
19:33:30.923       	00 00 49 5f 24 00 00 00 14 00 00 00 14 00 00 00 ff ff 00 00 01 01 02 00 62 1a 82 05 42 21 00 04 01 83 02 6f b7 8a 01 05 8b 03 6f 06 0a 80 02 00 04 88 01 08
19:33:30.923       	00 00 49 5f 0a 00 00 00 14 00 00 00 14 00 00 00 ff ff 00 00 01 01 02 00 90 00
19:33:30.924       	00 00 49 5f 0d 00 00 00 14 00 00 00 14 00 00 00 ff ff 00 00 00 01 02 00 00 b2 01 04 04
19:33:30.925       	00 00 49 5f 09 00 00 00 14 00 00 00 14 00 00 00 ff ff 00 00 01 01 02 00 b2
19:33:30.925       	00 00 49 5f 0c 00 00 00 14 00 00 00 14 00 00 00 ff ff 00 00 01 01 02 00 ff ff ff 00
19:33:30.925       	00 00 49 5f 0a 00 00 00 14 00 00 00 14 00 00 00 ff ff 00 00 01 01 02 00 90 00
19:33:30.926       	00 00 49 5f 0d 00 00 00 14 00 00 00 14 00 00 00 ff ff 00 00 00 01 02 00 80 14 00 00 10
19:33:30.926       	00 00 49 5f 09 00 00 00 14 00 00 00 14 00 00 00 ff ff 00 00 01 01 02 00 14
19:33:30.927       	00 00 49 5f 18 00 00 00 14 00 00 00 14 00 00 00 ff ff 00 00 00 01 02 00 81 03 01 03 00 02 02 82 81 83 01 00 84 02 01 1e
19:33:30.956       	00 00 49 5f 0a 00 00 00 14 00 00 00 14 00 00 00 ff ff 00 00 01 01 02 00 91 35
19:33:30.956       	00 00 49 5f 0d 00 00 00 14 00 00 00 14 00 00 00 ff ff 00 00 00 01 02 00 80 12 00 00 35
19:33:30.957       	00 00 49 5f 09 00 00 00 14 00 00 00 14 00 00 00 ff ff 00 00 01 01 02 00 12
19:33:30.960       	00 00 00 00 3d 00 00 00 14 00 00 00 14 00 00 00 ff ff 00 00 01 01 02 00 d0 33 81 03 01 23 04 82 02 81 82 8d 11 04 56 65 72 69 66 79 42 69 6e 64 53 74 61 72 74 01 91 02 ff ff 97 11 04 4e 24 d9 c1 f0 ca 02 a9 4c 66 92 bc 90 4a d5 4e
19:33:30.960       	00 00 49 5f 0a 00 00 00 14 00 00 00 14 00 00 00 ff ff 00 00 01 01 02 00 90 00
19:33:30.960       	00 00 49 5f 0d 00 00 00 14 00 00 00 14 00 00 00 ff ff 00 00 00 01 02 00 00 a4 08 04 04
19:33:30.961       	00 00 49 5f 09 00 00 00 14 00 00 00 14 00 00 00 ff ff 00 00 01 01 02 00 a4
19:33:30.962       	00 00 49 5f 0c 00 00 00 14 00 00 00 14 00 00 00 ff ff 00 00 00 01 02 00 7f ff 6f 4b
19:33:30.963       	00 00 49 5f 0a 00 00 00 14 00 00 00 14 00 00 00 ff ff 00 00 01 01 02 00 6a 82
19:33:30.964       	00 00 49 5f 0d 00 00 00 14 00 00 00 14 00 00 00 ff ff 00 00 00 01 02 00 00 a4 00 04 02
19:33:30.965       	00 00 49 5f 09 00 00 00 14 00 00 00 14 00 00 00 ff ff 00 00 01 01 02 00 a4
19:33:30.965       	00 00 49 5f 0a 00 00 00 14 00 00 00 14 00 00 00 ff ff 00 00 00 01 02 00 3f 00
19:33:30.966       	00 00 49 5f 0a 00 00 00 14 00 00 00 14 00 00 00 ff ff 00 00 01 01 02 00 61 28
19:33:30.967       	00 00 49 5f 0d 00 00 00 14 00 00 00 14 00 00 00 ff ff 00 00 00 01 02 00 00 c0 00 00 28
19:33:30.967       	00 00 49 5f 09 00 00 00 14 00 00 00 14 00 00 00 ff ff 00 00 01 01 02 00 c0
19:33:30.969       	00 00 01 00 30 00 00 00 14 00 00 00 14 00 00 00 ff ff 00 00 01 01 02 00 62 26 82 02 78 21 83 02 3f 00 a5 06 80 01 71 87 01 01 8a 01 05 8b 03 2f 06 0e c6 0c 90 01 60 83 01 01 83 01 02 83 01 0a
19:33:30.970       	00 00 49 5f 0a 00 00 00 14 00 00 00 14 00 00 00 ff ff 00 00 01 01 02 00 90 00
19:33:30.970       	00 00 49 5f 0d 00 00 00 14 00 00 00 14 00 00 00 ff ff 00 00 00 01 02 00 00 a4 00 04 02
19:33:30.971       	00 00 49 5f 09 00 00 00 14 00 00 00 14 00 00 00 ff ff 00 00 01 01 02 00 a4
19:33:30.971       	00 00 49 5f 0a 00 00 00 14 00 00 00 14 00 00 00 ff ff 00 00 00 01 02 00 7f ff
19:33:30.993       	00 00 49 5f 0a 00 00 00 14 00 00 00 14 00 00 00 ff ff 00 00 01 01 02 00 61 32
19:33:30.994       	00 00 49 5f 0d 00 00 00 14 00 00 00 14 00 00 00 ff ff 00 00 00 01 02 00 00 c0 00 00 32
19:33:30.994       	00 00 49 5f 09 00 00 00 14 00 00 00 14 00 00 00 ff ff 00 00 01 01 02 00 c0
19:33:30.996       	00 00 00 00 3a 00 00 00 14 00 00 00 14 00 00 00 ff ff 00 00 01 01 02 00 62 30 82 02 78 21 83 02 7f f1 84 10 a0 00 00 00 87 10 02 ff 33 ff 01 89 00 00 01 00 8a 01 05 8b 03 2f 06 0e c6 0c 90 01 60 83 01 01 83 01 81 83 01 0a
19:33:30.997       	00 00 49 5f 0a 00 00 00 14 00 00 00 14 00 00 00 ff ff 00 00 01 01 02 00 90 00
19:33:30.997       	00 00 49 5f 0d 00 00 00 14 00 00 00 14 00 00 00 ff ff 00 00 00 01 02 00 00 a4 00 04 02
19:33:30.998       	00 00 49 5f 09 00 00 00 14 00 00 00 14 00 00 00 ff ff 00 00 01 01 02 00 a4
19:33:30.998       	00 00 49 5f 0a 00 00 00 14 00 00 00 14 00 00 00 ff ff 00 00 00 01 02 00 6f 4b
19:33:31.000       	00 00 49 5f 0a 00 00 00 14 00 00 00 14 00 00 00 ff ff 00 00 01 01 02 00 6a 82
19:33:31.001       	00 00 49 5f 0d 00 00 00 14 00 00 00 14 00 00 00 ff ff 00 00 00 01 02 00 00 a4 08 04 04
19:33:31.001       	00 00 49 5f 09 00 00 00 14 00 00 00 14 00 00 00 ff ff 00 00 01 01 02 00 a4
19:33:31.002       	00 00 49 5f 0c 00 00 00 14 00 00 00 14 00 00 00 ff ff 00 00 00 01 02 00 7f 20 6f c5
19:33:31.003       	00 00 49 5f 0a 00 00 00 14 00 00 00 14 00 00 00 ff ff 00 00 01 01 02 00 6a 82
19:33:31.004       	00 00 49 5f 0d 00 00 00 14 00 00 00 14 00 00 00 ff ff 00 00 00 01 02 00 00 a4 00 04 02
19:33:31.004       	00 00 49 5f 09 00 00 00 14 00 00 00 14 00 00 00 ff ff 00 00 01 01 02 00 a4
19:33:31.005       	00 00 49 5f 0a 00 00 00 14 00 00 00 14 00 00 00 ff ff 00 00 00 01 02 00 3f 00
19:33:31.006       	00 00 49 5f 0a 00 00 00 14 00 00 00 14 00 00 00 ff ff 00 00 01 01 02 00 61 28
19:33:31.006       	00 00 49 5f 0d 00 00 00 14 00 00 00 14 00 00 00 ff ff 00 00 00 01 02 00 00 c0 00 00 28
19:33:31.007       	00 00 49 5f 09 00 00 00 14 00 00 00 14 00 00 00 ff ff 00 00 01 01 02 00 c0
19:33:31.009       	00 00 00 00 30 00 00 00 14 00 00 00 14 00 00 00 ff ff 00 00 01 01 02 00 62 26 82 02 78 21 83 02 3f 00 a5 06 80 01 71 87 01 01 8a 01 05 8b 03 2f 06 0e c6 0c 90 01 60 83 01 01 83 01 02 83 01 0a
19:33:31.009       	00 00 49 5f 0a 00 00 00 14 00 00 00 14 00 00 00 ff ff 00 00 01 01 02 00 90 00
19:33:31.009       	00 00 49 5f 0d 00 00 00 14 00 00 00 14 00 00 00 ff ff 00 00 00 01 02 00 00 a4 00 04 02
19:33:31.010       	00 00 49 5f 09 00 00 00 14 00 00 00 14 00 00 00 ff ff 00 00 01 01 02 00 a4
19:33:31.010       	00 00 49 5f 0a 00 00 00 14 00 00 00 14 00 00 00 ff ff 00 00 00 01 02 00 7f 20
19:33:31.011       	00 00 49 5f 0a 00 00 00 14 00 00 00 14 00 00 00 ff ff 00 00 01 01 02 00 6a 82
19:33:31.012       	00 00 49 5f 0d 00 00 00 14 00 00 00 14 00 00 00 ff ff 00 00 00 01 02 00 00 a4 08 04 04
19:33:31.013       	00 00 49 5f 09 00 00 00 14 00 00 00 14 00 00 00 ff ff 00 00 01 01 02 00 a4
19:33:31.013       	00 00 49 5f 0c 00 00 00 14 00 00 00 14 00 00 00 ff ff 00 00 00 01 02 00 7f ff 6f 49
19:33:31.015       	00 00 49 5f 0a 00 00 00 14 00 00 00 14 00 00 00 ff ff 00 00 01 01 02 00 6a 82
19:33:31.016       	00 00 49 5f 0d 00 00 00 14 00 00 00 14 00 00 00 ff ff 00 00 00 01 02 00 00 a4 00 04 02
19:33:31.017       	00 00 49 5f 09 00 00 00 14 00 00 00 14 00 00 00 ff ff 00 00 01 01 02 00 a4
19:33:31.017       	00 00 49 5f 0a 00 00 00 14 00 00 00 14 00 00 00 ff ff 00 00 00 01 02 00 3f 00
19:33:31.018       	00 00 49 5f 0a 00 00 00 14 00 00 00 14 00 00 00 ff ff 00 00 01 01 02 00 61 28
19:33:31.019       	00 00 49 5f 0d 00 00 00 14 00 00 00 14 00 00 00 ff ff 00 00 00 01 02 00 00 c0 00 00 28
19:33:31.019       	00 00 49 5f 09 00 00 00 14 00 00 00 14 00 00 00 ff ff 00 00 01 01 02 00 c0
19:33:31.021       	00 00 00 00 30 00 00 00 14 00 00 00 14 00 00 00 ff ff 00 00 01 01 02 00 62 26 82 02 78 21 83 02 3f 00 a5 06 80 01 71 87 01 01 8a 01 05 8b 03 2f 06 0e c6 0c 90 01 60 83 01 01 83 01 02 83 01 0a
19:33:31.021       	00 00 49 5f 0a 00 00 00 14 00 00 00 14 00 00 00 ff ff 00 00 01 01 02 00 90 00
19:33:31.022       	00 00 49 5f 0d 00 00 00 14 00 00 00 14 00 00 00 ff ff 00 00 00 01 02 00 00 a4 00 04 02
19:33:31.022       	00 00 49 5f 09 00 00 00 14 00 00 00 14 00 00 00 ff ff 00 00 01 01 02 00 a4
19:33:31.023       	00 00 49 5f 0a 00 00 00 14 00 00 00 14 00 00 00 ff ff 00 00 00 01 02 00 7f ff
19:33:31.045       	00 00 49 5f 0a 00 00 00 14 00 00 00 14 00 00 00 ff ff 00 00 01 01 02 00 61 32
19:33:31.045       	00 00 49 5f 0d 00 00 00 14 00 00 00 14 00 00 00 ff ff 00 00 00 01 02 00 00 c0 00 00 32
19:33:31.046       	00 00 49 5f 09 00 00 00 14 00 00 00 14 00 00 00 ff ff 00 00 01 01 02 00 c0
19:33:31.048       	00 00 00 00 3a 00 00 00 14 00 00 00 14 00 00 00 ff ff 00 00 01 01 02 00 62 30 82 02 78 21 83 02 7f f1 84 10 a0 00 00 00 87 10 02 ff 33 ff 01 89 00 00 01 00 8a 01 05 8b 03 2f 06 0e c6 0c 90 01 60 83 01 01 83 01 81 83 01 0a
19:33:31.048       	00 00 49 5f 0a 00 00 00 14 00 00 00 14 00 00 00 ff ff 00 00 01 01 02 00 90 00
19:33:31.049       	00 00 49 5f 0d 00 00 00 14 00 00 00 14 00 00 00 ff ff 00 00 00 01 02 00 00 a4 00 04 02
19:33:31.049       	00 00 49 5f 09 00 00 00 14 00 00 00 14 00 00 00 ff ff 00 00 01 01 02 00 a4
19:33:31.050       	00 00 49 5f 0a 00 00 00 14 00 00 00 14 00 00 00 ff ff 00 00 00 01 02 00 6f 49
19:33:31.051       	00 00 49 5f 0a 00 00 00 14 00 00 00 14 00 00 00 ff ff 00 00 01 01 02 00 6a 82
19:33:31.052       	00 00 49 5f 0d 00 00 00 14 00 00 00 14 00 00 00 ff ff 00 00 00 01 02 00 00 a4 08 04 04
19:33:31.053       	00 00 49 5f 09 00 00 00 14 00 00 00 14 00 00 00 ff ff 00 00 01 01 02 00 a4
19:33:31.053       	00 00 49 5f 0c 00 00 00 14 00 00 00 14 00 00 00 ff ff 00 00 00 01 02 00 7f ff 6f e4
19:33:31.056       	00 00 49 5f 0a 00 00 00 14 00 00 00 14 00 00 00 ff ff 00 00 01 01 02 00 61 1c
19:33:31.057       	00 00 49 5f 0d 00 00 00 14 00 00 00 14 00 00 00 ff ff 00 00 00 01 02 00 00 c0 00 00 1c
19:33:31.057       	00 00 49 5f 09 00 00 00 14 00 00 00 14 00 00 00 ff ff 00 00 01 01 02 00 c0
19:33:31.058       	00 00 49 5f 24 00 00 00 14 00 00 00 14 00 00 00 ff ff 00 00 01 01 02 00 62 1a 82 05 42 21 00 50 01 83 02 6f e4 8a 01 05 8b 03 6f 06 05 80 02 00 50 88 01 c0
19:33:31.059       	00 00 49 5f 0a 00 00 00 14 00 00 00 14 00 00 00 ff ff 00 00 01 01 02 00 90 00
19:33:31.059       	00 00 49 5f 0d 00 00 00 14 00 00 00 14 00 00 00 ff ff 00 00 00 01 02 00 00 b2 01 04 50
19:33:31.072       	00 00 49 5f 09 00 00 00 14 00 00 00 14 00 00 00 ff ff 00 00 01 01 02 00 b2
19:33:31.076       	00 00 00 00 58 00 00 00 14 00 00 00 14 00 00 00 ff ff 00 00 01 01 02 00 a0 34 80 01 07 81 20 ff ff ff ff ff ff ff ff ff ff ff ff ff ff ff ff ff ff ff ff ff ff ff ff ff ff ff ff ff ff ff ff 82 04 ff ff ff ff 83 04 ff ff ff ff 84 01 ff ff ff ff ff ff ff ff ff ff ff ff ff ff ff ff ff ff ff ff ff ff ff ff ff ff ff
19:33:31.076       	00 00 49 5f 0a 00 00 00 14 00 00 00 14 00 00 00 ff ff 00 00 01 01 02 00 90 00
19:33:31.077       	00 00 49 5f 0d 00 00 00 14 00 00 00 14 00 00 00 ff ff 00 00 00 01 02 00 00 a4 08 04 04
19:33:31.077       	00 00 49 5f 09 00 00 00 14 00 00 00 14 00 00 00 ff ff 00 00 01 01 02 00 a4
19:33:31.078       	00 00 49 5f 0c 00 00 00 14 00 00 00 14 00 00 00 ff ff 00 00 00 01 02 00 7f ff 6f e3
19:33:31.081       	00 00 49 5f 0a 00 00 00 14 00 00 00 14 00 00 00 ff ff 00 00 01 01 02 00 61 19
19:33:31.081       	00 00 49 5f 0d 00 00 00 14 00 00 00 14 00 00 00 ff ff 00 00 00 01 02 00 00 c0 00 00 19
19:33:31.082       	00 00 49 5f 09 00 00 00 14 00 00 00 14 00 00 00 ff ff 00 00 01 01 02 00 c0
19:33:31.083       	00 00 49 5f 21 00 00 00 14 00 00 00 14 00 00 00 ff ff 00 00 01 01 02 00 62 17 82 02 41 21 83 02 6f e3 8a 01 05 8b 03 6f 06 05 80 02 00 12 88 01 f0
19:33:31.083       	00 00 49 5f 0a 00 00 00 14 00 00 00 14 00 00 00 ff ff 00 00 01 01 02 00 90 00
19:33:31.084       	00 00 49 5f 0d 00 00 00 14 00 00 00 14 00 00 00 ff ff 00 00 00 01 02 00 00 b0 00 00 12
19:33:31.097       	00 00 49 5f 09 00 00 00 14 00 00 00 14 00 00 00 ff ff 00 00 01 01 02 00 b0
19:33:31.098       	00 00 49 5f 1a 00 00 00 14 00 00 00 14 00 00 00 ff ff 00 00 01 01 02 00 0b f6 ff ff ff ff ff ff ff ff ff ff 64 f0 10 ff fe 00
19:33:31.098       	00 00 49 5f 0a 00 00 00 14 00 00 00 14 00 00 00 ff ff 00 00 01 01 02 00 90 00
19:33:31.099       	00 00 49 5f 0d 00 00 00 14 00 00 00 14 00 00 00 ff ff 00 00 00 01 02 00 00 a4 08 04 04
19:33:31.099       	00 00 49 5f 09 00 00 00 14 00 00 00 14 00 00 00 ff ff 00 00 01 01 02 00 a4
19:33:31.100       	00 00 49 5f 0c 00 00 00 14 00 00 00 14 00 00 00 ff ff 00 00 00 01 02 00 7f ff 6f 40
19:33:31.102       	00 00 49 5f 0a 00 00 00 14 00 00 00 14 00 00 00 ff ff 00 00 01 01 02 00 6a 82
19:33:31.102       	00 00 49 5f 0d 00 00 00 14 00 00 00 14 00 00 00 ff ff 00 00 00 01 02 00 00 a4 00 04 02
19:33:31.103       	00 00 49 5f 09 00 00 00 14 00 00 00 14 00 00 00 ff ff 00 00 01 01 02 00 a4
19:33:31.104       	00 00 49 5f 0a 00 00 00 14 00 00 00 14 00 00 00 ff ff 00 00 00 01 02 00 3f 00
19:33:31.104       	00 00 49 5f 0a 00 00 00 14 00 00 00 14 00 00 00 ff ff 00 00 01 01 02 00 61 28
19:33:31.105       	00 00 49 5f 0d 00 00 00 14 00 00 00 14 00 00 00 ff ff 00 00 00 01 02 00 00 c0 00 00 28
19:33:31.105       	00 00 49 5f 09 00 00 00 14 00 00 00 14 00 00 00 ff ff 00 00 01 01 02 00 c0
19:33:31.107       	00 00 ff ff 30 00 00 00 14 00 00 00 14 00 00 00 ff ff 00 00 01 01 02 00 62 26 82 02 78 21 83 02 3f 00 a5 06 80 01 71 87 01 01 8a 01 05 8b 03 2f 06 0e c6 0c 90 01 60 83 01 01 83 01 02 83 01 0a
19:33:31.108       	00 00 49 5f 0a 00 00 00 14 00 00 00 14 00 00 00 ff ff 00 00 01 01 02 00 90 00
19:33:31.108       	00 00 49 5f 0d 00 00 00 14 00 00 00 14 00 00 00 ff ff 00 00 00 01 02 00 00 a4 00 04 02
19:33:31.109       	00 00 49 5f 09 00 00 00 14 00 00 00 14 00 00 00 ff ff 00 00 01 01 02 00 a4
19:33:31.109       	00 00 49 5f 0a 00 00 00 14 00 00 00 14 00 00 00 ff ff 00 00 00 01 02 00 7f ff
19:33:31.131       	00 00 49 5f 0a 00 00 00 14 00 00 00 14 00 00 00 ff ff 00 00 01 01 02 00 61 32
19:33:31.132       	00 00 49 5f 0d 00 00 00 14 00 00 00 14 00 00 00 ff ff 00 00 00 01 02 00 00 c0 00 00 32
19:33:31.132       	00 00 49 5f 09 00 00 00 14 00 00 00 14 00 00 00 ff ff 00 00 01 01 02 00 c0
19:33:31.135       	00 00 00 00 3a 00 00 00 14 00 00 00 14 00 00 00 ff ff 00 00 01 01 02 00 62 30 82 02 78 21 83 02 7f f1 84 10 a0 00 00 00 87 10 02 ff 33 ff 01 89 00 00 01 00 8a 01 05 8b 03 2f 06 0e c6 0c 90 01 60 83 01 01 83 01 81 83 01 0a
19:33:31.135       	00 00 49 5f 0a 00 00 00 14 00 00 00 14 00 00 00 ff ff 00 00 01 01 02 00 90 00
19:33:31.135       	00 00 49 5f 0d 00 00 00 14 00 00 00 14 00 00 00 ff ff 00 00 00 01 02 00 00 a4 00 04 02
19:33:31.136       	00 00 49 5f 09 00 00 00 14 00 00 00 14 00 00 00 ff ff 00 00 01 01 02 00 a4
19:33:31.136       	00 00 49 5f 0a 00 00 00 14 00 00 00 14 00 00 00 ff ff 00 00 00 01 02 00 6f 40
19:33:31.138       	00 00 49 5f 0a 00 00 00 14 00 00 00 14 00 00 00 ff ff 00 00 01 01 02 00 6a 82
19:33:31.139       	00 00 49 5f 0d 00 00 00 14 00 00 00 14 00 00 00 ff ff 00 00 00 01 02 00 00 a4 08 04 04
19:33:31.139       	00 00 49 5f 09 00 00 00 14 00 00 00 14 00 00 00 ff ff 00 00 01 01 02 00 a4
19:33:31.140       	00 00 49 5f 0c 00 00 00 14 00 00 00 14 00 00 00 ff ff 00 00 00 01 02 00 7f ff 6f e4
19:33:31.143       	00 00 49 5f 0a 00 00 00 14 00 00 00 14 00 00 00 ff ff 00 00 01 01 02 00 61 1c
19:33:31.143       	00 00 49 5f 0d 00 00 00 14 00 00 00 14 00 00 00 ff ff 00 00 00 01 02 00 00 c0 00 00 1c
19:33:31.144       	00 00 49 5f 09 00 00 00 14 00 00 00 14 00 00 00 ff ff 00 00 01 01 02 00 c0
19:33:31.145       	00 00 49 5f 24 00 00 00 14 00 00 00 14 00 00 00 ff ff 00 00 01 01 02 00 62 1a 82 05 42 21 00 50 01 83 02 6f e4 8a 01 05 8b 03 6f 06 05 80 02 00 50 88 01 c0
19:33:31.145       	00 00 49 5f 0a 00 00 00 14 00 00 00 14 00 00 00 ff ff 00 00 01 01 02 00 90 00
19:33:31.146       	00 00 49 5f 0d 00 00 00 14 00 00 00 14 00 00 00 ff ff 00 00 00 01 02 00 00 dc 01 04 50
19:33:31.147       	00 00 49 5f 09 00 00 00 14 00 00 00 14 00 00 00 ff ff 00 00 01 01 02 00 dc
19:33:31.147       	00 00 f0 d3 58 00 00 00 14 00 00 00 14 00 00 00 ff ff 00 00 00 01 02 00 a0 34 80 01 07 81 20 00 00 00 00 00 00 00 00 00 00 00 00 00 00 00 00 00 00 00 00 00 00 00 00 00 00 00 00 00 00 00 00 82 04 00 00 00 00 83 04 00 00 00 00 84 01 00 ff ff ff ff ff ff ff ff ff ff ff ff ff ff ff ff ff ff ff ff ff ff ff ff ff ff
19:33:31.187       	00 00 49 5f 0a 00 00 00 14 00 00 00 14 00 00 00 ff ff 00 00 01 01 02 00 90 00
19:33:31.373       	00 00 49 5f 0d 00 00 00 14 00 00 00 14 00 00 00 ff ff 00 00 00 01 02 00 00 a4 08 04 04
19:33:31.374       	00 00 49 5f 09 00 00 00 14 00 00 00 14 00 00 00 ff ff 00 00 01 01 02 00 a4
19:33:31.374       	00 00 49 5f 0c 00 00 00 14 00 00 00 14 00 00 00 ff ff 00 00 00 01 02 00 7f ff 6f e3
19:33:31.377       	00 00 49 5f 0a 00 00 00 14 00 00 00 14 00 00 00 ff ff 00 00 01 01 02 00 61 19
19:33:31.378       	00 00 49 5f 0d 00 00 00 14 00 00 00 14 00 00 00 ff ff 00 00 00 01 02 00 00 c0 00 00 19
19:33:31.378       	00 00 49 5f 09 00 00 00 14 00 00 00 14 00 00 00 ff ff 00 00 01 01 02 00 c0
19:33:31.379       	00 00 49 5f 21 00 00 00 14 00 00 00 14 00 00 00 ff ff 00 00 01 01 02 00 62 17 82 02 41 21 83 02 6f e3 8a 01 05 8b 03 6f 06 05 80 02 00 12 88 01 f0
19:33:31.379       	00 00 49 5f 0a 00 00 00 14 00 00 00 14 00 00 00 ff ff 00 00 01 01 02 00 90 00
19:33:31.380       	00 00 49 5f 0d 00 00 00 14 00 00 00 14 00 00 00 ff ff 00 00 00 01 02 00 00 b0 00 00 12
19:33:31.393       	00 00 49 5f 09 00 00 00 14 00 00 00 14 00 00 00 ff ff 00 00 01 01 02 00 b0
19:33:31.394       	00 00 49 5f 1a 00 00 00 14 00 00 00 14 00 00 00 ff ff 00 00 01 01 02 00 0b f6 ff ff ff ff ff ff ff ff ff ff 64 f0 10 ff fe 00
19:33:31.394       	00 00 49 5f 0a 00 00 00 14 00 00 00 14 00 00 00 ff ff 00 00 01 01 02 00 90 00
19:33:31.396       	00 00 49 5f 0d 00 00 00 14 00 00 00 14 00 00 00 ff ff 00 00 00 01 02 00 00 a4 08 04 04
19:33:31.396       	00 00 49 5f 09 00 00 00 14 00 00 00 14 00 00 00 ff ff 00 00 01 01 02 00 a4
19:33:31.397       	00 00 49 5f 0c 00 00 00 14 00 00 00 14 00 00 00 ff ff 00 00 00 01 02 00 7f ff 6f e4
19:33:31.400       	00 00 49 5f 0a 00 00 00 14 00 00 00 14 00 00 00 ff ff 00 00 01 01 02 00 61 1c
19:33:31.400       	00 00 49 5f 0d 00 00 00 14 00 00 00 14 00 00 00 ff ff 00 00 00 01 02 00 00 c0 00 00 1c
19:33:31.401       	00 00 49 5f 09 00 00 00 14 00 00 00 14 00 00 00 ff ff 00 00 01 01 02 00 c0
19:33:31.402       	00 00 49 5f 24 00 00 00 14 00 00 00 14 00 00 00 ff ff 00 00 01 01 02 00 62 1a 82 05 42 21 00 50 01 83 02 6f e4 8a 01 05 8b 03 6f 06 05 80 02 00 50 88 01 c0
19:33:31.402       	00 00 49 5f 0a 00 00 00 14 00 00 00 14 00 00 00 ff ff 00 00 01 01 02 00 90 00
19:33:31.403       	00 00 49 5f 0d 00 00 00 14 00 00 00 14 00 00 00 ff ff 00 00 00 01 02 00 00 dc 01 04 50
19:33:31.403       	00 00 49 5f 09 00 00 00 14 00 00 00 14 00 00 00 ff ff 00 00 01 01 02 00 dc
19:33:31.404       	00 00 a1 a0 58 00 00 00 14 00 00 00 14 00 00 00 ff ff 00 00 00 01 02 00 a0 34 80 01 07 81 20 00 00 00 00 00 00 00 00 00 00 00 00 00 00 00 00 00 00 00 00 00 00 00 00 00 00 00 00 00 00 00 00 82 04 00 00 00 00 83 04 00 00 00 00 84 01 00 ff ff ff ff ff ff ff ff ff ff ff ff ff ff ff ff ff ff ff ff ff ff ff ff ff ff
19:33:31.431       	00 00 49 5f 0a 00 00 00 14 00 00 00 14 00 00 00 ff ff 00 00 01 01 02 00 90 00
19:33:31.694       	00 00 49 5f 0d 00 00 00 14 00 00 00 14 00 00 00 ff ff 00 00 00 01 02 00 00 dc 01 04 50
19:33:31.695       	00 00 49 5f 09 00 00 00 14 00 00 00 14 00 00 00 ff ff 00 00 01 01 02 00 dc
19:33:31.695       	00 00 44 45 58 00 00 00 14 00 00 00 14 00 00 00 ff ff 00 00 00 01 02 00 a0 34 80 01 07 81 20 ff ff ff ff ff ff ff ff ff ff ff ff ff ff ff ff ff ff ff ff ff ff ff ff ff ff ff ff ff ff ff ff 82 04 ff ff ff ff 83 04 ff ff ff ff 84 01 ff ff ff ff ff ff ff ff ff ff ff ff ff ff ff ff ff ff ff ff ff ff ff ff ff ff ff
19:33:31.736       	00 00 49 5f 0a 00 00 00 14 00 00 00 14 00 00 00 ff ff 00 00 01 01 02 00 90 00
19:33:31.740       	00 00 49 5f 0d 00 00 00 14 00 00 00 14 00 00 00 ff ff 00 00 00 01 02 00 80 7c 00 00 00
19:33:31.743       	00 00 49 5f 0a 00 00 00 14 00 00 00 14 00 00 00 ff ff 00 00 01 01 02 00 90 00
19:33:31.744       	00 00 7d 21 0d 00 00 00 14 00 00 00 14 00 00 00 ff ff 00 00 00 01 00 00 00 70 00 00 01
19:33:31.745       	00 00 49 5f 09 00 00 00 14 00 00 00 14 00 00 00 ff ff 00 00 01 01 00 00 70
19:33:31.745       	00 00 49 5f 09 00 00 00 14 00 00 00 14 00 00 00 ff ff 00 00 01 01 00 00 01
19:33:31.745       	00 00 49 5f 0a 00 00 00 14 00 00 00 14 00 00 00 ff ff 00 00 01 01 00 00 90 00
19:33:31.745       	00 00 49 5f 0d 00 00 00 14 00 00 00 14 00 00 00 ff ff 00 00 00 01 00 00 01 a4 04 00 10
19:33:31.746       	00 00 49 5f 09 00 00 00 14 00 00 00 14 00 00 00 ff ff 00 00 01 01 00 00 a4
19:33:31.746       	00 00 49 5f 18 00 00 00 14 00 00 00 14 00 00 00 ff ff 00 00 00 01 00 00 a0 00 00 05 59 10 10 ff ff ff ff 89 00 00 01 00
19:33:31.749       	00 00 49 5f 0a 00 00 00 14 00 00 00 14 00 00 00 ff ff 00 00 01 01 00 00 61 25
19:33:31.750       	00 00 49 5f 0d 00 00 00 14 00 00 00 14 00 00 00 ff ff 00 00 00 01 00 00 01 c0 00 00 25
19:33:31.750       	00 00 49 5f 09 00 00 00 14 00 00 00 14 00 00 00 ff ff 00 00 01 01 00 00 c0
19:33:31.752       	00 00 00 00 2d 00 00 00 14 00 00 00 14 00 00 00 ff ff 00 00 01 01 00 00 6f 23 84 10 a0 00 00 05 59 10 10 ff ff ff ff 89 00 00 01 00 a5 04 9f 65 01 ff e0 09 82 03 02 03 00 03 02 05 20
19:33:31.752       	00 00 49 5f 0a 00 00 00 14 00 00 00 14 00 00 00 ff ff 00 00 01 01 00 00 90 00
19:33:31.755       	00 00 49 5f 0d 00 00 00 14 00 00 00 14 00 00 00 ff ff 00 00 00 01 00 00 81 e2 91 00 06
19:33:31.756       	00 00 49 5f 09 00 00 00 14 00 00 00 14 00 00 00 ff ff 00 00 01 01 00 00 e2
19:33:31.756       	00 00 49 5f 0e 00 00 00 14 00 00 00 14 00 00 00 ff ff 00 00 00 01 00 00 bf 3e 03 5c 01 5a
19:33:31.757       	00 00 49 5f 0a 00 00 00 14 00 00 00 14 00 00 00 ff ff 00 00 01 01 00 00 61 15
19:33:31.757       	00 00 49 5f 0d 00 00 00 14 00 00 00 14 00 00 00 ff ff 00 00 00 01 00 00 01 c0 00 00 15
19:33:31.758       	00 00 49 5f 09 00 00 00 14 00 00 00 14 00 00 00 ff ff 00 00 01 01 00 00 c0
19:33:31.759       	00 00 49 5f 1d 00 00 00 14 00 00 00 14 00 00 00 ff ff 00 00 01 01 00 00 bf 3e 12 5a 10 89 03 40 11 02 44 00 00 00 00 00 00 13 43 39 40
19:33:31.759       	00 00 49 5f 0a 00 00 00 14 00 00 00 14 00 00 00 ff ff 00 00 01 01 00 00 90 00
19:33:31.761       	00 00 49 5f 0d 00 00 00 14 00 00 00 14 00 00 00 ff ff 00 00 00 01 00 00 00 70 80 01 00
19:33:31.761       	00 00 49 5f 0a 00 00 00 14 00 00 00 14 00 00 00 ff ff 00 00 01 01 00 00 90 00
19:33:31.783       	00 00 49 5f 0d 00 00 00 14 00 00 00 14 00 00 00 ff ff 00 00 00 01 00 00 80 7c 00 02 00
19:33:31.784       	00 00 49 5f 0a 00 00 00 14 00 00 00 14 00 00 00 ff ff 00 00 01 01 00 00 90 00
19:33:31.785       	00 00 49 5f 0d 00 00 00 14 00 00 00 14 00 00 00 ff ff 00 00 00 01 02 00 00 a4 08 04 06
19:33:31.786       	00 00 49 5f 09 00 00 00 14 00 00 00 14 00 00 00 ff ff 00 00 01 01 02 00 a4
19:33:31.786       	00 00 49 5f 0e 00 00 00 14 00 00 00 14 00 00 00 ff ff 00 00 00 01 02 00 7f ff 5f c0 4f 07
19:33:31.788       	00 00 49 5f 0a 00 00 00 14 00 00 00 14 00 00 00 ff ff 00 00 01 01 02 00 6a 82
19:33:31.789       	00 00 49 5f 0d 00 00 00 14 00 00 00 14 00 00 00 ff ff 00 00 00 01 02 00 00 a4 00 04 02
19:33:31.790       	00 00 49 5f 09 00 00 00 14 00 00 00 14 00 00 00 ff ff 00 00 01 01 02 00 a4
19:33:31.790       	00 00 49 5f 0a 00 00 00 14 00 00 00 14 00 00 00 ff ff 00 00 00 01 02 00 3f 00
19:33:31.791       	00 00 49 5f 0a 00 00 00 14 00 00 00 14 00 00 00 ff ff 00 00 01 01 02 00 61 28
19:33:31.792       	00 00 49 5f 0d 00 00 00 14 00 00 00 14 00 00 00 ff ff 00 00 00 01 02 00 00 c0 00 00 28
19:33:31.792       	00 00 49 5f 09 00 00 00 14 00 00 00 14 00 00 00 ff ff 00 00 01 01 02 00 c0
19:33:31.794       	00 00 00 00 30 00 00 00 14 00 00 00 14 00 00 00 ff ff 00 00 01 01 02 00 62 26 82 02 78 21 83 02 3f 00 a5 06 80 01 71 87 01 01 8a 01 05 8b 03 2f 06 0e c6 0c 90 01 60 83 01 01 83 01 02 83 01 0a
19:33:31.794       	00 00 49 5f 0a 00 00 00 14 00 00 00 14 00 00 00 ff ff 00 00 01 01 02 00 90 00
19:33:31.795       	00 00 49 5f 0d 00 00 00 14 00 00 00 14 00 00 00 ff ff 00 00 00 01 02 00 00 a4 00 04 02
19:33:31.795       	00 00 49 5f 09 00 00 00 14 00 00 00 14 00 00 00 ff ff 00 00 01 01 02 00 a4
19:33:31.796       	00 00 49 5f 0a 00 00 00 14 00 00 00 14 00 00 00 ff ff 00 00 00 01 02 00 7f ff
19:33:31.818       	00 00 49 5f 0a 00 00 00 14 00 00 00 14 00 00 00 ff ff 00 00 01 01 02 00 61 32
19:33:31.819       	00 00 49 5f 0d 00 00 00 14 00 00 00 14 00 00 00 ff ff 00 00 00 01 02 00 00 c0 00 00 32
19:33:31.819       	00 00 49 5f 09 00 00 00 14 00 00 00 14 00 00 00 ff ff 00 00 01 01 02 00 c0
19:33:31.822       	00 00 d6 2a 3a 00 00 00 14 00 00 00 14 00 00 00 ff ff 00 00 01 01 02 00 62 30 82 02 78 21 83 02 7f f1 84 10 a0 00 00 00 87 10 02 ff 33 ff 01 89 00 00 01 00 8a 01 05 8b 03 2f 06 0e c6 0c 90 01 60 83 01 01 83 01 81 83 01 0a
19:33:31.822       	00 00 49 5f 0a 00 00 00 14 00 00 00 14 00 00 00 ff ff 00 00 01 01 02 00 90 00
19:33:31.822       	00 00 49 5f 0d 00 00 00 14 00 00 00 14 00 00 00 ff ff 00 00 00 01 02 00 00 a4 00 04 02
19:33:31.823       	00 00 49 5f 09 00 00 00 14 00 00 00 14 00 00 00 ff ff 00 00 01 01 02 00 a4
19:33:31.823       	00 00 49 5f 0a 00 00 00 14 00 00 00 14 00 00 00 ff ff 00 00 00 01 02 00 5f c0
19:33:31.825       	00 00 49 5f 0a 00 00 00 14 00 00 00 14 00 00 00 ff ff 00 00 01 01 02 00 6a 82
19:33:31.829       	00 00 49 5f 0d 00 00 00 14 00 00 00 14 00 00 00 ff ff 00 00 00 01 02 00 00 a4 08 04 04
19:33:31.829       	00 00 49 5f 09 00 00 00 14 00 00 00 14 00 00 00 ff ff 00 00 01 01 02 00 a4
19:33:31.830       	00 00 49 5f 0c 00 00 00 14 00 00 00 14 00 00 00 ff ff 00 00 00 01 02 00 7f ff 6f 07
19:33:31.834       	00 00 49 5f 0a 00 00 00 14 00 00 00 14 00 00 00 ff ff 00 00 01 01 02 00 61 19
19:33:31.834       	00 00 49 5f 0d 00 00 00 14 00 00 00 14 00 00 00 ff ff 00 00 00 01 02 00 00 c0 00 00 19
19:33:31.835       	00 00 49 5f 09 00 00 00 14 00 00 00 14 00 00 00 ff ff 00 00 01 01 02 00 c0
19:33:31.836       	00 00 49 5f 21 00 00 00 14 00 00 00 14 00 00 00 ff ff 00 00 01 01 02 00 62 17 82 02 41 21 83 02 6f 07 8a 01 05 8b 03 6f 06 02 80 02 00 09 88 01 38
19:33:31.836       	00 00 49 5f 0a 00 00 00 14 00 00 00 14 00 00 00 ff ff 00 00 01 01 02 00 90 00
19:33:31.837       	00 00 49 5f 0d 00 00 00 14 00 00 00 14 00 00 00 ff ff 00 00 00 01 02 00 00 b0 00 00 09
19:33:31.852       	00 00 49 5f 09 00 00 00 14 00 00 00 14 00 00 00 ff ff 00 00 01 01 02 00 b0
19:33:31.852       	00 00 49 5f 11 00 00 00 14 00 00 00 14 00 00 00 ff ff 00 00 01 01 02 00 08 49 45 00 36 12 73 06 40
19:33:31.852       	00 00 49 5f 0a 00 00 00 14 00 00 00 14 00 00 00 ff ff 00 00 01 01 02 00 90 00
19:33:31.853       	00 00 49 5f 0d 00 00 00 14 00 00 00 14 00 00 00 ff ff 00 00 00 01 02 00 00 a4 08 04 04
19:33:31.853       	00 00 49 5f 09 00 00 00 14 00 00 00 14 00 00 00 ff ff 00 00 01 01 02 00 a4
19:33:31.854       	00 00 49 5f 0c 00 00 00 14 00 00 00 14 00 00 00 ff ff 00 00 00 01 02 00 7f ff 6f cb
19:33:31.856       	00 00 49 5f 0a 00 00 00 14 00 00 00 14 00 00 00 ff ff 00 00 01 01 02 00 6a 82
19:33:31.857       	00 00 49 5f 0d 00 00 00 14 00 00 00 14 00 00 00 ff ff 00 00 00 01 02 00 00 a4 00 04 02
19:33:31.857       	00 00 49 5f 09 00 00 00 14 00 00 00 14 00 00 00 ff ff 00 00 01 01 02 00 a4
19:33:31.859       	00 00 49 5f 0a 00 00 00 14 00 00 00 14 00 00 00 ff ff 00 00 00 01 02 00 3f 00
19:33:31.861       	00 00 49 5f 0a 00 00 00 14 00 00 00 14 00 00 00 ff ff 00 00 01 01 02 00 61 28
19:33:31.861       	00 00 49 5f 0d 00 00 00 14 00 00 00 14 00 00 00 ff ff 00 00 00 01 02 00 00 c0 00 00 28
19:33:31.862       	00 00 49 5f 09 00 00 00 14 00 00 00 14 00 00 00 ff ff 00 00 01 01 02 00 c0
19:33:31.864       	00 00 00 00 30 00 00 00 14 00 00 00 14 00 00 00 ff ff 00 00 01 01 02 00 62 26 82 02 78 21 83 02 3f 00 a5 06 80 01 71 87 01 01 8a 01 05 8b 03 2f 06 0e c6 0c 90 01 60 83 01 01 83 01 02 83 01 0a
19:33:31.864       	00 00 49 5f 0a 00 00 00 14 00 00 00 14 00 00 00 ff ff 00 00 01 01 02 00 90 00
19:33:31.864       	00 00 49 5f 0d 00 00 00 14 00 00 00 14 00 00 00 ff ff 00 00 00 01 02 00 00 a4 00 04 02
19:33:31.865       	00 00 49 5f 09 00 00 00 14 00 00 00 14 00 00 00 ff ff 00 00 01 01 02 00 a4
19:33:31.866       	00 00 49 5f 0a 00 00 00 14 00 00 00 14 00 00 00 ff ff 00 00 00 01 02 00 7f ff
19:33:31.887       	00 00 49 5f 0a 00 00 00 14 00 00 00 14 00 00 00 ff ff 00 00 01 01 02 00 61 32
19:33:31.888       	00 00 49 5f 0d 00 00 00 14 00 00 00 14 00 00 00 ff ff 00 00 00 01 02 00 00 c0 00 00 32
19:33:31.888       	00 00 49 5f 09 00 00 00 14 00 00 00 14 00 00 00 ff ff 00 00 01 01 02 00 c0
19:33:31.891       	00 00 00 00 3a 00 00 00 14 00 00 00 14 00 00 00 ff ff 00 00 01 01 02 00 62 30 82 02 78 21 83 02 7f f1 84 10 a0 00 00 00 87 10 02 ff 33 ff 01 89 00 00 01 00 8a 01 05 8b 03 2f 06 0e c6 0c 90 01 60 83 01 01 83 01 81 83 01 0a
19:33:31.891       	00 00 49 5f 0a 00 00 00 14 00 00 00 14 00 00 00 ff ff 00 00 01 01 02 00 90 00
19:33:31.892       	00 00 49 5f 0d 00 00 00 14 00 00 00 14 00 00 00 ff ff 00 00 00 01 02 00 00 a4 00 04 02
19:33:31.892       	00 00 49 5f 09 00 00 00 14 00 00 00 14 00 00 00 ff ff 00 00 01 01 02 00 a4
19:33:31.893       	00 00 49 5f 0a 00 00 00 14 00 00 00 14 00 00 00 ff ff 00 00 00 01 02 00 6f cb
19:33:31.895       	00 00 49 5f 0a 00 00 00 14 00 00 00 14 00 00 00 ff ff 00 00 01 01 02 00 6a 82
19:33:31.895       	00 00 49 5f 0d 00 00 00 14 00 00 00 14 00 00 00 ff ff 00 00 00 01 02 00 00 88 00 81 22
19:33:31.896       	00 00 49 5f 0a 00 00 00 14 00 00 00 14 00 00 00 ff ff 00 00 01 01 02 00 69 85
19:33:31.900       	00 00 49 5f 0d 00 00 00 14 00 00 00 14 00 00 00 ff ff 00 00 00 01 02 00 00 a4 08 04 04
19:33:31.901       	00 00 49 5f 09 00 00 00 14 00 00 00 14 00 00 00 ff ff 00 00 01 01 02 00 a4
19:33:31.901       	00 00 49 5f 0c 00 00 00 14 00 00 00 14 00 00 00 ff ff 00 00 00 01 02 00 7f ff 6f 38
19:33:31.905       	00 00 49 5f 0a 00 00 00 14 00 00 00 14 00 00 00 ff ff 00 00 01 01 02 00 61 19
19:33:31.905       	00 00 49 5f 0d 00 00 00 14 00 00 00 14 00 00 00 ff ff 00 00 00 01 02 00 00 c0 00 00 19
19:33:31.906       	00 00 49 5f 09 00 00 00 14 00 00 00 14 00 00 00 ff ff 00 00 01 01 02 00 c0
19:33:31.907       	00 00 00 00 21 00 00 00 14 00 00 00 14 00 00 00 ff ff 00 00 01 01 02 00 62 17 82 02 41 21 83 02 6f 38 8a 01 05 8b 03 6f 06 02 80 02 00 11 88 01 20
19:33:31.907       	00 00 49 5f 0a 00 00 00 14 00 00 00 14 00 00 00 ff ff 00 00 01 01 02 00 90 00
19:33:31.908       	00 00 49 5f 0d 00 00 00 14 00 00 00 14 00 00 00 ff ff 00 00 00 01 02 00 00 a4 08 04 04
19:33:31.909       	00 00 49 5f 09 00 00 00 14 00 00 00 14 00 00 00 ff ff 00 00 01 01 02 00 a4
19:33:31.909       	00 00 49 5f 0c 00 00 00 14 00 00 00 14 00 00 00 ff ff 00 00 00 01 02 00 7f ff 6f 13
19:33:31.911       	00 00 49 5f 0a 00 00 00 14 00 00 00 14 00 00 00 ff ff 00 00 01 01 02 00 6a 82
19:33:31.912       	00 00 49 5f 0d 00 00 00 14 00 00 00 14 00 00 00 ff ff 00 00 00 01 02 00 00 a4 00 04 02
19:33:31.912       	00 00 49 5f 09 00 00 00 14 00 00 00 14 00 00 00 ff ff 00 00 01 01 02 00 a4
19:33:31.913       	00 00 49 5f 0a 00 00 00 14 00 00 00 14 00 00 00 ff ff 00 00 00 01 02 00 3f 00
19:33:31.914       	00 00 49 5f 0a 00 00 00 14 00 00 00 14 00 00 00 ff ff 00 00 01 01 02 00 61 28
19:33:31.914       	00 00 49 5f 0d 00 00 00 14 00 00 00 14 00 00 00 ff ff 00 00 00 01 02 00 00 c0 00 00 28
19:33:31.915       	00 00 49 5f 09 00 00 00 14 00 00 00 14 00 00 00 ff ff 00 00 01 01 02 00 c0
19:33:31.917       	00 00 00 00 30 00 00 00 14 00 00 00 14 00 00 00 ff ff 00 00 01 01 02 00 62 26 82 02 78 21 83 02 3f 00 a5 06 80 01 71 87 01 01 8a 01 05 8b 03 2f 06 0e c6 0c 90 01 60 83 01 01 83 01 02 83 01 0a
19:33:31.917       	00 00 49 5f 0a 00 00 00 14 00 00 00 14 00 00 00 ff ff 00 00 01 01 02 00 90 00
19:33:31.918       	00 00 49 5f 0d 00 00 00 14 00 00 00 14 00 00 00 ff ff 00 00 00 01 02 00 00 a4 00 04 02
19:33:31.918       	00 00 49 5f 09 00 00 00 14 00 00 00 14 00 00 00 ff ff 00 00 01 01 02 00 a4
19:33:31.919       	00 00 49 5f 0a 00 00 00 14 00 00 00 14 00 00 00 ff ff 00 00 00 01 02 00 7f ff
19:33:31.940       	00 00 49 5f 0a 00 00 00 14 00 00 00 14 00 00 00 ff ff 00 00 01 01 02 00 61 32
19:33:31.941       	00 00 49 5f 0d 00 00 00 14 00 00 00 14 00 00 00 ff ff 00 00 00 01 02 00 00 c0 00 00 32
19:33:31.941       	00 00 49 5f 09 00 00 00 14 00 00 00 14 00 00 00 ff ff 00 00 01 01 02 00 c0
19:33:31.944       	00 00 00 00 3a 00 00 00 14 00 00 00 14 00 00 00 ff ff 00 00 01 01 02 00 62 30 82 02 78 21 83 02 7f f1 84 10 a0 00 00 00 87 10 02 ff 33 ff 01 89 00 00 01 00 8a 01 05 8b 03 2f 06 0e c6 0c 90 01 60 83 01 01 83 01 81 83 01 0a
19:33:31.944       	00 00 49 5f 0a 00 00 00 14 00 00 00 14 00 00 00 ff ff 00 00 01 01 02 00 90 00
19:33:31.945       	00 00 49 5f 0d 00 00 00 14 00 00 00 14 00 00 00 ff ff 00 00 00 01 02 00 00 a4 00 04 02
19:33:31.945       	00 00 49 5f 09 00 00 00 14 00 00 00 14 00 00 00 ff ff 00 00 01 01 02 00 a4
19:33:31.946       	00 00 49 5f 0a 00 00 00 14 00 00 00 14 00 00 00 ff ff 00 00 00 01 02 00 6f 13
19:33:31.947       	00 00 49 5f 0a 00 00 00 14 00 00 00 14 00 00 00 ff ff 00 00 01 01 02 00 6a 82
19:33:31.948       	00 00 49 5f 0d 00 00 00 14 00 00 00 14 00 00 00 ff ff 00 00 00 01 02 00 00 a4 08 04 04
19:33:31.949       	00 00 49 5f 09 00 00 00 14 00 00 00 14 00 00 00 ff ff 00 00 01 01 02 00 a4
19:33:31.949       	00 00 49 5f 0c 00 00 00 14 00 00 00 14 00 00 00 ff ff 00 00 00 01 02 00 7f ff 6f 38
19:33:31.953       	00 00 49 5f 0a 00 00 00 14 00 00 00 14 00 00 00 ff ff 00 00 01 01 02 00 61 19
19:33:31.953       	00 00 49 5f 0d 00 00 00 14 00 00 00 14 00 00 00 ff ff 00 00 00 01 02 00 00 c0 00 00 19
19:33:31.954       	00 00 49 5f 09 00 00 00 14 00 00 00 14 00 00 00 ff ff 00 00 01 01 02 00 c0
19:33:31.955       	00 00 49 5f 21 00 00 00 14 00 00 00 14 00 00 00 ff ff 00 00 01 01 02 00 62 17 82 02 41 21 83 02 6f 38 8a 01 05 8b 03 6f 06 02 80 02 00 11 88 01 20
19:33:31.955       	00 00 49 5f 0a 00 00 00 14 00 00 00 14 00 00 00 ff ff 00 00 01 01 02 00 90 00
19:33:31.956       	00 00 49 5f 0d 00 00 00 14 00 00 00 14 00 00 00 ff ff 00 00 00 01 02 00 00 b0 00 00 11
19:33:31.969       	00 00 49 5f 09 00 00 00 14 00 00 00 14 00 00 00 ff ff 00 00 01 01 02 00 b0
19:33:31.969       	00 00 49 5f 19 00 00 00 14 00 00 00 14 00 00 00 ff ff 00 00 01 01 02 00 00 00 1c 0c 23 16 00 00 40 00 10 00 00 00 00 00 00
19:33:31.970       	00 00 49 5f 0a 00 00 00 14 00 00 00 14 00 00 00 ff ff 00 00 01 01 02 00 90 00
19:33:31.970       	00 00 49 5f 0d 00 00 00 14 00 00 00 14 00 00 00 ff ff 00 00 00 01 02 00 00 a4 08 04 04
19:33:31.971       	00 00 49 5f 09 00 00 00 14 00 00 00 14 00 00 00 ff ff 00 00 01 01 02 00 a4
19:33:31.972       	00 00 49 5f 0c 00 00 00 14 00 00 00 14 00 00 00 ff ff 00 00 00 01 02 00 7f ff 6f 11
19:33:31.976       	00 00 00 00 0a 00 00 00 14 00 00 00 14 00 00 00 ff ff 00 00 01 01 02 00 6a 82
19:33:31.977       	00 00 49 5f 0d 00 00 00 14 00 00 00 14 00 00 00 ff ff 00 00 00 01 02 00 00 a4 00 04 02
19:33:31.977       	00 00 49 5f 09 00 00 00 14 00 00 00 14 00 00 00 ff ff 00 00 01 01 02 00 a4
19:33:31.978       	00 00 49 5f 0a 00 00 00 14 00 00 00 14 00 00 00 ff ff 00 00 00 01 02 00 3f 00
19:33:31.979       	00 00 49 5f 0a 00 00 00 14 00 00 00 14 00 00 00 ff ff 00 00 01 01 02 00 61 28
19:33:31.980       	00 00 49 5f 0d 00 00 00 14 00 00 00 14 00 00 00 ff ff 00 00 00 01 02 00 00 c0 00 00 28
19:33:31.981       	00 00 49 5f 09 00 00 00 14 00 00 00 14 00 00 00 ff ff 00 00 01 01 02 00 c0
19:33:31.983       	00 00 00 00 30 00 00 00 14 00 00 00 14 00 00 00 ff ff 00 00 01 01 02 00 62 26 82 02 78 21 83 02 3f 00 a5 06 80 01 71 87 01 01 8a 01 05 8b 03 2f 06 0e c6 0c 90 01 60 83 01 01 83 01 02 83 01 0a
19:33:31.983       	00 00 49 5f 0a 00 00 00 14 00 00 00 14 00 00 00 ff ff 00 00 01 01 02 00 90 00
19:33:31.984       	00 00 49 5f 0d 00 00 00 14 00 00 00 14 00 00 00 ff ff 00 00 00 01 02 00 00 a4 00 04 02
19:33:31.984       	00 00 49 5f 09 00 00 00 14 00 00 00 14 00 00 00 ff ff 00 00 01 01 02 00 a4
19:33:31.985       	00 00 49 5f 0a 00 00 00 14 00 00 00 14 00 00 00 ff ff 00 00 00 01 02 00 7f ff
19:33:32.007       	00 00 49 5f 0a 00 00 00 14 00 00 00 14 00 00 00 ff ff 00 00 01 01 02 00 61 32
19:33:32.008       	00 00 49 5f 0d 00 00 00 14 00 00 00 14 00 00 00 ff ff 00 00 00 01 02 00 00 c0 00 00 32
19:33:32.008       	00 00 49 5f 09 00 00 00 14 00 00 00 14 00 00 00 ff ff 00 00 01 01 02 00 c0
19:33:32.011       	00 00 00 00 3a 00 00 00 14 00 00 00 14 00 00 00 ff ff 00 00 01 01 02 00 62 30 82 02 78 21 83 02 7f f1 84 10 a0 00 00 00 87 10 02 ff 33 ff 01 89 00 00 01 00 8a 01 05 8b 03 2f 06 0e c6 0c 90 01 60 83 01 01 83 01 81 83 01 0a
19:33:32.011       	00 00 49 5f 0a 00 00 00 14 00 00 00 14 00 00 00 ff ff 00 00 01 01 02 00 90 00
19:33:32.011       	00 00 49 5f 0d 00 00 00 14 00 00 00 14 00 00 00 ff ff 00 00 00 01 02 00 00 a4 00 04 02
19:33:32.012       	00 00 49 5f 09 00 00 00 14 00 00 00 14 00 00 00 ff ff 00 00 01 01 02 00 a4
19:33:32.013       	00 00 49 5f 0a 00 00 00 14 00 00 00 14 00 00 00 ff ff 00 00 00 01 02 00 6f 11
19:33:32.014       	00 00 49 5f 0a 00 00 00 14 00 00 00 14 00 00 00 ff ff 00 00 01 01 02 00 6a 82
19:33:32.017       	00 00 49 5f 0d 00 00 00 14 00 00 00 14 00 00 00 ff ff 00 00 00 01 02 00 00 a4 08 04 06
19:33:32.017       	00 00 49 5f 09 00 00 00 14 00 00 00 14 00 00 00 ff ff 00 00 01 01 02 00 a4
19:33:32.018       	00 00 49 5f 0e 00 00 00 14 00 00 00 14 00 00 00 ff ff 00 00 00 01 02 00 7f 10 5f 3a 4f 30
19:33:32.019       	00 00 49 5f 0a 00 00 00 14 00 00 00 14 00 00 00 ff ff 00 00 01 01 02 00 6a 82
19:33:32.020       	00 00 49 5f 0d 00 00 00 14 00 00 00 14 00 00 00 ff ff 00 00 00 01 02 00 00 a4 00 04 02
19:33:32.020       	00 00 49 5f 09 00 00 00 14 00 00 00 14 00 00 00 ff ff 00 00 01 01 02 00 a4
19:33:32.021       	00 00 49 5f 0a 00 00 00 14 00 00 00 14 00 00 00 ff ff 00 00 00 01 02 00 3f 00
19:33:32.022       	00 00 49 5f 0a 00 00 00 14 00 00 00 14 00 00 00 ff ff 00 00 01 01 02 00 61 28
19:33:32.022       	00 00 49 5f 0d 00 00 00 14 00 00 00 14 00 00 00 ff ff 00 00 00 01 02 00 00 c0 00 00 28
19:33:32.023       	00 00 49 5f 09 00 00 00 14 00 00 00 14 00 00 00 ff ff 00 00 01 01 02 00 c0
19:33:32.025       	00 00 00 00 30 00 00 00 14 00 00 00 14 00 00 00 ff ff 00 00 01 01 02 00 62 26 82 02 78 21 83 02 3f 00 a5 06 80 01 71 87 01 01 8a 01 05 8b 03 2f 06 0e c6 0c 90 01 60 83 01 01 83 01 02 83 01 0a
19:33:32.025       	00 00 49 5f 0a 00 00 00 14 00 00 00 14 00 00 00 ff ff 00 00 01 01 02 00 90 00
19:33:32.025       	00 00 49 5f 0d 00 00 00 14 00 00 00 14 00 00 00 ff ff 00 00 00 01 02 00 00 a4 00 04 02
19:33:32.026       	00 00 49 5f 09 00 00 00 14 00 00 00 14 00 00 00 ff ff 00 00 01 01 02 00 a4
19:33:32.027       	00 00 49 5f 0a 00 00 00 14 00 00 00 14 00 00 00 ff ff 00 00 00 01 02 00 7f 10
19:33:32.027       	00 00 49 5f 0a 00 00 00 14 00 00 00 14 00 00 00 ff ff 00 00 01 01 02 00 6a 82
19:33:32.168       	00 00 49 5f 0d 00 00 00 14 00 00 00 14 00 00 00 ff ff 00 00 00 01 02 00 00 a4 08 04 04
19:33:32.168       	00 00 49 5f 09 00 00 00 14 00 00 00 14 00 00 00 ff ff 00 00 01 01 02 00 a4
19:33:32.169       	00 00 49 5f 0c 00 00 00 14 00 00 00 14 00 00 00 ff ff 00 00 00 01 02 00 7f ff 6f c5
19:33:32.171       	00 00 49 5f 0a 00 00 00 14 00 00 00 14 00 00 00 ff ff 00 00 01 01 02 00 6a 82
19:33:32.172       	00 00 49 5f 0d 00 00 00 14 00 00 00 14 00 00 00 ff ff 00 00 00 01 02 00 00 a4 00 04 02
19:33:32.172       	00 00 49 5f 09 00 00 00 14 00 00 00 14 00 00 00 ff ff 00 00 01 01 02 00 a4
19:33:32.173       	00 00 49 5f 0a 00 00 00 14 00 00 00 14 00 00 00 ff ff 00 00 00 01 02 00 3f 00
19:33:32.174       	00 00 49 5f 0a 00 00 00 14 00 00 00 14 00 00 00 ff ff 00 00 01 01 02 00 61 28
19:33:32.175       	00 00 49 5f 0d 00 00 00 14 00 00 00 14 00 00 00 ff ff 00 00 00 01 02 00 00 c0 00 00 28
19:33:32.175       	00 00 49 5f 09 00 00 00 14 00 00 00 14 00 00 00 ff ff 00 00 01 01 02 00 c0
19:33:32.177       	00 00 00 00 30 00 00 00 14 00 00 00 14 00 00 00 ff ff 00 00 01 01 02 00 62 26 82 02 78 21 83 02 3f 00 a5 06 80 01 71 87 01 01 8a 01 05 8b 03 2f 06 0e c6 0c 90 01 60 83 01 01 83 01 02 83 01 0a
19:33:32.177       	00 00 49 5f 0a 00 00 00 14 00 00 00 14 00 00 00 ff ff 00 00 01 01 02 00 90 00
19:33:32.178       	00 00 49 5f 0d 00 00 00 14 00 00 00 14 00 00 00 ff ff 00 00 00 01 02 00 00 a4 00 04 02
19:33:32.178       	00 00 49 5f 09 00 00 00 14 00 00 00 14 00 00 00 ff ff 00 00 01 01 02 00 a4
19:33:32.179       	00 00 49 5f 0a 00 00 00 14 00 00 00 14 00 00 00 ff ff 00 00 00 01 02 00 7f ff
19:33:32.201       	00 00 49 5f 0a 00 00 00 14 00 00 00 14 00 00 00 ff ff 00 00 01 01 02 00 61 32
19:33:32.201       	00 00 49 5f 0d 00 00 00 14 00 00 00 14 00 00 00 ff ff 00 00 00 01 02 00 00 c0 00 00 32
19:33:32.202       	00 00 49 5f 09 00 00 00 14 00 00 00 14 00 00 00 ff ff 00 00 01 01 02 00 c0
19:33:32.204       	00 00 d9 5b 3a 00 00 00 14 00 00 00 14 00 00 00 ff ff 00 00 01 01 02 00 62 30 82 02 78 21 83 02 7f f1 84 10 a0 00 00 00 87 10 02 ff 33 ff 01 89 00 00 01 00 8a 01 05 8b 03 2f 06 0e c6 0c 90 01 60 83 01 01 83 01 81 83 01 0a
19:33:32.204       	00 00 49 5f 0a 00 00 00 14 00 00 00 14 00 00 00 ff ff 00 00 01 01 02 00 90 00
19:33:32.205       	00 00 49 5f 0d 00 00 00 14 00 00 00 14 00 00 00 ff ff 00 00 00 01 02 00 00 a4 00 04 02
19:33:32.206       	00 00 49 5f 09 00 00 00 14 00 00 00 14 00 00 00 ff ff 00 00 01 01 02 00 a4
19:33:32.207       	00 00 49 5f 0a 00 00 00 14 00 00 00 14 00 00 00 ff ff 00 00 00 01 02 00 6f c5
19:33:32.208       	00 00 49 5f 0a 00 00 00 14 00 00 00 14 00 00 00 ff ff 00 00 01 01 02 00 6a 82
19:33:32.221       	00 00 49 5f 0d 00 00 00 14 00 00 00 14 00 00 00 ff ff 00 00 00 01 02 00 00 a4 08 04 04
19:33:32.221       	00 00 49 5f 09 00 00 00 14 00 00 00 14 00 00 00 ff ff 00 00 01 01 02 00 a4
19:33:32.222       	00 00 49 5f 0c 00 00 00 14 00 00 00 14 00 00 00 ff ff 00 00 00 01 02 00 7f ff 6f 14
19:33:32.224       	00 00 49 5f 0a 00 00 00 14 00 00 00 14 00 00 00 ff ff 00 00 01 01 02 00 6a 82
19:33:32.224       	00 00 49 5f 0d 00 00 00 14 00 00 00 14 00 00 00 ff ff 00 00 00 01 02 00 00 a4 00 04 02
19:33:32.225       	00 00 49 5f 09 00 00 00 14 00 00 00 14 00 00 00 ff ff 00 00 01 01 02 00 a4
19:33:32.225       	00 00 49 5f 0a 00 00 00 14 00 00 00 14 00 00 00 ff ff 00 00 00 01 02 00 3f 00
19:33:32.226       	00 00 49 5f 0a 00 00 00 14 00 00 00 14 00 00 00 ff ff 00 00 01 01 02 00 61 28
19:33:32.227       	00 00 49 5f 0d 00 00 00 14 00 00 00 14 00 00 00 ff ff 00 00 00 01 02 00 00 c0 00 00 28
19:33:32.227       	00 00 49 5f 09 00 00 00 14 00 00 00 14 00 00 00 ff ff 00 00 01 01 02 00 c0
19:33:32.229       	00 00 00 00 30 00 00 00 14 00 00 00 14 00 00 00 ff ff 00 00 01 01 02 00 62 26 82 02 78 21 83 02 3f 00 a5 06 80 01 71 87 01 01 8a 01 05 8b 03 2f 06 0e c6 0c 90 01 60 83 01 01 83 01 02 83 01 0a
19:33:32.229       	00 00 49 5f 0a 00 00 00 14 00 00 00 14 00 00 00 ff ff 00 00 01 01 02 00 90 00
19:33:32.230       	00 00 49 5f 0d 00 00 00 14 00 00 00 14 00 00 00 ff ff 00 00 00 01 02 00 00 a4 00 04 02
19:33:32.231       	00 00 49 5f 09 00 00 00 14 00 00 00 14 00 00 00 ff ff 00 00 01 01 02 00 a4
19:33:32.231       	00 00 49 5f 0a 00 00 00 14 00 00 00 14 00 00 00 ff ff 00 00 00 01 02 00 7f ff
19:33:32.253       	00 00 49 5f 0a 00 00 00 14 00 00 00 14 00 00 00 ff ff 00 00 01 01 02 00 61 32
19:33:32.254       	00 00 49 5f 0d 00 00 00 14 00 00 00 14 00 00 00 ff ff 00 00 00 01 02 00 00 c0 00 00 32
19:33:32.254       	00 00 49 5f 09 00 00 00 14 00 00 00 14 00 00 00 ff ff 00 00 01 01 02 00 c0
19:33:32.257       	00 00 00 00 3a 00 00 00 14 00 00 00 14 00 00 00 ff ff 00 00 01 01 02 00 62 30 82 02 78 21 83 02 7f f1 84 10 a0 00 00 00 87 10 02 ff 33 ff 01 89 00 00 01 00 8a 01 05 8b 03 2f 06 0e c6 0c 90 01 60 83 01 01 83 01 81 83 01 0a
19:33:32.257       	00 00 49 5f 0a 00 00 00 14 00 00 00 14 00 00 00 ff ff 00 00 01 01 02 00 90 00
19:33:32.258       	00 00 49 5f 0d 00 00 00 14 00 00 00 14 00 00 00 ff ff 00 00 00 01 02 00 00 a4 00 04 02
19:33:32.258       	00 00 49 5f 09 00 00 00 14 00 00 00 14 00 00 00 ff ff 00 00 01 01 02 00 a4
19:33:32.259       	00 00 49 5f 0a 00 00 00 14 00 00 00 14 00 00 00 ff ff 00 00 00 01 02 00 6f 14
19:33:32.260       	00 00 49 5f 0a 00 00 00 14 00 00 00 14 00 00 00 ff ff 00 00 01 01 02 00 6a 82
19:33:32.273       	00 00 49 5f 0d 00 00 00 14 00 00 00 14 00 00 00 ff ff 00 00 00 01 02 00 00 a4 08 04 04
19:33:32.273       	00 00 49 5f 09 00 00 00 14 00 00 00 14 00 00 00 ff ff 00 00 01 01 02 00 a4
19:33:32.274       	00 00 49 5f 0c 00 00 00 14 00 00 00 14 00 00 00 ff ff 00 00 00 01 02 00 7f ff 6f 18
19:33:32.276       	00 00 49 5f 0a 00 00 00 14 00 00 00 14 00 00 00 ff ff 00 00 01 01 02 00 6a 82
19:33:32.276       	00 00 49 5f 0d 00 00 00 14 00 00 00 14 00 00 00 ff ff 00 00 00 01 02 00 00 a4 00 04 02
19:33:32.277       	00 00 49 5f 09 00 00 00 14 00 00 00 14 00 00 00 ff ff 00 00 01 01 02 00 a4
19:33:32.278       	00 00 49 5f 0a 00 00 00 14 00 00 00 14 00 00 00 ff ff 00 00 00 01 02 00 3f 00
19:33:32.279       	00 00 49 5f 0a 00 00 00 14 00 00 00 14 00 00 00 ff ff 00 00 01 01 02 00 61 28
19:33:32.280       	00 00 49 5f 0d 00 00 00 14 00 00 00 14 00 00 00 ff ff 00 00 00 01 02 00 00 c0 00 00 28
19:33:32.280       	00 00 49 5f 09 00 00 00 14 00 00 00 14 00 00 00 ff ff 00 00 01 01 02 00 c0
19:33:32.282       	00 00 00 00 30 00 00 00 14 00 00 00 14 00 00 00 ff ff 00 00 01 01 02 00 62 26 82 02 78 21 83 02 3f 00 a5 06 80 01 71 87 01 01 8a 01 05 8b 03 2f 06 0e c6 0c 90 01 60 83 01 01 83 01 02 83 01 0a
19:33:32.282       	00 00 49 5f 0a 00 00 00 14 00 00 00 14 00 00 00 ff ff 00 00 01 01 02 00 90 00
19:33:32.283       	00 00 49 5f 0d 00 00 00 14 00 00 00 14 00 00 00 ff ff 00 00 00 01 02 00 00 a4 00 04 02
19:33:32.284       	00 00 49 5f 09 00 00 00 14 00 00 00 14 00 00 00 ff ff 00 00 01 01 02 00 a4
19:33:32.284       	00 00 49 5f 0a 00 00 00 14 00 00 00 14 00 00 00 ff ff 00 00 00 01 02 00 7f ff
19:33:32.306       	00 00 49 5f 0a 00 00 00 14 00 00 00 14 00 00 00 ff ff 00 00 01 01 02 00 61 32
19:33:32.307       	00 00 49 5f 0d 00 00 00 14 00 00 00 14 00 00 00 ff ff 00 00 00 01 02 00 00 c0 00 00 32
19:33:32.307       	00 00 49 5f 09 00 00 00 14 00 00 00 14 00 00 00 ff ff 00 00 01 01 02 00 c0
19:33:32.310       	00 00 00 00 3a 00 00 00 14 00 00 00 14 00 00 00 ff ff 00 00 01 01 02 00 62 30 82 02 78 21 83 02 7f f1 84 10 a0 00 00 00 87 10 02 ff 33 ff 01 89 00 00 01 00 8a 01 05 8b 03 2f 06 0e c6 0c 90 01 60 83 01 01 83 01 81 83 01 0a
19:33:32.310       	00 00 49 5f 0a 00 00 00 14 00 00 00 14 00 00 00 ff ff 00 00 01 01 02 00 90 00
19:33:32.311       	00 00 49 5f 0d 00 00 00 14 00 00 00 14 00 00 00 ff ff 00 00 00 01 02 00 00 a4 00 04 02
19:33:32.311       	00 00 49 5f 09 00 00 00 14 00 00 00 14 00 00 00 ff ff 00 00 01 01 02 00 a4
19:33:32.312       	00 00 49 5f 0a 00 00 00 14 00 00 00 14 00 00 00 ff ff 00 00 00 01 02 00 6f 18
19:33:32.313       	00 00 49 5f 0a 00 00 00 14 00 00 00 14 00 00 00 ff ff 00 00 01 01 02 00 6a 82
19:33:32.318       	00 00 49 5f 0d 00 00 00 14 00 00 00 14 00 00 00 ff ff 00 00 00 01 02 00 00 a4 08 04 04
19:33:32.318       	00 00 49 5f 09 00 00 00 14 00 00 00 14 00 00 00 ff ff 00 00 01 01 02 00 a4
19:33:32.319       	00 00 49 5f 0c 00 00 00 14 00 00 00 14 00 00 00 ff ff 00 00 00 01 02 00 7f ff 6f cd
19:33:32.321       	00 00 49 5f 0a 00 00 00 14 00 00 00 14 00 00 00 ff ff 00 00 01 01 02 00 6a 82
19:33:32.321       	00 00 49 5f 0d 00 00 00 14 00 00 00 14 00 00 00 ff ff 00 00 00 01 02 00 00 a4 00 04 02
19:33:32.322       	00 00 49 5f 09 00 00 00 14 00 00 00 14 00 00 00 ff ff 00 00 01 01 02 00 a4
19:33:32.322       	00 00 49 5f 0a 00 00 00 14 00 00 00 14 00 00 00 ff ff 00 00 00 01 02 00 3f 00
19:33:32.323       	00 00 49 5f 0a 00 00 00 14 00 00 00 14 00 00 00 ff ff 00 00 01 01 02 00 61 28
19:33:32.324       	00 00 49 5f 0d 00 00 00 14 00 00 00 14 00 00 00 ff ff 00 00 00 01 02 00 00 c0 00 00 28
19:33:32.324       	00 00 49 5f 09 00 00 00 14 00 00 00 14 00 00 00 ff ff 00 00 01 01 02 00 c0
19:33:32.326       	00 00 00 00 30 00 00 00 14 00 00 00 14 00 00 00 ff ff 00 00 01 01 02 00 62 26 82 02 78 21 83 02 3f 00 a5 06 80 01 71 87 01 01 8a 01 05 8b 03 2f 06 0e c6 0c 90 01 60 83 01 01 83 01 02 83 01 0a
19:33:32.327       	00 00 49 5f 0a 00 00 00 14 00 00 00 14 00 00 00 ff ff 00 00 01 01 02 00 90 00
19:33:32.327       	00 00 49 5f 0d 00 00 00 14 00 00 00 14 00 00 00 ff ff 00 00 00 01 02 00 00 a4 00 04 02
19:33:32.328       	00 00 49 5f 09 00 00 00 14 00 00 00 14 00 00 00 ff ff 00 00 01 01 02 00 a4
19:33:32.328       	00 00 49 5f 0a 00 00 00 14 00 00 00 14 00 00 00 ff ff 00 00 00 01 02 00 7f ff
19:33:32.350       	00 00 49 5f 0a 00 00 00 14 00 00 00 14 00 00 00 ff ff 00 00 01 01 02 00 61 32
19:33:32.351       	00 00 49 5f 0d 00 00 00 14 00 00 00 14 00 00 00 ff ff 00 00 00 01 02 00 00 c0 00 00 32
19:33:32.351       	00 00 49 5f 09 00 00 00 14 00 00 00 14 00 00 00 ff ff 00 00 01 01 02 00 c0
19:33:32.354       	00 00 00 00 3a 00 00 00 14 00 00 00 14 00 00 00 ff ff 00 00 01 01 02 00 62 30 82 02 78 21 83 02 7f f1 84 10 a0 00 00 00 87 10 02 ff 33 ff 01 89 00 00 01 00 8a 01 05 8b 03 2f 06 0e c6 0c 90 01 60 83 01 01 83 01 81 83 01 0a
19:33:32.354       	00 00 49 5f 0a 00 00 00 14 00 00 00 14 00 00 00 ff ff 00 00 01 01 02 00 90 00
19:33:32.354       	00 00 49 5f 0d 00 00 00 14 00 00 00 14 00 00 00 ff ff 00 00 00 01 02 00 00 a4 00 04 02
19:33:32.355       	00 00 49 5f 09 00 00 00 14 00 00 00 14 00 00 00 ff ff 00 00 01 01 02 00 a4
19:33:32.355       	00 00 49 5f 0a 00 00 00 14 00 00 00 14 00 00 00 ff ff 00 00 00 01 02 00 6f cd
19:33:32.357       	00 00 49 5f 0a 00 00 00 14 00 00 00 14 00 00 00 ff ff 00 00 01 01 02 00 6a 82
19:33:32.361       	00 00 49 5f 0d 00 00 00 14 00 00 00 14 00 00 00 ff ff 00 00 00 01 02 00 00 a4 08 04 04
19:33:32.362       	00 00 49 5f 09 00 00 00 14 00 00 00 14 00 00 00 ff ff 00 00 01 01 02 00 a4
19:33:32.362       	00 00 49 5f 0c 00 00 00 14 00 00 00 14 00 00 00 ff ff 00 00 00 01 02 00 7f ff 6f d9
19:33:32.365       	00 00 49 5f 0a 00 00 00 14 00 00 00 14 00 00 00 ff ff 00 00 01 01 02 00 61 19
19:33:32.366       	00 00 49 5f 0d 00 00 00 14 00 00 00 14 00 00 00 ff ff 00 00 00 01 02 00 00 c0 00 00 19
19:33:32.366       	00 00 49 5f 09 00 00 00 14 00 00 00 14 00 00 00 ff ff 00 00 01 01 02 00 c0
19:33:32.367       	00 00 49 5f 21 00 00 00 14 00 00 00 14 00 00 00 ff ff 00 00 01 01 02 00 62 17 82 02 41 21 83 02 6f d9 8a 01 05 8b 03 6f 06 02 80 02 00 0f 88 01 e8
19:33:32.367       	00 00 49 5f 0a 00 00 00 14 00 00 00 14 00 00 00 ff ff 00 00 01 01 02 00 90 00
19:33:32.379       	00 00 49 5f 0d 00 00 00 14 00 00 00 14 00 00 00 ff ff 00 00 00 01 02 00 00 a4 08 04 04
19:33:32.380       	00 00 49 5f 09 00 00 00 14 00 00 00 14 00 00 00 ff ff 00 00 01 01 02 00 a4
19:33:32.380       	00 00 49 5f 0c 00 00 00 14 00 00 00 14 00 00 00 ff ff 00 00 00 01 02 00 7f ff 6f 40
19:33:32.382       	00 00 49 5f 0a 00 00 00 14 00 00 00 14 00 00 00 ff ff 00 00 01 01 02 00 6a 82
19:33:32.383       	00 00 49 5f 0d 00 00 00 14 00 00 00 14 00 00 00 ff ff 00 00 00 01 02 00 00 a4 00 04 02
19:33:32.384       	00 00 49 5f 09 00 00 00 14 00 00 00 14 00 00 00 ff ff 00 00 01 01 02 00 a4
19:33:32.384       	00 00 49 5f 0a 00 00 00 14 00 00 00 14 00 00 00 ff ff 00 00 00 01 02 00 3f 00
19:33:32.385       	00 00 49 5f 0a 00 00 00 14 00 00 00 14 00 00 00 ff ff 00 00 01 01 02 00 61 28
19:33:32.386       	00 00 49 5f 0d 00 00 00 14 00 00 00 14 00 00 00 ff ff 00 00 00 01 02 00 00 c0 00 00 28
19:33:32.386       	00 00 49 5f 09 00 00 00 14 00 00 00 14 00 00 00 ff ff 00 00 01 01 02 00 c0
19:33:32.388       	00 00 00 00 30 00 00 00 14 00 00 00 14 00 00 00 ff ff 00 00 01 01 02 00 62 26 82 02 78 21 83 02 3f 00 a5 06 80 01 71 87 01 01 8a 01 05 8b 03 2f 06 0e c6 0c 90 01 60 83 01 01 83 01 02 83 01 0a
19:33:32.388       	00 00 49 5f 0a 00 00 00 14 00 00 00 14 00 00 00 ff ff 00 00 01 01 02 00 90 00
19:33:32.389       	00 00 49 5f 0d 00 00 00 14 00 00 00 14 00 00 00 ff ff 00 00 00 01 02 00 00 a4 00 04 02
19:33:32.389       	00 00 49 5f 09 00 00 00 14 00 00 00 14 00 00 00 ff ff 00 00 01 01 02 00 a4
19:33:32.390       	00 00 49 5f 0a 00 00 00 14 00 00 00 14 00 00 00 ff ff 00 00 00 01 02 00 7f ff
19:33:32.412       	00 00 49 5f 0a 00 00 00 14 00 00 00 14 00 00 00 ff ff 00 00 01 01 02 00 61 32
19:33:32.412       	00 00 49 5f 0d 00 00 00 14 00 00 00 14 00 00 00 ff ff 00 00 00 01 02 00 00 c0 00 00 32
19:33:32.413       	00 00 49 5f 09 00 00 00 14 00 00 00 14 00 00 00 ff ff 00 00 01 01 02 00 c0
19:33:32.415       	00 00 00 00 3a 00 00 00 14 00 00 00 14 00 00 00 ff ff 00 00 01 01 02 00 62 30 82 02 78 21 83 02 7f f1 84 10 a0 00 00 00 87 10 02 ff 33 ff 01 89 00 00 01 00 8a 01 05 8b 03 2f 06 0e c6 0c 90 01 60 83 01 01 83 01 81 83 01 0a
19:33:32.415       	00 00 49 5f 0a 00 00 00 14 00 00 00 14 00 00 00 ff ff 00 00 01 01 02 00 90 00
19:33:32.416       	00 00 49 5f 0d 00 00 00 14 00 00 00 14 00 00 00 ff ff 00 00 00 01 02 00 00 a4 00 04 02
19:33:32.416       	00 00 49 5f 09 00 00 00 14 00 00 00 14 00 00 00 ff ff 00 00 01 01 02 00 a4
19:33:32.417       	00 00 49 5f 0a 00 00 00 14 00 00 00 14 00 00 00 ff ff 00 00 00 01 02 00 6f 40
19:33:32.419       	00 00 49 5f 0a 00 00 00 14 00 00 00 14 00 00 00 ff ff 00 00 01 01 02 00 6a 82
19:33:32.421       	00 00 49 5f 0d 00 00 00 14 00 00 00 14 00 00 00 ff ff 00 00 00 01 02 00 00 a4 08 04 04
19:33:32.422       	00 00 49 5f 09 00 00 00 14 00 00 00 14 00 00 00 ff ff 00 00 01 01 02 00 a4
19:33:32.422       	00 00 49 5f 0c 00 00 00 14 00 00 00 14 00 00 00 ff ff 00 00 00 01 02 00 7f ff 6f d9
19:33:32.425       	00 00 49 5f 0a 00 00 00 14 00 00 00 14 00 00 00 ff ff 00 00 01 01 02 00 61 19
19:33:32.426       	00 00 49 5f 0d 00 00 00 14 00 00 00 14 00 00 00 ff ff 00 00 00 01 02 00 00 c0 00 00 19
19:33:32.426       	00 00 49 5f 09 00 00 00 14 00 00 00 14 00 00 00 ff ff 00 00 01 01 02 00 c0
19:33:32.427       	00 00 49 5f 21 00 00 00 14 00 00 00 14 00 00 00 ff ff 00 00 01 01 02 00 62 17 82 02 41 21 83 02 6f d9 8a 01 05 8b 03 6f 06 02 80 02 00 0f 88 01 e8
19:33:32.427       	00 00 49 5f 0a 00 00 00 14 00 00 00 14 00 00 00 ff ff 00 00 01 01 02 00 90 00
19:33:32.428       	00 00 49 5f 0d 00 00 00 14 00 00 00 14 00 00 00 ff ff 00 00 00 01 02 00 00 b0 00 00 0f
19:33:32.441       	00 00 49 5f 09 00 00 00 14 00 00 00 14 00 00 00 ff ff 00 00 01 01 02 00 b0
19:33:32.442       	00 00 49 5f 17 00 00 00 14 00 00 00 14 00 00 00 ff ff 00 00 01 01 02 00 54 f4 00 ff ff ff ff ff ff ff ff ff ff ff ff
19:33:32.442       	00 00 49 5f 0a 00 00 00 14 00 00 00 14 00 00 00 ff ff 00 00 01 01 02 00 90 00
19:33:32.451       	00 00 49 5f 0d 00 00 00 14 00 00 00 14 00 00 00 ff ff 00 00 00 01 02 00 00 a4 08 04 04
19:33:32.452       	00 00 49 5f 09 00 00 00 14 00 00 00 14 00 00 00 ff ff 00 00 01 01 02 00 a4
19:33:32.452       	00 00 49 5f 0c 00 00 00 14 00 00 00 14 00 00 00 ff ff 00 00 00 01 02 00 7f ff 6f 05
19:33:32.454       	00 00 49 5f 0a 00 00 00 14 00 00 00 14 00 00 00 ff ff 00 00 01 01 02 00 6a 82
19:33:32.455       	00 00 49 5f 0d 00 00 00 14 00 00 00 14 00 00 00 ff ff 00 00 00 01 02 00 00 a4 00 04 02
19:33:32.455       	00 00 49 5f 09 00 00 00 14 00 00 00 14 00 00 00 ff ff 00 00 01 01 02 00 a4
19:33:32.456       	00 00 49 5f 0a 00 00 00 14 00 00 00 14 00 00 00 ff ff 00 00 00 01 02 00 3f 00
19:33:32.457       	00 00 49 5f 0a 00 00 00 14 00 00 00 14 00 00 00 ff ff 00 00 01 01 02 00 61 28
19:33:32.457       	00 00 49 5f 0d 00 00 00 14 00 00 00 14 00 00 00 ff ff 00 00 00 01 02 00 00 c0 00 00 28
19:33:32.458       	00 00 49 5f 09 00 00 00 14 00 00 00 14 00 00 00 ff ff 00 00 01 01 02 00 c0
19:33:32.460       	00 00 d5 7b 30 00 00 00 14 00 00 00 14 00 00 00 ff ff 00 00 01 01 02 00 62 26 82 02 78 21 83 02 3f 00 a5 06 80 01 71 87 01 01 8a 01 05 8b 03 2f 06 0e c6 0c 90 01 60 83 01 01 83 01 02 83 01 0a
19:33:32.460       	00 00 49 5f 0a 00 00 00 14 00 00 00 14 00 00 00 ff ff 00 00 01 01 02 00 90 00
19:33:32.461       	00 00 49 5f 0d 00 00 00 14 00 00 00 14 00 00 00 ff ff 00 00 00 01 02 00 00 a4 00 04 02
19:33:32.461       	00 00 49 5f 09 00 00 00 14 00 00 00 14 00 00 00 ff ff 00 00 01 01 02 00 a4
19:33:32.462       	00 00 49 5f 0a 00 00 00 14 00 00 00 14 00 00 00 ff ff 00 00 00 01 02 00 7f ff
19:33:32.483       	00 00 49 5f 0a 00 00 00 14 00 00 00 14 00 00 00 ff ff 00 00 01 01 02 00 61 32
19:33:32.484       	00 00 49 5f 0d 00 00 00 14 00 00 00 14 00 00 00 ff ff 00 00 00 01 02 00 00 c0 00 00 32
19:33:32.484       	00 00 49 5f 09 00 00 00 14 00 00 00 14 00 00 00 ff ff 00 00 01 01 02 00 c0
19:33:32.488       	00 00 00 00 3a 00 00 00 14 00 00 00 14 00 00 00 ff ff 00 00 01 01 02 00 62 30 82 02 78 21 83 02 7f f1 84 10 a0 00 00 00 87 10 02 ff 33 ff 01 89 00 00 01 00 8a 01 05 8b 03 2f 06 0e c6 0c 90 01 60 83 01 01 83 01 81 83 01 0a
19:33:32.488       	00 00 49 5f 0a 00 00 00 14 00 00 00 14 00 00 00 ff ff 00 00 01 01 02 00 90 00
19:33:32.488       	00 00 49 5f 0d 00 00 00 14 00 00 00 14 00 00 00 ff ff 00 00 00 01 02 00 00 a4 00 04 02
19:33:32.489       	00 00 49 5f 09 00 00 00 14 00 00 00 14 00 00 00 ff ff 00 00 01 01 02 00 a4
19:33:32.490       	00 00 49 5f 0a 00 00 00 14 00 00 00 14 00 00 00 ff ff 00 00 00 01 02 00 6f 05
19:33:32.492       	00 00 49 5f 0a 00 00 00 14 00 00 00 14 00 00 00 ff ff 00 00 01 01 02 00 6a 82
19:33:37.298       	00 00 49 5f 0d 00 00 00 14 00 00 00 14 00 00 00 ff ff 00 00 00 01 02 00 80 14 00 00 27
19:33:37.298       	00 00 49 5f 09 00 00 00 14 00 00 00 14 00 00 00 ff ff 00 00 01 01 02 00 14
19:33:37.299       	00 00 22 e8 2f 00 00 00 14 00 00 00 14 00 00 00 ff ff 00 00 00 01 02 00 81 03 01 23 04 02 02 82 81 83 01 00 8d 19 04 71 79 e8 57 02 03 54 fb 60 f5 ed e5 fc 99 f3 11 3b a0 e7 fd 4f f7 f2 35
19:33:37.323       	00 00 49 5f 0a 00 00 00 14 00 00 00 14 00 00 00 ff ff 00 00 01 01 02 00 91 3b
19:33:37.324       	00 00 49 5f 0d 00 00 00 14 00 00 00 14 00 00 00 ff ff 00 00 00 01 02 00 80 12 00 00 3b
19:33:37.324       	00 00 49 5f 09 00 00 00 14 00 00 00 14 00 00 00 ff ff 00 00 01 01 02 00 12
19:33:37.327       	00 00 00 00 43 00 00 00 14 00 00 00 14 00 00 00 ff ff 00 00 01 01 02 00 d0 39 81 03 01 23 04 82 02 81 82 8d 0f 04 56 65 72 69 66 79 42 69 6e 64 45 6e 64 02 91 02 ff ff 97 19 04 61 90 d7 7f 42 ad 07 0b 77 81 b7 f3 a3 02 c6 9a 9a b4 b9 93 f4 01 17 03
19:33:37.327       	00 00 49 5f 0a 00 00 00 14 00 00 00 14 00 00 00 ff ff 00 00 01 01 02 00 90 00
19:33:37.413       	00 00 49 5f 0d 00 00 00 14 00 00 00 14 00 00 00 ff ff 00 00 00 01 02 00 80 14 00 00 10
19:33:37.413       	00 00 49 5f 09 00 00 00 14 00 00 00 14 00 00 00 ff ff 00 00 01 01 02 00 14
19:33:37.414       	00 00 49 5f 18 00 00 00 14 00 00 00 14 00 00 00 ff ff 00 00 00 01 02 00 81 03 01 23 04 02 02 82 81 83 01 00 8d 02 04 00
19:33:37.425       	00 00 49 5f 0a 00 00 00 14 00 00 00 14 00 00 00 ff ff 00 00 01 01 02 00 90 00
19:33:37.426       	00 00 49 5f 0d 00 00 00 14 00 00 00 14 00 00 00 ff ff 00 00 00 01 02 00 80 c2 00 00 0c
19:33:37.426       	00 00 49 5f 09 00 00 00 14 00 00 00 14 00 00 00 ff ff 00 00 01 01 02 00 c2
19:33:37.427       	00 00 49 5f 14 00 00 00 14 00 00 00 14 00 00 00 ff ff 00 00 00 01 02 00 d6 0a 19 01 03 82 02 82 81 1b 01 02
19:33:37.435       	00 00 49 5f 0a 00 00 00 14 00 00 00 14 00 00 00 ff ff 00 00 01 01 02 00 90 00
19:33:37.889       	00 00 49 5f 0d 00 00 00 14 00 00 00 14 00 00 00 ff ff 00 00 00 01 02 00 00 88 00 81 22
19:33:37.902       	00 00 49 5f 09 00 00 00 14 00 00 00 14 00 00 00 ff ff 00 00 01 01 02 00 88
19:33:37.902       	00 00 c7 33 2a 00 00 00 14 00 00 00 14 00 00 00 ff ff 00 00 00 01 02 00 10 d6 b5 4b 53 11 27 4f 19 1f c4 54 c5 2f b0 6a ce 10 8e f2 6a e9 e2 91 82 34 4c c3 2b fe 53 3a 0a 60
19:33:37.951       	00 00 49 5f 0a 00 00 00 14 00 00 00 14 00 00 00 ff ff 00 00 01 01 02 00 61 35
19:33:37.952       	00 00 49 5f 0d 00 00 00 14 00 00 00 14 00 00 00 ff ff 00 00 00 01 02 00 00 c0 00 00 35
19:33:37.952       	00 00 49 5f 09 00 00 00 14 00 00 00 14 00 00 00 ff ff 00 00 01 01 02 00 c0
19:33:37.955       	00 00 c7 33 3d 00 00 00 14 00 00 00 14 00 00 00 ff ff 00 00 01 01 02 00 db 08 07 9a b2 cd c1 9d c6 9b 10 0d 8b a8 f5 c8 9b 42 32 27 86 7d 02 72 11 cf 9c 10 9b 80 86 61 ad 14 ba 20 b1 d1 b8 05 4b fd 47 9f 08 00 5c eb 93 5c 63 70 11
19:33:37.955       	00 00 49 5f 0a 00 00 00 14 00 00 00 14 00 00 00 ff ff 00 00 01 01 02 00 90 00
19:33:39.235       	00 00 49 5f 0d 00 00 00 14 00 00 00 14 00 00 00 ff ff 00 00 00 01 02 00 00 a4 08 04 04
19:33:39.235       	00 00 49 5f 09 00 00 00 14 00 00 00 14 00 00 00 ff ff 00 00 01 01 02 00 a4
19:33:39.236       	00 00 49 5f 0c 00 00 00 14 00 00 00 14 00 00 00 ff ff 00 00 00 01 02 00 7f ff 6f e3
19:33:39.239       	00 00 49 5f 0a 00 00 00 14 00 00 00 14 00 00 00 ff ff 00 00 01 01 02 00 61 19
19:33:39.239       	00 00 49 5f 0d 00 00 00 14 00 00 00 14 00 00 00 ff ff 00 00 00 01 02 00 00 c0 00 00 19
19:33:39.240       	00 00 49 5f 09 00 00 00 14 00 00 00 14 00 00 00 ff ff 00 00 01 01 02 00 c0
19:33:39.241       	00 00 49 5f 21 00 00 00 14 00 00 00 14 00 00 00 ff ff 00 00 01 01 02 00 62 17 82 02 41 21 83 02 6f e3 8a 01 05 8b 03 6f 06 05 80 02 00 12 88 01 f0
19:33:39.241       	00 00 49 5f 0a 00 00 00 14 00 00 00 14 00 00 00 ff ff 00 00 01 01 02 00 90 00
19:33:39.242       	00 00 49 5f 0d 00 00 00 14 00 00 00 14 00 00 00 ff ff 00 00 00 01 02 00 00 d6 00 00 12
19:33:39.242       	00 00 49 5f 09 00 00 00 14 00 00 00 14 00 00 00 ff ff 00 00 01 01 02 00 d6
19:33:39.243       	00 00 49 5f 1a 00 00 00 14 00 00 00 14 00 00 00 ff ff 00 00 00 01 02 00 0b f6 64 f0 10 88 03 d8 e8 4a 53 8d 64 f0 10 e8 fa 00
19:33:39.268       	00 00 49 5f 0a 00 00 00 14 00 00 00 14 00 00 00 ff ff 00 00 01 01 02 00 90 00
19:33:39.269       	00 00 49 5f 0d 00 00 00 14 00 00 00 14 00 00 00 ff ff 00 00 00 01 02 00 00 a4 08 0c 04
19:33:39.270       	00 00 49 5f 09 00 00 00 14 00 00 00 14 00 00 00 ff ff 00 00 01 01 02 00 a4
19:33:39.270       	00 00 49 5f 0c 00 00 00 14 00 00 00 14 00 00 00 ff ff 00 00 00 01 02 00 7f ff 6f 7e
19:33:39.273       	00 00 49 5f 0a 00 00 00 14 00 00 00 14 00 00 00 ff ff 00 00 01 01 02 00 90 00
19:33:39.274       	00 00 49 5f 0d 00 00 00 14 00 00 00 14 00 00 00 ff ff 00 00 00 01 02 00 00 d6 00 00 0b
19:33:39.274       	00 00 00 00 09 00 00 00 14 00 00 00 14 00 00 00 ff ff 00 00 01 01 02 00 d6
19:33:39.275       	00 00 49 5f 13 00 00 00 14 00 00 00 14 00 00 00 ff ff 00 00 00 01 02 00 6e ce 77 f1 64 f0 10 a8 36 00 00
19:33:39.300       	00 00 49 5f 0a 00 00 00 14 00 00 00 14 00 00 00 ff ff 00 00 01 01 02 00 90 00
19:33:39.301       	00 00 49 5f 0d 00 00 00 14 00 00 00 14 00 00 00 ff ff 00 00 00 01 02 00 80 c2 00 00 17
19:33:39.302       	00 00 49 5f 09 00 00 00 14 00 00 00 14 00 00 00 ff ff 00 00 01 01 02 00 c2
19:33:39.302       	00 00 49 5f 1f 00 00 00 14 00 00 00 14 00 00 00 ff ff 00 00 00 01 02 00 d6 15 19 01 03 82 02 82 81 1b 01 00 13 09 64 f0 10 e8 fa 7c 63 23 3f
19:33:39.310       	00 00 49 5f 0a 00 00 00 14 00 00 00 14 00 00 00 ff ff 00 00 01 01 02 00 90 00
19:33:41.383       	00 00 49 5f 0d 00 00 00 65 00 00 00 65 00 00 00 ff ff 00 00 00 01 02 00 80 7c 00 01 00
19:33:41.384       	00 00 49 5f 0a 00 00 00 65 00 00 00 65 00 00 00 ff ff 00 00 01 01 02 00 90 00
19:33:41.385       	00 00 49 5f 0d 00 00 00 65 00 00 00 65 00 00 00 ff ff 00 00 00 01 01 00 80 7c 01 01 00
19:33:41.391       	00 00 49 5f 0a 00 00 00 65 00 00 00 65 00 00 00 ff ff 00 00 01 01 01 00 6c 19
19:33:41.392       	00 00 49 5f 0d 00 00 00 65 00 00 00 65 00 00 00 ff ff 00 00 00 01 01 00 80 7c 01 01 19
19:33:41.392       	00 00 49 5f 09 00 00 00 65 00 00 00 65 00 00 00 ff ff 00 00 01 01 01 00 7c
19:33:41.393       	00 00 49 5f 21 00 00 00 65 00 00 00 65 00 00 00 ff ff 00 00 01 01 01 00 80 17 3b 9f 96 80 3f c7 83 80 31 e0 73 f6 21 13 67 56 07 58 e0 24 04 10 aa
19:33:41.393       	00 00 49 5f 0a 00 00 00 65 00 00 00 65 00 00 00 ff ff 00 00 01 01 01 00 90 00
19:33:41.394       	00 00 49 5f 0d 00 00 00 65 00 00 00 65 00 00 00 ff ff 00 00 00 01 01 00 00 a4 00 04 02
19:33:41.394       	00 00 49 5f 09 00 00 00 65 00 00 00 65 00 00 00 ff ff 00 00 01 01 01 00 a4
19:33:41.395       	00 00 49 5f 0a 00 00 00 65 00 00 00 65 00 00 00 ff ff 00 00 00 01 01 00 3f 00
19:33:41.400       	00 00 49 5f 0a 00 00 00 65 00 00 00 65 00 00 00 ff ff 00 00 01 01 01 00 61 2a
19:33:41.401       	00 00 49 5f 0d 00 00 00 65 00 00 00 65 00 00 00 ff ff 00 00 00 01 01 00 00 c0 00 00 2a
19:33:41.401       	00 00 49 5f 09 00 00 00 65 00 00 00 65 00 00 00 ff ff 00 00 01 01 01 00 c0
19:33:41.403       	00 00 00 00 32 00 00 00 65 00 00 00 65 00 00 00 ff ff 00 00 01 01 01 00 62 28 82 02 78 21 83 02 3f 00 a5 06 80 01 71 87 01 01 8a 01 05 ab 0b 80 01 87 a4 06 83 01 0a 95 01 08 c6 06 90 01 00 83 01 01
19:33:41.403       	00 00 49 5f 0a 00 00 00 65 00 00 00 65 00 00 00 ff ff 00 00 01 01 01 00 90 00
19:33:41.404       	00 00 49 5f 0d 00 00 00 65 00 00 00 65 00 00 00 ff ff 00 00 00 01 01 00 80 aa 00 00 08
19:33:41.405       	00 00 49 5f 09 00 00 00 65 00 00 00 65 00 00 00 ff ff 00 00 01 01 01 00 aa
19:33:41.405       	00 00 49 5f 10 00 00 00 65 00 00 00 65 00 00 00 ff ff 00 00 00 01 01 00 a9 06 82 01 01 83 01 07
19:33:41.408       	00 00 49 5f 0a 00 00 00 65 00 00 00 65 00 00 00 ff ff 00 00 01 01 01 00 90 00
19:33:41.408       	00 00 49 5f 0d 00 00 00 65 00 00 00 65 00 00 00 ff ff 00 00 00 01 01 00 00 a4 08 04 02
19:33:41.409       	00 00 49 5f 09 00 00 00 65 00 00 00 65 00 00 00 ff ff 00 00 01 01 01 00 a4
19:33:41.409       	00 00 49 5f 0a 00 00 00 65 00 00 00 65 00 00 00 ff ff 00 00 00 01 01 00 2f e2
19:33:41.412       	00 00 49 5f 0a 00 00 00 65 00 00 00 65 00 00 00 ff ff 00 00 01 01 01 00 6a 82
19:33:41.412       	00 00 49 5f 0d 00 00 00 65 00 00 00 65 00 00 00 ff ff 00 00 00 01 01 00 00 a4 00 04 02
19:33:41.413       	00 00 49 5f 09 00 00 00 65 00 00 00 65 00 00 00 ff ff 00 00 01 01 01 00 a4
19:33:41.413       	00 00 49 5f 0a 00 00 00 65 00 00 00 65 00 00 00 ff ff 00 00 00 01 01 00 3f 00
19:33:41.415       	00 00 49 5f 0a 00 00 00 65 00 00 00 65 00 00 00 ff ff 00 00 01 01 01 00 61 2a
19:33:41.416       	00 00 49 5f 0d 00 00 00 65 00 00 00 65 00 00 00 ff ff 00 00 00 01 01 00 00 c0 00 00 2a
19:33:41.416       	00 00 49 5f 09 00 00 00 65 00 00 00 65 00 00 00 ff ff 00 00 01 01 01 00 c0
19:33:41.418       	00 00 00 00 32 00 00 00 65 00 00 00 65 00 00 00 ff ff 00 00 01 01 01 00 62 28 82 02 78 21 83 02 3f 00 a5 06 80 01 71 87 01 01 8a 01 05 ab 0b 80 01 87 a4 06 83 01 0a 95 01 08 c6 06 90 01 00 83 01 01
19:33:41.419       	00 00 49 5f 0a 00 00 00 65 00 00 00 65 00 00 00 ff ff 00 00 01 01 01 00 90 00
19:33:41.419       	00 00 49 5f 0d 00 00 00 65 00 00 00 65 00 00 00 ff ff 00 00 00 01 01 00 00 a4 00 04 02
19:33:41.420       	00 00 49 5f 09 00 00 00 65 00 00 00 65 00 00 00 ff ff 00 00 01 01 01 00 a4
19:33:41.420       	00 00 49 5f 0a 00 00 00 65 00 00 00 65 00 00 00 ff ff 00 00 00 01 01 00 2f e2
19:33:41.423       	00 00 49 5f 0a 00 00 00 65 00 00 00 65 00 00 00 ff ff 00 00 01 01 01 00 6a 82
19:33:41.423       	00 00 49 5f 0d 00 00 00 65 00 00 00 65 00 00 00 ff ff 00 00 00 01 01 00 00 a4 00 04 02
19:33:41.424       	00 00 49 5f 09 00 00 00 65 00 00 00 65 00 00 00 ff ff 00 00 01 01 01 00 a4
19:33:41.424       	00 00 49 5f 0a 00 00 00 65 00 00 00 65 00 00 00 ff ff 00 00 00 01 01 00 3f 00
19:33:41.427       	00 00 49 5f 0a 00 00 00 65 00 00 00 65 00 00 00 ff ff 00 00 01 01 01 00 61 2a
19:33:41.427       	00 00 49 5f 0d 00 00 00 65 00 00 00 65 00 00 00 ff ff 00 00 00 01 01 00 00 c0 00 00 2a
19:33:41.428       	00 00 49 5f 09 00 00 00 65 00 00 00 65 00 00 00 ff ff 00 00 01 01 01 00 c0
19:33:41.430       	00 00 00 00 32 00 00 00 65 00 00 00 65 00 00 00 ff ff 00 00 01 01 01 00 62 28 82 02 78 21 83 02 3f 00 a5 06 80 01 71 87 01 01 8a 01 05 ab 0b 80 01 87 a4 06 83 01 0a 95 01 08 c6 06 90 01 00 83 01 01
19:33:41.430       	00 00 49 5f 0a 00 00 00 65 00 00 00 65 00 00 00 ff ff 00 00 01 01 01 00 90 00
19:33:41.430       	00 00 49 5f 0d 00 00 00 65 00 00 00 65 00 00 00 ff ff 00 00 00 01 01 00 00 b0 82 00 0a
19:33:41.433       	00 00 49 5f 0a 00 00 00 65 00 00 00 65 00 00 00 ff ff 00 00 01 01 01 00 6a 82
19:33:41.434       	00 00 49 5f 0d 00 00 00 65 00 00 00 65 00 00 00 ff ff 00 00 00 01 01 00 00 b0 82 00 0a
19:33:41.436       	00 00 49 5f 0a 00 00 00 65 00 00 00 65 00 00 00 ff ff 00 00 01 01 01 00 6a 82
19:33:41.437       	00 00 49 5f 0d 00 00 00 65 00 00 00 65 00 00 00 ff ff 00 00 00 01 01 00 00 a4 08 04 02
19:33:41.438       	00 00 49 5f 09 00 00 00 65 00 00 00 65 00 00 00 ff ff 00 00 01 01 01 00 a4
19:33:41.438       	00 00 49 5f 0a 00 00 00 65 00 00 00 65 00 00 00 ff ff 00 00 00 01 01 00 2f 05
19:33:41.441       	00 00 49 5f 0a 00 00 00 65 00 00 00 65 00 00 00 ff ff 00 00 01 01 01 00 6a 82
19:33:41.441       	00 00 49 5f 0d 00 00 00 65 00 00 00 65 00 00 00 ff ff 00 00 00 01 01 00 00 a4 00 04 02
19:33:41.442       	00 00 49 5f 09 00 00 00 65 00 00 00 65 00 00 00 ff ff 00 00 01 01 01 00 a4
19:33:41.442       	00 00 49 5f 0a 00 00 00 65 00 00 00 65 00 00 00 ff ff 00 00 00 01 01 00 3f 00
19:33:41.444       	00 00 49 5f 0a 00 00 00 65 00 00 00 65 00 00 00 ff ff 00 00 01 01 01 00 61 2a
19:33:41.445       	00 00 49 5f 0d 00 00 00 65 00 00 00 65 00 00 00 ff ff 00 00 00 01 01 00 00 c0 00 00 2a
19:33:41.445       	00 00 49 5f 09 00 00 00 65 00 00 00 65 00 00 00 ff ff 00 00 01 01 01 00 c0
19:33:41.447       	00 00 00 00 32 00 00 00 65 00 00 00 65 00 00 00 ff ff 00 00 01 01 01 00 62 28 82 02 78 21 83 02 3f 00 a5 06 80 01 71 87 01 01 8a 01 05 ab 0b 80 01 87 a4 06 83 01 0a 95 01 08 c6 06 90 01 00 83 01 01
19:33:41.448       	00 00 49 5f 0a 00 00 00 65 00 00 00 65 00 00 00 ff ff 00 00 01 01 01 00 90 00
19:33:41.448       	00 00 49 5f 0d 00 00 00 65 00 00 00 65 00 00 00 ff ff 00 00 00 01 01 00 00 a4 00 04 02
19:33:41.449       	00 00 49 5f 09 00 00 00 65 00 00 00 65 00 00 00 ff ff 00 00 01 01 01 00 a4
19:33:41.449       	00 00 49 5f 0a 00 00 00 65 00 00 00 65 00 00 00 ff ff 00 00 00 01 01 00 2f 05
19:33:41.452       	00 00 49 5f 0a 00 00 00 65 00 00 00 65 00 00 00 ff ff 00 00 01 01 01 00 6a 82
19:33:41.452       	00 00 49 5f 0d 00 00 00 65 00 00 00 65 00 00 00 ff ff 00 00 00 01 01 00 80 10 00 00 1e
19:33:41.453       	00 00 49 5f 09 00 00 00 65 00 00 00 65 00 00 00 ff ff 00 00 01 01 01 00 10
19:33:41.453       	00 00 49 5f 26 00 00 00 65 00 00 00 65 00 00 00 ff ff 00 00 00 01 01 00 ff ff ff ff 5f dd 00 df ff 03 02 1f e2 00 00 00 c3 c9 00 00 00 00 40 00 50 00 00 00 00 08
19:33:41.484       	00 00 49 5f 0a 00 00 00 65 00 00 00 65 00 00 00 ff ff 00 00 01 01 01 00 91 0f
19:33:41.484       	00 00 49 5f 0d 00 00 00 65 00 00 00 65 00 00 00 ff ff 00 00 00 01 01 00 00 a4 08 04 02
19:33:41.485       	00 00 49 5f 09 00 00 00 65 00 00 00 65 00 00 00 ff ff 00 00 01 01 01 00 a4
19:33:41.486       	00 00 49 5f 0a 00 00 00 65 00 00 00 65 00 00 00 ff ff 00 00 00 01 01 00 2f 00
19:33:41.486       	00 00 49 5f 0a 00 00 00 65 00 00 00 65 00 00 00 ff ff 00 00 01 01 01 00 6a 82
19:33:41.487       	00 00 49 5f 0d 00 00 00 65 00 00 00 65 00 00 00 ff ff 00 00 00 01 01 00 00 a4 00 04 02
19:33:41.487       	00 00 49 5f 09 00 00 00 65 00 00 00 65 00 00 00 ff ff 00 00 01 01 01 00 a4
19:33:41.488       	00 00 49 5f 0a 00 00 00 65 00 00 00 65 00 00 00 ff ff 00 00 00 01 01 00 3f 00
19:33:41.488       	00 00 49 5f 0a 00 00 00 65 00 00 00 65 00 00 00 ff ff 00 00 01 01 01 00 61 2a
19:33:41.489       	00 00 49 5f 0d 00 00 00 65 00 00 00 65 00 00 00 ff ff 00 00 00 01 01 00 00 c0 00 00 2a
19:33:41.489       	00 00 49 5f 09 00 00 00 65 00 00 00 65 00 00 00 ff ff 00 00 01 01 01 00 c0
19:33:41.491       	00 00 00 00 32 00 00 00 65 00 00 00 65 00 00 00 ff ff 00 00 01 01 01 00 62 28 82 02 78 21 83 02 3f 00 a5 06 80 01 71 87 01 01 8a 01 05 ab 0b 80 01 87 a4 06 83 01 0a 95 01 08 c6 06 90 01 00 83 01 01
19:33:41.491       	00 00 49 5f 0a 00 00 00 65 00 00 00 65 00 00 00 ff ff 00 00 01 01 01 00 91 0f
19:33:41.492       	00 00 49 5f 0d 00 00 00 65 00 00 00 65 00 00 00 ff ff 00 00 00 01 01 00 00 a4 00 04 02
19:33:41.493       	00 00 49 5f 09 00 00 00 65 00 00 00 65 00 00 00 ff ff 00 00 01 01 01 00 a4
19:33:41.494       	00 00 49 5f 0a 00 00 00 65 00 00 00 65 00 00 00 ff ff 00 00 00 01 01 00 2f 00
19:33:41.494       	00 00 49 5f 0a 00 00 00 65 00 00 00 65 00 00 00 ff ff 00 00 01 01 01 00 6a 82
19:33:41.495       	00 00 49 5f 0d 00 00 00 65 00 00 00 65 00 00 00 ff ff 00 00 00 01 01 00 80 7c 01 01 00
19:33:41.502       	00 00 49 5f 0a 00 00 00 65 00 00 00 65 00 00 00 ff ff 00 00 01 01 01 00 6c 19
19:33:41.502       	00 00 49 5f 0d 00 00 00 65 00 00 00 65 00 00 00 ff ff 00 00 00 01 01 00 80 7c 01 01 19
19:33:41.503       	00 00 49 5f 09 00 00 00 65 00 00 00 65 00 00 00 ff ff 00 00 01 01 01 00 7c
19:33:41.504       	00 00 49 5f 21 00 00 00 65 00 00 00 65 00 00 00 ff ff 00 00 01 01 01 00 80 17 3b 9f 96 80 3f c7 83 80 31 e0 73 f6 21 13 67 56 07 58 e0 24 04 10 aa
19:33:41.504       	00 00 49 5f 0a 00 00 00 65 00 00 00 65 00 00 00 ff ff 00 00 01 01 01 00 90 00
19:33:41.505       	00 00 49 5f 0d 00 00 00 65 00 00 00 65 00 00 00 ff ff 00 00 00 01 01 00 00 a4 00 04 02
19:33:41.505       	00 00 49 5f 09 00 00 00 65 00 00 00 65 00 00 00 ff ff 00 00 01 01 01 00 a4
19:33:41.506       	00 00 49 5f 0a 00 00 00 65 00 00 00 65 00 00 00 ff ff 00 00 00 01 01 00 3f 00
19:33:41.511       	00 00 49 5f 0a 00 00 00 65 00 00 00 65 00 00 00 ff ff 00 00 01 01 01 00 61 2a
19:33:41.512       	00 00 49 5f 0d 00 00 00 65 00 00 00 65 00 00 00 ff ff 00 00 00 01 01 00 00 c0 00 00 2a
19:33:41.512       	00 00 49 5f 09 00 00 00 65 00 00 00 65 00 00 00 ff ff 00 00 01 01 01 00 c0
19:33:41.514       	00 00 00 00 32 00 00 00 65 00 00 00 65 00 00 00 ff ff 00 00 01 01 01 00 62 28 82 02 78 21 83 02 3f 00 a5 06 80 01 71 87 01 01 8a 01 05 ab 0b 80 01 87 a4 06 83 01 0a 95 01 08 c6 06 90 01 00 83 01 01
19:33:41.514       	00 00 49 5f 0a 00 00 00 65 00 00 00 65 00 00 00 ff ff 00 00 01 01 01 00 90 00
19:33:41.515       	00 00 49 5f 0d 00 00 00 65 00 00 00 65 00 00 00 ff ff 00 00 00 01 01 00 80 aa 00 00 08
19:33:41.515       	00 00 49 5f 09 00 00 00 65 00 00 00 65 00 00 00 ff ff 00 00 01 01 01 00 aa
19:33:41.516       	00 00 49 5f 10 00 00 00 65 00 00 00 65 00 00 00 ff ff 00 00 00 01 01 00 a9 06 82 01 01 83 01 07
19:33:41.518       	00 00 49 5f 0a 00 00 00 65 00 00 00 65 00 00 00 ff ff 00 00 01 01 01 00 90 00
19:33:41.519       	00 00 49 5f 0d 00 00 00 65 00 00 00 65 00 00 00 ff ff 00 00 00 01 01 00 00 a4 08 04 02
19:33:41.520       	00 00 49 5f 09 00 00 00 65 00 00 00 65 00 00 00 ff ff 00 00 01 01 01 00 a4
19:33:41.520       	00 00 49 5f 0a 00 00 00 65 00 00 00 65 00 00 00 ff ff 00 00 00 01 01 00 2f e2
19:33:41.523       	00 00 49 5f 0a 00 00 00 65 00 00 00 65 00 00 00 ff ff 00 00 01 01 01 00 6a 82
19:33:41.523       	00 00 49 5f 0d 00 00 00 65 00 00 00 65 00 00 00 ff ff 00 00 00 01 01 00 00 a4 00 04 02
19:33:41.524       	00 00 49 5f 09 00 00 00 65 00 00 00 65 00 00 00 ff ff 00 00 01 01 01 00 a4
19:33:41.524       	00 00 49 5f 0a 00 00 00 65 00 00 00 65 00 00 00 ff ff 00 00 00 01 01 00 3f 00
19:33:41.527       	00 00 49 5f 0a 00 00 00 65 00 00 00 65 00 00 00 ff ff 00 00 01 01 01 00 61 2a
19:33:41.527       	00 00 49 5f 0d 00 00 00 65 00 00 00 65 00 00 00 ff ff 00 00 00 01 01 00 00 c0 00 00 2a
19:33:41.527       	00 00 49 5f 09 00 00 00 65 00 00 00 65 00 00 00 ff ff 00 00 01 01 01 00 c0
19:33:41.530       	00 00 00 00 32 00 00 00 65 00 00 00 65 00 00 00 ff ff 00 00 01 01 01 00 62 28 82 02 78 21 83 02 3f 00 a5 06 80 01 71 87 01 01 8a 01 05 ab 0b 80 01 87 a4 06 83 01 0a 95 01 08 c6 06 90 01 00 83 01 01
19:33:41.530       	00 00 49 5f 0a 00 00 00 65 00 00 00 65 00 00 00 ff ff 00 00 01 01 01 00 90 00
19:33:41.530       	00 00 49 5f 0d 00 00 00 65 00 00 00 65 00 00 00 ff ff 00 00 00 01 01 00 00 a4 00 04 02
19:33:41.531       	00 00 49 5f 09 00 00 00 65 00 00 00 65 00 00 00 ff ff 00 00 01 01 01 00 a4
19:33:41.531       	00 00 49 5f 0a 00 00 00 65 00 00 00 65 00 00 00 ff ff 00 00 00 01 01 00 2f e2
19:33:41.534       	00 00 49 5f 0a 00 00 00 65 00 00 00 65 00 00 00 ff ff 00 00 01 01 01 00 6a 82
19:33:41.534       	00 00 49 5f 0d 00 00 00 65 00 00 00 65 00 00 00 ff ff 00 00 00 01 01 00 00 a4 00 04 02
19:33:41.535       	00 00 49 5f 09 00 00 00 65 00 00 00 65 00 00 00 ff ff 00 00 01 01 01 00 a4
19:33:41.535       	00 00 49 5f 0a 00 00 00 65 00 00 00 65 00 00 00 ff ff 00 00 00 01 01 00 3f 00
19:33:41.538       	00 00 49 5f 0a 00 00 00 65 00 00 00 65 00 00 00 ff ff 00 00 01 01 01 00 61 2a
19:33:41.538       	00 00 49 5f 0d 00 00 00 65 00 00 00 65 00 00 00 ff ff 00 00 00 01 01 00 00 c0 00 00 2a
19:33:41.539       	00 00 49 5f 09 00 00 00 65 00 00 00 65 00 00 00 ff ff 00 00 01 01 01 00 c0
19:33:41.541       	00 00 00 00 32 00 00 00 65 00 00 00 65 00 00 00 ff ff 00 00 01 01 01 00 62 28 82 02 78 21 83 02 3f 00 a5 06 80 01 71 87 01 01 8a 01 05 ab 0b 80 01 87 a4 06 83 01 0a 95 01 08 c6 06 90 01 00 83 01 01
19:33:41.541       	00 00 49 5f 0a 00 00 00 65 00 00 00 65 00 00 00 ff ff 00 00 01 01 01 00 90 00
19:33:41.542       	00 00 49 5f 0d 00 00 00 65 00 00 00 65 00 00 00 ff ff 00 00 00 01 01 00 00 b0 82 00 0a
19:33:41.544       	00 00 49 5f 0a 00 00 00 65 00 00 00 65 00 00 00 ff ff 00 00 01 01 01 00 6a 82
19:33:41.545       	00 00 49 5f 0d 00 00 00 65 00 00 00 65 00 00 00 ff ff 00 00 00 01 01 00 00 b0 82 00 0a
19:33:41.547       	00 00 49 5f 0a 00 00 00 65 00 00 00 65 00 00 00 ff ff 00 00 01 01 01 00 6a 82
19:33:41.548       	00 00 49 5f 0d 00 00 00 65 00 00 00 65 00 00 00 ff ff 00 00 00 01 01 00 00 a4 08 04 02
19:33:41.549       	00 00 49 5f 09 00 00 00 65 00 00 00 65 00 00 00 ff ff 00 00 01 01 01 00 a4
19:33:41.549       	00 00 49 5f 0a 00 00 00 65 00 00 00 65 00 00 00 ff ff 00 00 00 01 01 00 2f 05
19:33:41.552       	00 00 49 5f 0a 00 00 00 65 00 00 00 65 00 00 00 ff ff 00 00 01 01 01 00 6a 82
19:33:41.552       	00 00 49 5f 0d 00 00 00 65 00 00 00 65 00 00 00 ff ff 00 00 00 01 01 00 00 a4 00 04 02
19:33:41.553       	00 00 49 5f 09 00 00 00 65 00 00 00 65 00 00 00 ff ff 00 00 01 01 01 00 a4
19:33:41.553       	00 00 49 5f 0a 00 00 00 65 00 00 00 65 00 00 00 ff ff 00 00 00 01 01 00 3f 00
19:33:41.556       	00 00 49 5f 0a 00 00 00 65 00 00 00 65 00 00 00 ff ff 00 00 01 01 01 00 61 2a
19:33:41.556       	00 00 49 5f 0d 00 00 00 65 00 00 00 65 00 00 00 ff ff 00 00 00 01 01 00 00 c0 00 00 2a
19:33:41.557       	00 00 49 5f 09 00 00 00 65 00 00 00 65 00 00 00 ff ff 00 00 01 01 01 00 c0
19:33:41.559       	00 00 00 00 32 00 00 00 65 00 00 00 65 00 00 00 ff ff 00 00 01 01 01 00 62 28 82 02 78 21 83 02 3f 00 a5 06 80 01 71 87 01 01 8a 01 05 ab 0b 80 01 87 a4 06 83 01 0a 95 01 08 c6 06 90 01 00 83 01 01
19:33:41.559       	00 00 49 5f 0a 00 00 00 65 00 00 00 65 00 00 00 ff ff 00 00 01 01 01 00 90 00
19:33:41.559       	00 00 49 5f 0d 00 00 00 65 00 00 00 65 00 00 00 ff ff 00 00 00 01 01 00 00 a4 00 04 02
19:33:41.560       	00 00 49 5f 09 00 00 00 65 00 00 00 65 00 00 00 ff ff 00 00 01 01 01 00 a4
19:33:41.560       	00 00 49 5f 0a 00 00 00 65 00 00 00 65 00 00 00 ff ff 00 00 00 01 01 00 2f 05
19:33:41.563       	00 00 49 5f 0a 00 00 00 65 00 00 00 65 00 00 00 ff ff 00 00 01 01 01 00 6a 82
19:33:41.563       	00 00 49 5f 0d 00 00 00 65 00 00 00 65 00 00 00 ff ff 00 00 00 01 01 00 80 10 00 00 1e
19:33:41.564       	00 00 49 5f 09 00 00 00 65 00 00 00 65 00 00 00 ff ff 00 00 01 01 01 00 10
19:33:41.565       	00 00 49 5f 26 00 00 00 65 00 00 00 65 00 00 00 ff ff 00 00 00 01 01 00 ff ff ff ff 5f dd 00 df ff 03 02 1f e2 00 00 00 c3 c9 00 00 00 00 40 00 50 00 00 00 00 08
19:33:41.588       	00 00 49 5f 0a 00 00 00 65 00 00 00 65 00 00 00 ff ff 00 00 01 01 01 00 91 0f
19:33:41.588       	00 00 49 5f 0d 00 00 00 65 00 00 00 65 00 00 00 ff ff 00 00 00 01 01 00 00 a4 08 04 02
19:33:41.589       	00 00 49 5f 09 00 00 00 65 00 00 00 65 00 00 00 ff ff 00 00 01 01 01 00 a4
19:33:41.589       	00 00 49 5f 0a 00 00 00 65 00 00 00 65 00 00 00 ff ff 00 00 00 01 01 00 2f 00
19:33:41.590       	00 00 49 5f 0a 00 00 00 65 00 00 00 65 00 00 00 ff ff 00 00 01 01 01 00 6a 82
19:33:41.591       	00 00 49 5f 0d 00 00 00 65 00 00 00 65 00 00 00 ff ff 00 00 00 01 01 00 00 a4 00 04 02
19:33:41.591       	00 00 49 5f 09 00 00 00 65 00 00 00 65 00 00 00 ff ff 00 00 01 01 01 00 a4
19:33:41.592       	00 00 49 5f 0a 00 00 00 65 00 00 00 65 00 00 00 ff ff 00 00 00 01 01 00 3f 00
19:33:41.592       	00 00 49 5f 0a 00 00 00 65 00 00 00 65 00 00 00 ff ff 00 00 01 01 01 00 61 2a
19:33:41.593       	00 00 49 5f 0d 00 00 00 65 00 00 00 65 00 00 00 ff ff 00 00 00 01 01 00 00 c0 00 00 2a
19:33:41.593       	00 00 49 5f 09 00 00 00 65 00 00 00 65 00 00 00 ff ff 00 00 01 01 01 00 c0
19:33:41.595       	00 00 00 00 32 00 00 00 65 00 00 00 65 00 00 00 ff ff 00 00 01 01 01 00 62 28 82 02 78 21 83 02 3f 00 a5 06 80 01 71 87 01 01 8a 01 05 ab 0b 80 01 87 a4 06 83 01 0a 95 01 08 c6 06 90 01 00 83 01 01
19:33:41.595       	00 00 49 5f 0a 00 00 00 65 00 00 00 65 00 00 00 ff ff 00 00 01 01 01 00 91 0f
19:33:41.596       	00 00 49 5f 0d 00 00 00 65 00 00 00 65 00 00 00 ff ff 00 00 00 01 01 00 00 a4 00 04 02
19:33:41.596       	00 00 49 5f 09 00 00 00 65 00 00 00 65 00 00 00 ff ff 00 00 01 01 01 00 a4
19:33:41.597       	00 00 49 5f 0a 00 00 00 65 00 00 00 65 00 00 00 ff ff 00 00 00 01 01 00 2f 00
19:33:41.598       	00 00 49 5f 0a 00 00 00 65 00 00 00 65 00 00 00 ff ff 00 00 01 01 01 00 6a 82
19:33:41.598       	00 00 49 5f 0d 00 00 00 65 00 00 00 65 00 00 00 ff ff 00 00 00 01 01 00 80 7c 01 01 00
19:33:41.605       	00 00 49 5f 0a 00 00 00 65 00 00 00 65 00 00 00 ff ff 00 00 01 01 01 00 6c 19
19:33:41.606       	00 00 49 5f 0d 00 00 00 65 00 00 00 65 00 00 00 ff ff 00 00 00 01 01 00 80 7c 01 01 19
19:33:41.606       	00 00 49 5f 09 00 00 00 65 00 00 00 65 00 00 00 ff ff 00 00 01 01 01 00 7c
19:33:41.607       	00 00 49 5f 21 00 00 00 65 00 00 00 65 00 00 00 ff ff 00 00 01 01 01 00 80 17 3b 9f 96 80 3f c7 83 80 31 e0 73 f6 21 13 67 56 07 58 e0 24 04 10 aa
19:33:41.607       	00 00 49 5f 0a 00 00 00 65 00 00 00 65 00 00 00 ff ff 00 00 01 01 01 00 90 00
19:33:41.608       	00 00 49 5f 0d 00 00 00 65 00 00 00 65 00 00 00 ff ff 00 00 00 01 01 00 00 a4 00 04 02
19:33:41.609       	00 00 49 5f 09 00 00 00 65 00 00 00 65 00 00 00 ff ff 00 00 01 01 01 00 a4
19:33:41.609       	00 00 49 5f 0a 00 00 00 65 00 00 00 65 00 00 00 ff ff 00 00 00 01 01 00 3f 00
19:33:41.615       	00 00 49 5f 0a 00 00 00 65 00 00 00 65 00 00 00 ff ff 00 00 01 01 01 00 61 2a
19:33:41.615       	00 00 49 5f 0d 00 00 00 65 00 00 00 65 00 00 00 ff ff 00 00 00 01 01 00 00 c0 00 00 2a
19:33:41.616       	00 00 49 5f 09 00 00 00 65 00 00 00 65 00 00 00 ff ff 00 00 01 01 01 00 c0
19:33:41.618       	00 00 00 00 32 00 00 00 65 00 00 00 65 00 00 00 ff ff 00 00 01 01 01 00 62 28 82 02 78 21 83 02 3f 00 a5 06 80 01 71 87 01 01 8a 01 05 ab 0b 80 01 87 a4 06 83 01 0a 95 01 08 c6 06 90 01 00 83 01 01
19:33:41.618       	00 00 49 5f 0a 00 00 00 65 00 00 00 65 00 00 00 ff ff 00 00 01 01 01 00 90 00
19:33:41.618       	00 00 49 5f 0d 00 00 00 65 00 00 00 65 00 00 00 ff ff 00 00 00 01 01 00 80 aa 00 00 08
19:33:41.619       	00 00 49 5f 09 00 00 00 65 00 00 00 65 00 00 00 ff ff 00 00 01 01 01 00 aa
19:33:41.619       	00 00 49 5f 10 00 00 00 65 00 00 00 65 00 00 00 ff ff 00 00 00 01 01 00 a9 06 82 01 01 83 01 07
19:33:41.622       	00 00 49 5f 0a 00 00 00 65 00 00 00 65 00 00 00 ff ff 00 00 01 01 01 00 90 00
19:33:41.623       	00 00 49 5f 0d 00 00 00 65 00 00 00 65 00 00 00 ff ff 00 00 00 01 01 00 00 a4 08 04 02
19:33:41.625       	00 00 49 5f 09 00 00 00 65 00 00 00 65 00 00 00 ff ff 00 00 01 01 01 00 a4
19:33:41.626       	00 00 49 5f 0a 00 00 00 65 00 00 00 65 00 00 00 ff ff 00 00 00 01 01 00 2f e2
19:33:41.628       	00 00 49 5f 0a 00 00 00 65 00 00 00 65 00 00 00 ff ff 00 00 01 01 01 00 6a 82
19:33:41.629       	00 00 49 5f 0d 00 00 00 65 00 00 00 65 00 00 00 ff ff 00 00 00 01 01 00 00 a4 00 04 02
19:33:41.629       	00 00 49 5f 09 00 00 00 65 00 00 00 65 00 00 00 ff ff 00 00 01 01 01 00 a4
19:33:41.630       	00 00 49 5f 0a 00 00 00 65 00 00 00 65 00 00 00 ff ff 00 00 00 01 01 00 3f 00
19:33:41.632       	00 00 49 5f 0a 00 00 00 65 00 00 00 65 00 00 00 ff ff 00 00 01 01 01 00 61 2a
19:33:41.632       	00 00 49 5f 0d 00 00 00 65 00 00 00 65 00 00 00 ff ff 00 00 00 01 01 00 00 c0 00 00 2a
19:33:41.633       	00 00 49 5f 09 00 00 00 65 00 00 00 65 00 00 00 ff ff 00 00 01 01 01 00 c0
19:33:41.635       	00 00 fa 11 32 00 00 00 65 00 00 00 65 00 00 00 ff ff 00 00 01 01 01 00 62 28 82 02 78 21 83 02 3f 00 a5 06 80 01 71 87 01 01 8a 01 05 ab 0b 80 01 87 a4 06 83 01 0a 95 01 08 c6 06 90 01 00 83 01 01
19:33:41.635       	00 00 49 5f 0a 00 00 00 65 00 00 00 65 00 00 00 ff ff 00 00 01 01 01 00 90 00
19:33:41.636       	00 00 49 5f 0d 00 00 00 65 00 00 00 65 00 00 00 ff ff 00 00 00 01 01 00 00 a4 00 04 02
19:33:41.636       	00 00 49 5f 09 00 00 00 65 00 00 00 65 00 00 00 ff ff 00 00 01 01 01 00 a4
19:33:41.637       	00 00 49 5f 0a 00 00 00 65 00 00 00 65 00 00 00 ff ff 00 00 00 01 01 00 2f e2
19:33:41.639       	00 00 49 5f 0a 00 00 00 65 00 00 00 65 00 00 00 ff ff 00 00 01 01 01 00 6a 82
19:33:41.640       	00 00 49 5f 0d 00 00 00 65 00 00 00 65 00 00 00 ff ff 00 00 00 01 01 00 00 a4 00 04 02
19:33:41.640       	00 00 49 5f 09 00 00 00 65 00 00 00 65 00 00 00 ff ff 00 00 01 01 01 00 a4
19:33:41.641       	00 00 49 5f 0a 00 00 00 65 00 00 00 65 00 00 00 ff ff 00 00 00 01 01 00 3f 00
19:33:41.643       	00 00 49 5f 0a 00 00 00 65 00 00 00 65 00 00 00 ff ff 00 00 01 01 01 00 61 2a
19:33:41.644       	00 00 49 5f 0d 00 00 00 65 00 00 00 65 00 00 00 ff ff 00 00 00 01 01 00 00 c0 00 00 2a
19:33:41.644       	00 00 49 5f 09 00 00 00 65 00 00 00 65 00 00 00 ff ff 00 00 01 01 01 00 c0
19:33:41.646       	00 00 fa 11 32 00 00 00 65 00 00 00 65 00 00 00 ff ff 00 00 01 01 01 00 62 28 82 02 78 21 83 02 3f 00 a5 06 80 01 71 87 01 01 8a 01 05 ab 0b 80 01 87 a4 06 83 01 0a 95 01 08 c6 06 90 01 00 83 01 01
19:33:41.646       	00 00 49 5f 0a 00 00 00 65 00 00 00 65 00 00 00 ff ff 00 00 01 01 01 00 90 00
19:33:41.647       	00 00 49 5f 0d 00 00 00 65 00 00 00 65 00 00 00 ff ff 00 00 00 01 01 00 00 b0 82 00 0a
19:33:41.650       	00 00 49 5f 0a 00 00 00 65 00 00 00 65 00 00 00 ff ff 00 00 01 01 01 00 6a 82
19:33:41.650       	00 00 49 5f 0d 00 00 00 65 00 00 00 65 00 00 00 ff ff 00 00 00 01 01 00 00 b0 82 00 0a
19:33:41.653       	00 00 49 5f 0a 00 00 00 65 00 00 00 65 00 00 00 ff ff 00 00 01 01 01 00 6a 82
19:33:41.653       	00 00 49 5f 0d 00 00 00 65 00 00 00 65 00 00 00 ff ff 00 00 00 01 01 00 00 a4 08 04 02
19:33:41.654       	00 00 49 5f 09 00 00 00 65 00 00 00 65 00 00 00 ff ff 00 00 01 01 01 00 a4
19:33:41.655       	00 00 49 5f 0a 00 00 00 65 00 00 00 65 00 00 00 ff ff 00 00 00 01 01 00 2f 05
19:33:41.657       	00 00 49 5f 0a 00 00 00 65 00 00 00 65 00 00 00 ff ff 00 00 01 01 01 00 6a 82
19:33:41.658       	00 00 49 5f 0d 00 00 00 65 00 00 00 65 00 00 00 ff ff 00 00 00 01 01 00 00 a4 00 04 02
19:33:41.658       	00 00 49 5f 09 00 00 00 65 00 00 00 65 00 00 00 ff ff 00 00 01 01 01 00 a4
19:33:41.659       	00 00 49 5f 0a 00 00 00 65 00 00 00 65 00 00 00 ff ff 00 00 00 01 01 00 3f 00
19:33:41.661       	00 00 49 5f 0a 00 00 00 65 00 00 00 65 00 00 00 ff ff 00 00 01 01 01 00 61 2a
19:33:41.661       	00 00 49 5f 0d 00 00 00 65 00 00 00 65 00 00 00 ff ff 00 00 00 01 01 00 00 c0 00 00 2a
19:33:41.662       	00 00 49 5f 09 00 00 00 65 00 00 00 65 00 00 00 ff ff 00 00 01 01 01 00 c0
19:33:41.664       	00 00 fa 11 32 00 00 00 65 00 00 00 65 00 00 00 ff ff 00 00 01 01 01 00 62 28 82 02 78 21 83 02 3f 00 a5 06 80 01 71 87 01 01 8a 01 05 ab 0b 80 01 87 a4 06 83 01 0a 95 01 08 c6 06 90 01 00 83 01 01
19:33:41.664       	00 00 49 5f 0a 00 00 00 65 00 00 00 65 00 00 00 ff ff 00 00 01 01 01 00 90 00
19:33:41.665       	00 00 49 5f 0d 00 00 00 65 00 00 00 65 00 00 00 ff ff 00 00 00 01 01 00 00 a4 00 04 02
19:33:41.665       	00 00 49 5f 09 00 00 00 65 00 00 00 65 00 00 00 ff ff 00 00 01 01 01 00 a4
19:33:41.666       	00 00 49 5f 0a 00 00 00 65 00 00 00 65 00 00 00 ff ff 00 00 00 01 01 00 2f 05
19:33:41.668       	00 00 49 5f 0a 00 00 00 65 00 00 00 65 00 00 00 ff ff 00 00 01 01 01 00 6a 82
19:33:41.669       	00 00 49 5f 0d 00 00 00 65 00 00 00 65 00 00 00 ff ff 00 00 00 01 01 00 80 10 00 00 1e
19:33:41.669       	00 00 49 5f 09 00 00 00 65 00 00 00 65 00 00 00 ff ff 00 00 01 01 01 00 10
19:33:41.670       	00 00 49 5f 26 00 00 00 65 00 00 00 65 00 00 00 ff ff 00 00 00 01 01 00 ff ff ff ff 5f dd 00 df ff 03 02 1f e2 00 00 00 c3 c9 00 00 00 00 40 00 50 00 00 00 00 08
19:33:41.701       	00 00 49 5f 0a 00 00 00 65 00 00 00 65 00 00 00 ff ff 00 00 01 01 01 00 91 0f
19:33:41.702       	00 00 49 5f 0d 00 00 00 65 00 00 00 65 00 00 00 ff ff 00 00 00 01 01 00 00 a4 08 04 02
19:33:41.703       	00 00 49 5f 09 00 00 00 65 00 00 00 65 00 00 00 ff ff 00 00 01 01 01 00 a4
19:33:41.703       	00 00 49 5f 0a 00 00 00 65 00 00 00 65 00 00 00 ff ff 00 00 00 01 01 00 2f 00
19:33:41.704       	00 00 49 5f 0a 00 00 00 65 00 00 00 65 00 00 00 ff ff 00 00 01 01 01 00 6a 82
19:33:41.704       	00 00 49 5f 0d 00 00 00 65 00 00 00 65 00 00 00 ff ff 00 00 00 01 01 00 00 a4 00 04 02
19:33:41.705       	00 00 49 5f 09 00 00 00 65 00 00 00 65 00 00 00 ff ff 00 00 01 01 01 00 a4
19:33:41.706       	00 00 49 5f 0a 00 00 00 65 00 00 00 65 00 00 00 ff ff 00 00 00 01 01 00 3f 00
19:33:41.706       	00 00 49 5f 0a 00 00 00 65 00 00 00 65 00 00 00 ff ff 00 00 01 01 01 00 61 2a
19:33:41.707       	00 00 49 5f 0d 00 00 00 65 00 00 00 65 00 00 00 ff ff 00 00 00 01 01 00 00 c0 00 00 2a
19:33:41.707       	00 00 49 5f 09 00 00 00 65 00 00 00 65 00 00 00 ff ff 00 00 01 01 01 00 c0
19:33:41.709       	00 00 fa 11 32 00 00 00 65 00 00 00 65 00 00 00 ff ff 00 00 01 01 01 00 62 28 82 02 78 21 83 02 3f 00 a5 06 80 01 71 87 01 01 8a 01 05 ab 0b 80 01 87 a4 06 83 01 0a 95 01 08 c6 06 90 01 00 83 01 01
19:33:41.709       	00 00 49 5f 0a 00 00 00 65 00 00 00 65 00 00 00 ff ff 00 00 01 01 01 00 91 0f
19:33:41.710       	00 00 49 5f 0d 00 00 00 65 00 00 00 65 00 00 00 ff ff 00 00 00 01 01 00 00 a4 00 04 02
19:33:41.710       	00 00 49 5f 09 00 00 00 65 00 00 00 65 00 00 00 ff ff 00 00 01 01 01 00 a4
19:33:41.711       	00 00 49 5f 0a 00 00 00 65 00 00 00 65 00 00 00 ff ff 00 00 00 01 01 00 2f 00
19:33:41.712       	00 00 49 5f 0a 00 00 00 65 00 00 00 65 00 00 00 ff ff 00 00 01 01 01 00 6a 82
19:33:41.713       	00 00 49 5f 0d 00 00 00 65 00 00 00 65 00 00 00 ff ff 00 00 00 01 01 00 80 7c 01 01 00
19:33:41.719       	00 00 49 5f 0a 00 00 00 65 00 00 00 65 00 00 00 ff ff 00 00 01 01 01 00 6c 19
19:33:41.720       	00 00 49 5f 0d 00 00 00 65 00 00 00 65 00 00 00 ff ff 00 00 00 01 01 00 80 7c 01 01 19
19:33:41.720       	00 00 49 5f 09 00 00 00 65 00 00 00 65 00 00 00 ff ff 00 00 01 01 01 00 7c
19:33:41.721       	00 00 49 5f 21 00 00 00 65 00 00 00 65 00 00 00 ff ff 00 00 01 01 01 00 80 17 3b 9f 96 80 3f c7 83 80 31 e0 73 f6 21 13 67 56 07 58 e0 24 04 10 aa
19:33:41.722       	00 00 49 5f 0a 00 00 00 65 00 00 00 65 00 00 00 ff ff 00 00 01 01 01 00 90 00
19:33:41.722       	00 00 49 5f 0d 00 00 00 65 00 00 00 65 00 00 00 ff ff 00 00 00 01 01 00 00 a4 00 04 02
19:33:41.723       	00 00 49 5f 09 00 00 00 65 00 00 00 65 00 00 00 ff ff 00 00 01 01 01 00 a4
19:33:41.723       	00 00 49 5f 0a 00 00 00 65 00 00 00 65 00 00 00 ff ff 00 00 00 01 01 00 3f 00
19:33:41.729       	00 00 49 5f 0a 00 00 00 65 00 00 00 65 00 00 00 ff ff 00 00 01 01 01 00 61 2a
19:33:41.729       	00 00 49 5f 0d 00 00 00 65 00 00 00 65 00 00 00 ff ff 00 00 00 01 01 00 00 c0 00 00 2a
19:33:41.730       	00 00 49 5f 09 00 00 00 65 00 00 00 65 00 00 00 ff ff 00 00 01 01 01 00 c0
19:33:41.732       	00 00 fa 11 32 00 00 00 65 00 00 00 65 00 00 00 ff ff 00 00 01 01 01 00 62 28 82 02 78 21 83 02 3f 00 a5 06 80 01 71 87 01 01 8a 01 05 ab 0b 80 01 87 a4 06 83 01 0a 95 01 08 c6 06 90 01 00 83 01 01
19:33:41.732       	00 00 49 5f 0a 00 00 00 65 00 00 00 65 00 00 00 ff ff 00 00 01 01 01 00 90 00
19:33:41.732       	00 00 49 5f 0d 00 00 00 65 00 00 00 65 00 00 00 ff ff 00 00 00 01 01 00 80 aa 00 00 08
19:33:41.733       	00 00 49 5f 09 00 00 00 65 00 00 00 65 00 00 00 ff ff 00 00 01 01 01 00 aa
19:33:41.733       	00 00 49 5f 10 00 00 00 65 00 00 00 65 00 00 00 ff ff 00 00 00 01 01 00 a9 06 82 01 01 83 01 07
19:33:41.736       	00 00 49 5f 0a 00 00 00 65 00 00 00 65 00 00 00 ff ff 00 00 01 01 01 00 90 00
19:33:41.736       	00 00 49 5f 0d 00 00 00 65 00 00 00 65 00 00 00 ff ff 00 00 00 01 01 00 00 a4 08 04 02
19:33:41.737       	00 00 49 5f 09 00 00 00 65 00 00 00 65 00 00 00 ff ff 00 00 01 01 01 00 a4
19:33:41.738       	00 00 49 5f 0a 00 00 00 65 00 00 00 65 00 00 00 ff ff 00 00 00 01 01 00 2f e2
19:33:41.740       	00 00 49 5f 0a 00 00 00 65 00 00 00 65 00 00 00 ff ff 00 00 01 01 01 00 6a 82
19:33:41.741       	00 00 49 5f 0d 00 00 00 65 00 00 00 65 00 00 00 ff ff 00 00 00 01 01 00 00 a4 00 04 02
19:33:41.741       	00 00 49 5f 09 00 00 00 65 00 00 00 65 00 00 00 ff ff 00 00 01 01 01 00 a4
19:33:41.742       	00 00 49 5f 0a 00 00 00 65 00 00 00 65 00 00 00 ff ff 00 00 00 01 01 00 3f 00
19:33:41.744       	00 00 49 5f 0a 00 00 00 65 00 00 00 65 00 00 00 ff ff 00 00 01 01 01 00 61 2a
19:33:41.745       	00 00 49 5f 0d 00 00 00 65 00 00 00 65 00 00 00 ff ff 00 00 00 01 01 00 00 c0 00 00 2a
19:33:41.745       	00 00 49 5f 09 00 00 00 65 00 00 00 65 00 00 00 ff ff 00 00 01 01 01 00 c0
19:33:41.747       	00 00 fa 11 32 00 00 00 65 00 00 00 65 00 00 00 ff ff 00 00 01 01 01 00 62 28 82 02 78 21 83 02 3f 00 a5 06 80 01 71 87 01 01 8a 01 05 ab 0b 80 01 87 a4 06 83 01 0a 95 01 08 c6 06 90 01 00 83 01 01
19:33:41.747       	00 00 49 5f 0a 00 00 00 65 00 00 00 65 00 00 00 ff ff 00 00 01 01 01 00 90 00
19:33:41.748       	00 00 49 5f 0d 00 00 00 65 00 00 00 65 00 00 00 ff ff 00 00 00 01 01 00 00 a4 00 04 02
19:33:41.748       	00 00 49 5f 09 00 00 00 65 00 00 00 65 00 00 00 ff ff 00 00 01 01 01 00 a4
19:33:41.749       	00 00 49 5f 0a 00 00 00 65 00 00 00 65 00 00 00 ff ff 00 00 00 01 01 00 2f e2
19:33:41.751       	00 00 49 5f 0a 00 00 00 65 00 00 00 65 00 00 00 ff ff 00 00 01 01 01 00 6a 82
19:33:41.752       	00 00 49 5f 0d 00 00 00 65 00 00 00 65 00 00 00 ff ff 00 00 00 01 01 00 00 a4 00 04 02
19:33:41.753       	00 00 49 5f 09 00 00 00 65 00 00 00 65 00 00 00 ff ff 00 00 01 01 01 00 a4
19:33:41.753       	00 00 49 5f 0a 00 00 00 65 00 00 00 65 00 00 00 ff ff 00 00 00 01 01 00 3f 00
19:33:41.755       	00 00 49 5f 0a 00 00 00 65 00 00 00 65 00 00 00 ff ff 00 00 01 01 01 00 61 2a
19:33:41.756       	00 00 49 5f 0d 00 00 00 65 00 00 00 65 00 00 00 ff ff 00 00 00 01 01 00 00 c0 00 00 2a
19:33:41.756       	00 00 49 5f 09 00 00 00 65 00 00 00 65 00 00 00 ff ff 00 00 01 01 01 00 c0
19:33:41.758       	00 00 fa 11 32 00 00 00 65 00 00 00 65 00 00 00 ff ff 00 00 01 01 01 00 62 28 82 02 78 21 83 02 3f 00 a5 06 80 01 71 87 01 01 8a 01 05 ab 0b 80 01 87 a4 06 83 01 0a 95 01 08 c6 06 90 01 00 83 01 01
19:33:41.758       	00 00 49 5f 0a 00 00 00 65 00 00 00 65 00 00 00 ff ff 00 00 01 01 01 00 90 00
19:33:41.759       	00 00 49 5f 0d 00 00 00 65 00 00 00 65 00 00 00 ff ff 00 00 00 01 01 00 00 b0 82 00 0a
19:33:41.762       	00 00 49 5f 0a 00 00 00 65 00 00 00 65 00 00 00 ff ff 00 00 01 01 01 00 6a 82
19:33:41.762       	00 00 49 5f 0d 00 00 00 65 00 00 00 65 00 00 00 ff ff 00 00 00 01 01 00 00 b0 82 00 0a
19:33:41.765       	00 00 49 5f 0a 00 00 00 65 00 00 00 65 00 00 00 ff ff 00 00 01 01 01 00 6a 82
19:33:41.766       	00 00 49 5f 0d 00 00 00 65 00 00 00 65 00 00 00 ff ff 00 00 00 01 01 00 00 a4 08 04 02
19:33:41.766       	00 00 49 5f 09 00 00 00 65 00 00 00 65 00 00 00 ff ff 00 00 01 01 01 00 a4
19:33:41.767       	00 00 49 5f 0a 00 00 00 65 00 00 00 65 00 00 00 ff ff 00 00 00 01 01 00 2f 05
19:33:41.770       	00 00 49 5f 0a 00 00 00 65 00 00 00 65 00 00 00 ff ff 00 00 01 01 01 00 6a 82
19:33:41.770       	00 00 49 5f 0d 00 00 00 65 00 00 00 65 00 00 00 ff ff 00 00 00 01 01 00 00 a4 00 04 02
19:33:41.771       	00 00 49 5f 09 00 00 00 65 00 00 00 65 00 00 00 ff ff 00 00 01 01 01 00 a4
19:33:41.771       	00 00 49 5f 0a 00 00 00 65 00 00 00 65 00 00 00 ff ff 00 00 00 01 01 00 3f 00
19:33:41.774       	00 00 49 5f 0a 00 00 00 65 00 00 00 65 00 00 00 ff ff 00 00 01 01 01 00 61 2a
19:33:41.774       	00 00 49 5f 0d 00 00 00 65 00 00 00 65 00 00 00 ff ff 00 00 00 01 01 00 00 c0 00 00 2a
19:33:41.775       	00 00 49 5f 09 00 00 00 65 00 00 00 65 00 00 00 ff ff 00 00 01 01 01 00 c0
19:33:41.777       	00 00 fa 11 32 00 00 00 65 00 00 00 65 00 00 00 ff ff 00 00 01 01 01 00 62 28 82 02 78 21 83 02 3f 00 a5 06 80 01 71 87 01 01 8a 01 05 ab 0b 80 01 87 a4 06 83 01 0a 95 01 08 c6 06 90 01 00 83 01 01
19:33:41.777       	00 00 49 5f 0a 00 00 00 65 00 00 00 65 00 00 00 ff ff 00 00 01 01 01 00 90 00
19:33:41.778       	00 00 49 5f 0d 00 00 00 65 00 00 00 65 00 00 00 ff ff 00 00 00 01 01 00 00 a4 00 04 02
19:33:41.778       	00 00 49 5f 09 00 00 00 65 00 00 00 65 00 00 00 ff ff 00 00 01 01 01 00 a4
19:33:41.779       	00 00 49 5f 0a 00 00 00 65 00 00 00 65 00 00 00 ff ff 00 00 00 01 01 00 2f 05
19:33:41.781       	00 00 49 5f 0a 00 00 00 65 00 00 00 65 00 00 00 ff ff 00 00 01 01 01 00 6a 82
19:33:41.782       	00 00 49 5f 0d 00 00 00 65 00 00 00 65 00 00 00 ff ff 00 00 00 01 01 00 80 10 00 00 1e
19:33:41.782       	00 00 49 5f 09 00 00 00 65 00 00 00 65 00 00 00 ff ff 00 00 01 01 01 00 10
19:33:41.783       	00 00 49 5f 26 00 00 00 65 00 00 00 65 00 00 00 ff ff 00 00 00 01 01 00 ff ff ff ff 5f dd 00 df ff 03 02 1f e2 00 00 00 c3 c9 00 00 00 00 40 00 50 00 00 00 00 08
19:33:41.806       	00 00 49 5f 0a 00 00 00 65 00 00 00 65 00 00 00 ff ff 00 00 01 01 01 00 91 0f
19:33:41.807       	00 00 49 5f 0d 00 00 00 65 00 00 00 65 00 00 00 ff ff 00 00 00 01 01 00 00 a4 08 04 02
19:33:41.807       	00 00 49 5f 09 00 00 00 65 00 00 00 65 00 00 00 ff ff 00 00 01 01 01 00 a4
19:33:41.808       	00 00 49 5f 0a 00 00 00 65 00 00 00 65 00 00 00 ff ff 00 00 00 01 01 00 2f 00
19:33:41.808       	00 00 49 5f 0a 00 00 00 65 00 00 00 65 00 00 00 ff ff 00 00 01 01 01 00 6a 82
19:33:41.809       	00 00 49 5f 0d 00 00 00 65 00 00 00 65 00 00 00 ff ff 00 00 00 01 01 00 00 a4 00 04 02
19:33:41.810       	00 00 49 5f 09 00 00 00 65 00 00 00 65 00 00 00 ff ff 00 00 01 01 01 00 a4
19:33:41.810       	00 00 49 5f 0a 00 00 00 65 00 00 00 65 00 00 00 ff ff 00 00 00 01 01 00 3f 00
19:33:41.811       	00 00 49 5f 0a 00 00 00 65 00 00 00 65 00 00 00 ff ff 00 00 01 01 01 00 61 2a
19:33:41.811       	00 00 49 5f 0d 00 00 00 65 00 00 00 65 00 00 00 ff ff 00 00 00 01 01 00 00 c0 00 00 2a
19:33:41.812       	00 00 49 5f 09 00 00 00 65 00 00 00 65 00 00 00 ff ff 00 00 01 01 01 00 c0
19:33:41.814       	00 00 fa 11 32 00 00 00 65 00 00 00 65 00 00 00 ff ff 00 00 01 01 01 00 62 28 82 02 78 21 83 02 3f 00 a5 06 80 01 71 87 01 01 8a 01 05 ab 0b 80 01 87 a4 06 83 01 0a 95 01 08 c6 06 90 01 00 83 01 01
19:33:41.814       	00 00 49 5f 0a 00 00 00 65 00 00 00 65 00 00 00 ff ff 00 00 01 01 01 00 91 0f
19:33:41.814       	00 00 49 5f 0d 00 00 00 65 00 00 00 65 00 00 00 ff ff 00 00 00 01 01 00 00 a4 00 04 02
19:33:41.815       	00 00 49 5f 09 00 00 00 65 00 00 00 65 00 00 00 ff ff 00 00 01 01 01 00 a4
19:33:41.815       	00 00 49 5f 0a 00 00 00 65 00 00 00 65 00 00 00 ff ff 00 00 00 01 01 00 2f 00
19:33:41.816       	00 00 49 5f 0a 00 00 00 65 00 00 00 65 00 00 00 ff ff 00 00 01 01 01 00 6a 82
19:33:41.817       	00 00 49 5f 0d 00 00 00 65 00 00 00 65 00 00 00 ff ff 00 00 00 01 01 00 80 12 00 00 0f
19:33:41.818       	00 00 49 5f 09 00 00 00 65 00 00 00 65 00 00 00 ff ff 00 00 01 01 01 00 12
19:33:41.818       	00 00 49 5f 17 00 00 00 65 00 00 00 65 00 00 00 ff ff 00 00 01 01 01 00 d0 0d 81 03 01 03 00 82 02 81 82 84 02 01 1e
19:33:41.818       	00 00 49 5f 0a 00 00 00 65 00 00 00 65 00 00 00 ff ff 00 00 01 01 01 00 90 00
19:33:41.820       	00 00 49 5f 0d 00 00 00 65 00 00 00 65 00 00 00 ff ff 00 00 00 01 01 00 80 14 00 00 10
19:33:41.821       	00 00 49 5f 09 00 00 00 65 00 00 00 65 00 00 00 ff ff 00 00 01 01 01 00 14
19:33:41.822       	00 00 49 5f 18 00 00 00 65 00 00 00 65 00 00 00 ff ff 00 00 00 01 01 00 81 03 01 03 00 02 02 82 81 83 01 00 84 02 01 1e
19:33:41.833       	00 00 49 5f 0a 00 00 00 65 00 00 00 65 00 00 00 ff ff 00 00 01 01 01 00 90 00
19:33:41.833       	00 00 49 5f 0d 00 00 00 65 00 00 00 65 00 00 00 ff ff 00 00 00 01 01 00 80 7c 00 00 00
19:33:41.834       	00 00 49 5f 0a 00 00 00 65 00 00 00 65 00 00 00 ff ff 00 00 01 01 01 00 90 00
19:33:41.835       	00 00 49 5f 0d 00 00 00 65 00 00 00 65 00 00 00 ff ff 00 00 00 01 00 00 00 70 00 00 01
19:33:41.836       	00 00 49 5f 09 00 00 00 65 00 00 00 65 00 00 00 ff ff 00 00 01 01 00 00 70
19:33:41.836       	00 00 49 5f 09 00 00 00 65 00 00 00 65 00 00 00 ff ff 00 00 01 01 00 00 01
19:33:41.836       	00 00 49 5f 0a 00 00 00 65 00 00 00 65 00 00 00 ff ff 00 00 01 01 00 00 90 00
19:33:41.836       	00 00 49 5f 0d 00 00 00 65 00 00 00 65 00 00 00 ff ff 00 00 00 01 00 00 01 a4 04 00 10
19:33:41.837       	00 00 49 5f 09 00 00 00 65 00 00 00 65 00 00 00 ff ff 00 00 01 01 00 00 a4
19:33:41.838       	00 00 49 5f 18 00 00 00 65 00 00 00 65 00 00 00 ff ff 00 00 00 01 00 00 a0 00 00 05 59 10 10 ff ff ff ff 89 00 00 01 00
19:33:41.840       	00 00 49 5f 0a 00 00 00 65 00 00 00 65 00 00 00 ff ff 00 00 01 01 00 00 61 25
19:33:41.841       	00 00 49 5f 0d 00 00 00 65 00 00 00 65 00 00 00 ff ff 00 00 00 01 00 00 01 c0 00 00 25
19:33:41.841       	00 00 49 5f 09 00 00 00 65 00 00 00 65 00 00 00 ff ff 00 00 01 01 00 00 c0
19:33:41.843       	00 00 00 00 2d 00 00 00 65 00 00 00 65 00 00 00 ff ff 00 00 01 01 00 00 6f 23 84 10 a0 00 00 05 59 10 10 ff ff ff ff 89 00 00 01 00 a5 04 9f 65 01 ff e0 09 82 03 02 03 00 03 02 05 20
19:33:41.843       	00 00 49 5f 0a 00 00 00 65 00 00 00 65 00 00 00 ff ff 00 00 01 01 00 00 90 00
19:33:42.859       	00 00 49 5f 0d 00 00 00 65 00 00 00 65 00 00 00 ff ff 00 00 00 01 00 00 81 e2 91 00 17
19:33:42.860       	00 00 49 5f 09 00 00 00 65 00 00 00 65 00 00 00 ff ff 00 00 01 01 00 00 e2
19:33:42.860       	00 00 49 5f 1f 00 00 00 65 00 00 00 65 00 00 00 ff ff 00 00 00 01 00 00 bf 31 14 a0 0c 5a 0a 98 58 22 54 82 00 02 66 42 76 81 01 00 82 01 01
19:33:42.862       	00 00 49 5f 0a 00 00 00 65 00 00 00 65 00 00 00 ff ff 00 00 01 01 00 00 61 06
19:33:42.863       	00 00 49 5f 0d 00 00 00 65 00 00 00 65 00 00 00 ff ff 00 00 00 01 00 00 01 c0 00 00 06
19:33:42.863       	00 00 49 5f 09 00 00 00 65 00 00 00 65 00 00 00 ff ff 00 00 01 01 00 00 c0
19:33:42.864       	00 00 49 5f 0e 00 00 00 65 00 00 00 65 00 00 00 ff ff 00 00 01 01 00 00 bf 31 03 80 01 05
19:33:42.864       	00 00 49 5f 0a 00 00 00 65 00 00 00 65 00 00 00 ff ff 00 00 01 01 00 00 90 00
19:33:42.872       	00 00 49 5f 0d 00 00 00 65 00 00 00 65 00 00 00 ff ff 00 00 00 01 00 00 00 70 80 01 00
19:33:42.872       	00 00 49 5f 0a 00 00 00 65 00 00 00 65 00 00 00 ff ff 00 00 01 01 00 00 90 00
19:33:43.895       	00 00 49 5f 0d 00 00 00 65 00 00 00 65 00 00 00 ff ff 00 00 00 01 00 00 80 7c 00 01 00
19:33:43.896       	00 00 49 5f 0a 00 00 00 65 00 00 00 65 00 00 00 ff ff 00 00 01 01 00 00 90 00
19:33:43.897       	00 00 49 5f 0d 00 00 00 65 00 00 00 65 00 00 00 ff ff 00 00 00 01 01 00 80 7c 01 01 00
19:34:00.724       	00 00 49 5f 0d 00 00 00 14 00 00 00 14 00 00 00 ff ff 00 00 00 01 01 00 80 7c 00 02 00
